:0200000460009A
:100000004643464200000156000000000101020084
:1000100000000000000000000000000000000000E0
:1000200000000000000000000000000000000000D0
:1000300000000000000000000000000000000000C0
:1000400000000000010406010000000000000000A4
:100050000000800000000000000000000000000020
:100060000000000000000000000000000000000090
:100070000000000000000000000000000000000080
:10008000EB04180AFF1E04320126000000000000E5
:100090000000000000000000000000000000000060
:1000A0000000000000000000000000000000000050
:1000B0000000000000000000000000000000000040
:1000C0000000000000000000000000000000000030
:1000D0000000000000000000000000000000000020
:1000E0000000000000000000000000000000000010
:1000F0000000000000000000000000000000000000
:1001000000000000000000000000000000000000EF
:1001100000000000000000000000000000000000DF
:1001200000000000000000000000000000000000CF
:1001300000000000000000000000000000000000BF
:1001400000000000000000000000000000000000AF
:10015000000000000000000000000000000000009F
:10016000000000000000000000000000000000008F
:10017000000000000000000000000000000000007F
:10018000000000000000000000000000000000006F
:10019000000000000000000000000000000000005F
:1001A000000000000000000000000000000000004F
:1001B000000000000000000000000000000000003F
:1001C000000100000010000001000000000000001D
:1001D000000001000000000000000000000000001E
:1001E000000000000000000000000000000000000F
:1001F00000000000000000000000000000000000FF
:10020000FFFFFFFFFFFFFFFFFFFFFFFFFFFFFFFFFE
:10021000FFFFFFFFFFFFFFFFFFFFFFFFFFFFFFFFEE
:10022000FFFFFFFFFFFFFFFFFFFFFFFFFFFFFFFFDE
:10023000FFFFFFFFFFFFFFFFFFFFFFFFFFFFFFFFCE
:10024000FFFFFFFFFFFFFFFFFFFFFFFFFFFFFFFFBE
:10025000FFFFFFFFFFFFFFFFFFFFFFFFFFFFFFFFAE
:10026000FFFFFFFFFFFFFFFFFFFFFFFFFFFFFFFF9E
:10027000FFFFFFFFFFFFFFFFFFFFFFFFFFFFFFFF8E
:10028000FFFFFFFFFFFFFFFFFFFFFFFFFFFFFFFF7E
:10029000FFFFFFFFFFFFFFFFFFFFFFFFFFFFFFFF6E
:1002A000FFFFFFFFFFFFFFFFFFFFFFFFFFFFFFFF5E
:1002B000FFFFFFFFFFFFFFFFFFFFFFFFFFFFFFFF4E
:1002C000FFFFFFFFFFFFFFFFFFFFFFFFFFFFFFFF3E
:1002D000FFFFFFFFFFFFFFFFFFFFFFFFFFFFFFFF2E
:1002E000FFFFFFFFFFFFFFFFFFFFFFFFFFFFFFFF1E
:1002F000FFFFFFFFFFFFFFFFFFFFFFFFFFFFFFFF0E
:10030000FFFFFFFFFFFFFFFFFFFFFFFFFFFFFFFFFD
:10031000FFFFFFFFFFFFFFFFFFFFFFFFFFFFFFFFED
:10032000FFFFFFFFFFFFFFFFFFFFFFFFFFFFFFFFDD
:10033000FFFFFFFFFFFFFFFFFFFFFFFFFFFFFFFFCD
:10034000FFFFFFFFFFFFFFFFFFFFFFFFFFFFFFFFBD
:10035000FFFFFFFFFFFFFFFFFFFFFFFFFFFFFFFFAD
:10036000FFFFFFFFFFFFFFFFFFFFFFFFFFFFFFFF9D
:10037000FFFFFFFFFFFFFFFFFFFFFFFFFFFFFFFF8D
:10038000FFFFFFFFFFFFFFFFFFFFFFFFFFFFFFFF7D
:10039000FFFFFFFFFFFFFFFFFFFFFFFFFFFFFFFF6D
:1003A000FFFFFFFFFFFFFFFFFFFFFFFFFFFFFFFF5D
:1003B000FFFFFFFFFFFFFFFFFFFFFFFFFFFFFFFF4D
:1003C000FFFFFFFFFFFFFFFFFFFFFFFFFFFFFFFF3D
:1003D000FFFFFFFFFFFFFFFFFFFFFFFFFFFFFFFF2D
:1003E000FFFFFFFFFFFFFFFFFFFFFFFFFFFFFFFF1D
:1003F000FFFFFFFFFFFFFFFFFFFFFFFFFFFFFFFF0D
:10040000FFFFFFFFFFFFFFFFFFFFFFFFFFFFFFFFFC
:10041000FFFFFFFFFFFFFFFFFFFFFFFFFFFFFFFFEC
:10042000FFFFFFFFFFFFFFFFFFFFFFFFFFFFFFFFDC
:10043000FFFFFFFFFFFFFFFFFFFFFFFFFFFFFFFFCC
:10044000FFFFFFFFFFFFFFFFFFFFFFFFFFFFFFFFBC
:10045000FFFFFFFFFFFFFFFFFFFFFFFFFFFFFFFFAC
:10046000FFFFFFFFFFFFFFFFFFFFFFFFFFFFFFFF9C
:10047000FFFFFFFFFFFFFFFFFFFFFFFFFFFFFFFF8C
:10048000FFFFFFFFFFFFFFFFFFFFFFFFFFFFFFFF7C
:10049000FFFFFFFFFFFFFFFFFFFFFFFFFFFFFFFF6C
:1004A000FFFFFFFFFFFFFFFFFFFFFFFFFFFFFFFF5C
:1004B000FFFFFFFFFFFFFFFFFFFFFFFFFFFFFFFF4C
:1004C000FFFFFFFFFFFFFFFFFFFFFFFFFFFFFFFF3C
:1004D000FFFFFFFFFFFFFFFFFFFFFFFFFFFFFFFF2C
:1004E000FFFFFFFFFFFFFFFFFFFFFFFFFFFFFFFF1C
:1004F000FFFFFFFFFFFFFFFFFFFFFFFFFFFFFFFF0C
:10050000FFFFFFFFFFFFFFFFFFFFFFFFFFFFFFFFFB
:10051000FFFFFFFFFFFFFFFFFFFFFFFFFFFFFFFFEB
:10052000FFFFFFFFFFFFFFFFFFFFFFFFFFFFFFFFDB
:10053000FFFFFFFFFFFFFFFFFFFFFFFFFFFFFFFFCB
:10054000FFFFFFFFFFFFFFFFFFFFFFFFFFFFFFFFBB
:10055000FFFFFFFFFFFFFFFFFFFFFFFFFFFFFFFFAB
:10056000FFFFFFFFFFFFFFFFFFFFFFFFFFFFFFFF9B
:10057000FFFFFFFFFFFFFFFFFFFFFFFFFFFFFFFF8B
:10058000FFFFFFFFFFFFFFFFFFFFFFFFFFFFFFFF7B
:10059000FFFFFFFFFFFFFFFFFFFFFFFFFFFFFFFF6B
:1005A000FFFFFFFFFFFFFFFFFFFFFFFFFFFFFFFF5B
:1005B000FFFFFFFFFFFFFFFFFFFFFFFFFFFFFFFF4B
:1005C000FFFFFFFFFFFFFFFFFFFFFFFFFFFFFFFF3B
:1005D000FFFFFFFFFFFFFFFFFFFFFFFFFFFFFFFF2B
:1005E000FFFFFFFFFFFFFFFFFFFFFFFFFFFFFFFF1B
:1005F000FFFFFFFFFFFFFFFFFFFFFFFFFFFFFFFF0B
:10060000FFFFFFFFFFFFFFFFFFFFFFFFFFFFFFFFFA
:10061000FFFFFFFFFFFFFFFFFFFFFFFFFFFFFFFFEA
:10062000FFFFFFFFFFFFFFFFFFFFFFFFFFFFFFFFDA
:10063000FFFFFFFFFFFFFFFFFFFFFFFFFFFFFFFFCA
:10064000FFFFFFFFFFFFFFFFFFFFFFFFFFFFFFFFBA
:10065000FFFFFFFFFFFFFFFFFFFFFFFFFFFFFFFFAA
:10066000FFFFFFFFFFFFFFFFFFFFFFFFFFFFFFFF9A
:10067000FFFFFFFFFFFFFFFFFFFFFFFFFFFFFFFF8A
:10068000FFFFFFFFFFFFFFFFFFFFFFFFFFFFFFFF7A
:10069000FFFFFFFFFFFFFFFFFFFFFFFFFFFFFFFF6A
:1006A000FFFFFFFFFFFFFFFFFFFFFFFFFFFFFFFF5A
:1006B000FFFFFFFFFFFFFFFFFFFFFFFFFFFFFFFF4A
:1006C000FFFFFFFFFFFFFFFFFFFFFFFFFFFFFFFF3A
:1006D000FFFFFFFFFFFFFFFFFFFFFFFFFFFFFFFF2A
:1006E000FFFFFFFFFFFFFFFFFFFFFFFFFFFFFFFF1A
:1006F000FFFFFFFFFFFFFFFFFFFFFFFFFFFFFFFF0A
:10070000FFFFFFFFFFFFFFFFFFFFFFFFFFFFFFFFF9
:10071000FFFFFFFFFFFFFFFFFFFFFFFFFFFFFFFFE9
:10072000FFFFFFFFFFFFFFFFFFFFFFFFFFFFFFFFD9
:10073000FFFFFFFFFFFFFFFFFFFFFFFFFFFFFFFFC9
:10074000FFFFFFFFFFFFFFFFFFFFFFFFFFFFFFFFB9
:10075000FFFFFFFFFFFFFFFFFFFFFFFFFFFFFFFFA9
:10076000FFFFFFFFFFFFFFFFFFFFFFFFFFFFFFFF99
:10077000FFFFFFFFFFFFFFFFFFFFFFFFFFFFFFFF89
:10078000FFFFFFFFFFFFFFFFFFFFFFFFFFFFFFFF79
:10079000FFFFFFFFFFFFFFFFFFFFFFFFFFFFFFFF69
:1007A000FFFFFFFFFFFFFFFFFFFFFFFFFFFFFFFF59
:1007B000FFFFFFFFFFFFFFFFFFFFFFFFFFFFFFFF49
:1007C000FFFFFFFFFFFFFFFFFFFFFFFFFFFFFFFF39
:1007D000FFFFFFFFFFFFFFFFFFFFFFFFFFFFFFFF29
:1007E000FFFFFFFFFFFFFFFFFFFFFFFFFFFFFFFF19
:1007F000FFFFFFFFFFFFFFFFFFFFFFFFFFFFFFFF09
:10080000FFFFFFFFFFFFFFFFFFFFFFFFFFFFFFFFF8
:10081000FFFFFFFFFFFFFFFFFFFFFFFFFFFFFFFFE8
:10082000FFFFFFFFFFFFFFFFFFFFFFFFFFFFFFFFD8
:10083000FFFFFFFFFFFFFFFFFFFFFFFFFFFFFFFFC8
:10084000FFFFFFFFFFFFFFFFFFFFFFFFFFFFFFFFB8
:10085000FFFFFFFFFFFFFFFFFFFFFFFFFFFFFFFFA8
:10086000FFFFFFFFFFFFFFFFFFFFFFFFFFFFFFFF98
:10087000FFFFFFFFFFFFFFFFFFFFFFFFFFFFFFFF88
:10088000FFFFFFFFFFFFFFFFFFFFFFFFFFFFFFFF78
:10089000FFFFFFFFFFFFFFFFFFFFFFFFFFFFFFFF68
:1008A000FFFFFFFFFFFFFFFFFFFFFFFFFFFFFFFF58
:1008B000FFFFFFFFFFFFFFFFFFFFFFFFFFFFFFFF48
:1008C000FFFFFFFFFFFFFFFFFFFFFFFFFFFFFFFF38
:1008D000FFFFFFFFFFFFFFFFFFFFFFFFFFFFFFFF28
:1008E000FFFFFFFFFFFFFFFFFFFFFFFFFFFFFFFF18
:1008F000FFFFFFFFFFFFFFFFFFFFFFFFFFFFFFFF08
:10090000FFFFFFFFFFFFFFFFFFFFFFFFFFFFFFFFF7
:10091000FFFFFFFFFFFFFFFFFFFFFFFFFFFFFFFFE7
:10092000FFFFFFFFFFFFFFFFFFFFFFFFFFFFFFFFD7
:10093000FFFFFFFFFFFFFFFFFFFFFFFFFFFFFFFFC7
:10094000FFFFFFFFFFFFFFFFFFFFFFFFFFFFFFFFB7
:10095000FFFFFFFFFFFFFFFFFFFFFFFFFFFFFFFFA7
:10096000FFFFFFFFFFFFFFFFFFFFFFFFFFFFFFFF97
:10097000FFFFFFFFFFFFFFFFFFFFFFFFFFFFFFFF87
:10098000FFFFFFFFFFFFFFFFFFFFFFFFFFFFFFFF77
:10099000FFFFFFFFFFFFFFFFFFFFFFFFFFFFFFFF67
:1009A000FFFFFFFFFFFFFFFFFFFFFFFFFFFFFFFF57
:1009B000FFFFFFFFFFFFFFFFFFFFFFFFFFFFFFFF47
:1009C000FFFFFFFFFFFFFFFFFFFFFFFFFFFFFFFF37
:1009D000FFFFFFFFFFFFFFFFFFFFFFFFFFFFFFFF27
:1009E000FFFFFFFFFFFFFFFFFFFFFFFFFFFFFFFF17
:1009F000FFFFFFFFFFFFFFFFFFFFFFFFFFFFFFFF07
:100A0000FFFFFFFFFFFFFFFFFFFFFFFFFFFFFFFFF6
:100A1000FFFFFFFFFFFFFFFFFFFFFFFFFFFFFFFFE6
:100A2000FFFFFFFFFFFFFFFFFFFFFFFFFFFFFFFFD6
:100A3000FFFFFFFFFFFFFFFFFFFFFFFFFFFFFFFFC6
:100A4000FFFFFFFFFFFFFFFFFFFFFFFFFFFFFFFFB6
:100A5000FFFFFFFFFFFFFFFFFFFFFFFFFFFFFFFFA6
:100A6000FFFFFFFFFFFFFFFFFFFFFFFFFFFFFFFF96
:100A7000FFFFFFFFFFFFFFFFFFFFFFFFFFFFFFFF86
:100A8000FFFFFFFFFFFFFFFFFFFFFFFFFFFFFFFF76
:100A9000FFFFFFFFFFFFFFFFFFFFFFFFFFFFFFFF66
:100AA000FFFFFFFFFFFFFFFFFFFFFFFFFFFFFFFF56
:100AB000FFFFFFFFFFFFFFFFFFFFFFFFFFFFFFFF46
:100AC000FFFFFFFFFFFFFFFFFFFFFFFFFFFFFFFF36
:100AD000FFFFFFFFFFFFFFFFFFFFFFFFFFFFFFFF26
:100AE000FFFFFFFFFFFFFFFFFFFFFFFFFFFFFFFF16
:100AF000FFFFFFFFFFFFFFFFFFFFFFFFFFFFFFFF06
:100B0000FFFFFFFFFFFFFFFFFFFFFFFFFFFFFFFFF5
:100B1000FFFFFFFFFFFFFFFFFFFFFFFFFFFFFFFFE5
:100B2000FFFFFFFFFFFFFFFFFFFFFFFFFFFFFFFFD5
:100B3000FFFFFFFFFFFFFFFFFFFFFFFFFFFFFFFFC5
:100B4000FFFFFFFFFFFFFFFFFFFFFFFFFFFFFFFFB5
:100B5000FFFFFFFFFFFFFFFFFFFFFFFFFFFFFFFFA5
:100B6000FFFFFFFFFFFFFFFFFFFFFFFFFFFFFFFF95
:100B7000FFFFFFFFFFFFFFFFFFFFFFFFFFFFFFFF85
:100B8000FFFFFFFFFFFFFFFFFFFFFFFFFFFFFFFF75
:100B9000FFFFFFFFFFFFFFFFFFFFFFFFFFFFFFFF65
:100BA000FFFFFFFFFFFFFFFFFFFFFFFFFFFFFFFF55
:100BB000FFFFFFFFFFFFFFFFFFFFFFFFFFFFFFFF45
:100BC000FFFFFFFFFFFFFFFFFFFFFFFFFFFFFFFF35
:100BD000FFFFFFFFFFFFFFFFFFFFFFFFFFFFFFFF25
:100BE000FFFFFFFFFFFFFFFFFFFFFFFFFFFFFFFF15
:100BF000FFFFFFFFFFFFFFFFFFFFFFFFFFFFFFFF05
:100C0000FFFFFFFFFFFFFFFFFFFFFFFFFFFFFFFFF4
:100C1000FFFFFFFFFFFFFFFFFFFFFFFFFFFFFFFFE4
:100C2000FFFFFFFFFFFFFFFFFFFFFFFFFFFFFFFFD4
:100C3000FFFFFFFFFFFFFFFFFFFFFFFFFFFFFFFFC4
:100C4000FFFFFFFFFFFFFFFFFFFFFFFFFFFFFFFFB4
:100C5000FFFFFFFFFFFFFFFFFFFFFFFFFFFFFFFFA4
:100C6000FFFFFFFFFFFFFFFFFFFFFFFFFFFFFFFF94
:100C7000FFFFFFFFFFFFFFFFFFFFFFFFFFFFFFFF84
:100C8000FFFFFFFFFFFFFFFFFFFFFFFFFFFFFFFF74
:100C9000FFFFFFFFFFFFFFFFFFFFFFFFFFFFFFFF64
:100CA000FFFFFFFFFFFFFFFFFFFFFFFFFFFFFFFF54
:100CB000FFFFFFFFFFFFFFFFFFFFFFFFFFFFFFFF44
:100CC000FFFFFFFFFFFFFFFFFFFFFFFFFFFFFFFF34
:100CD000FFFFFFFFFFFFFFFFFFFFFFFFFFFFFFFF24
:100CE000FFFFFFFFFFFFFFFFFFFFFFFFFFFFFFFF14
:100CF000FFFFFFFFFFFFFFFFFFFFFFFFFFFFFFFF04
:100D0000FFFFFFFFFFFFFFFFFFFFFFFFFFFFFFFFF3
:100D1000FFFFFFFFFFFFFFFFFFFFFFFFFFFFFFFFE3
:100D2000FFFFFFFFFFFFFFFFFFFFFFFFFFFFFFFFD3
:100D3000FFFFFFFFFFFFFFFFFFFFFFFFFFFFFFFFC3
:100D4000FFFFFFFFFFFFFFFFFFFFFFFFFFFFFFFFB3
:100D5000FFFFFFFFFFFFFFFFFFFFFFFFFFFFFFFFA3
:100D6000FFFFFFFFFFFFFFFFFFFFFFFFFFFFFFFF93
:100D7000FFFFFFFFFFFFFFFFFFFFFFFFFFFFFFFF83
:100D8000FFFFFFFFFFFFFFFFFFFFFFFFFFFFFFFF73
:100D9000FFFFFFFFFFFFFFFFFFFFFFFFFFFFFFFF63
:100DA000FFFFFFFFFFFFFFFFFFFFFFFFFFFFFFFF53
:100DB000FFFFFFFFFFFFFFFFFFFFFFFFFFFFFFFF43
:100DC000FFFFFFFFFFFFFFFFFFFFFFFFFFFFFFFF33
:100DD000FFFFFFFFFFFFFFFFFFFFFFFFFFFFFFFF23
:100DE000FFFFFFFFFFFFFFFFFFFFFFFFFFFFFFFF13
:100DF000FFFFFFFFFFFFFFFFFFFFFFFFFFFFFFFF03
:100E0000FFFFFFFFFFFFFFFFFFFFFFFFFFFFFFFFF2
:100E1000FFFFFFFFFFFFFFFFFFFFFFFFFFFFFFFFE2
:100E2000FFFFFFFFFFFFFFFFFFFFFFFFFFFFFFFFD2
:100E3000FFFFFFFFFFFFFFFFFFFFFFFFFFFFFFFFC2
:100E4000FFFFFFFFFFFFFFFFFFFFFFFFFFFFFFFFB2
:100E5000FFFFFFFFFFFFFFFFFFFFFFFFFFFFFFFFA2
:100E6000FFFFFFFFFFFFFFFFFFFFFFFFFFFFFFFF92
:100E7000FFFFFFFFFFFFFFFFFFFFFFFFFFFFFFFF82
:100E8000FFFFFFFFFFFFFFFFFFFFFFFFFFFFFFFF72
:100E9000FFFFFFFFFFFFFFFFFFFFFFFFFFFFFFFF62
:100EA000FFFFFFFFFFFFFFFFFFFFFFFFFFFFFFFF52
:100EB000FFFFFFFFFFFFFFFFFFFFFFFFFFFFFFFF42
:100EC000FFFFFFFFFFFFFFFFFFFFFFFFFFFFFFFF32
:100ED000FFFFFFFFFFFFFFFFFFFFFFFFFFFFFFFF22
:100EE000FFFFFFFFFFFFFFFFFFFFFFFFFFFFFFFF12
:100EF000FFFFFFFFFFFFFFFFFFFFFFFFFFFFFFFF02
:100F0000FFFFFFFFFFFFFFFFFFFFFFFFFFFFFFFFF1
:100F1000FFFFFFFFFFFFFFFFFFFFFFFFFFFFFFFFE1
:100F2000FFFFFFFFFFFFFFFFFFFFFFFFFFFFFFFFD1
:100F3000FFFFFFFFFFFFFFFFFFFFFFFFFFFFFFFFC1
:100F4000FFFFFFFFFFFFFFFFFFFFFFFFFFFFFFFFB1
:100F5000FFFFFFFFFFFFFFFFFFFFFFFFFFFFFFFFA1
:100F6000FFFFFFFFFFFFFFFFFFFFFFFFFFFFFFFF91
:100F7000FFFFFFFFFFFFFFFFFFFFFFFFFFFFFFFF81
:100F8000FFFFFFFFFFFFFFFFFFFFFFFFFFFFFFFF71
:100F9000FFFFFFFFFFFFFFFFFFFFFFFFFFFFFFFF61
:100FA000FFFFFFFFFFFFFFFFFFFFFFFFFFFFFFFF51
:100FB000FFFFFFFFFFFFFFFFFFFFFFFFFFFFFFFF41
:100FC000FFFFFFFFFFFFFFFFFFFFFFFFFFFFFFFF31
:100FD000FFFFFFFFFFFFFFFFFFFFFFFFFFFFFFFF21
:100FE000FFFFFFFFFFFFFFFFFFFFFFFFFFFFFFFF11
:100FF000FFFFFFFFFFFFFFFFFFFFFFFFFFFFFFFF01
:10100000D1002043F1150060000000000000000046
:101010002010006000100060002801600000000047
:10102000000000600034010000000000FFFFFFFF2F
:10103000FFFFFFFFFFFFFFFFFFFFFFFFFFFFFFFFC0
:10104000FFFFFFFFFFFFFFFFFFFFFFFFFFFFFFFFB0
:10105000FFFFFFFFFFFFFFFFFFFFFFFFFFFFFFFFA0
:10106000FFFFFFFFFFFFFFFFFFFFFFFFFFFFFFFF90
:10107000FFFFFFFFFFFFFFFFFFFFFFFFFFFFFFFF80
:10108000FFFFFFFFFFFFFFFFFFFFFFFFFFFFFFFF70
:10109000FFFFFFFFFFFFFFFFFFFFFFFFFFFFFFFF60
:1010A000FFFFFFFFFFFFFFFFFFFFFFFFFFFFFFFF50
:1010B000FFFFFFFFFFFFFFFFFFFFFFFFFFFFFFFF40
:1010C000FFFFFFFFFFFFFFFFFFFFFFFFFFFFFFFF30
:1010D000FFFFFFFFFFFFFFFFFFFFFFFFFFFFFFFF20
:1010E000FFFFFFFFFFFFFFFFFFFFFFFFFFFFFFFF10
:1010F000FFFFFFFFFFFFFFFFFFFFFFFFFFFFFFFF00
:10110000FFFFFFFFFFFFFFFFFFFFFFFFFFFFFFFFEF
:10111000FFFFFFFFFFFFFFFFFFFFFFFFFFFFFFFFDF
:10112000FFFFFFFFFFFFFFFFFFFFFFFFFFFFFFFFCF
:10113000FFFFFFFFFFFFFFFFFFFFFFFFFFFFFFFFBF
:10114000FFFFFFFFFFFFFFFFFFFFFFFFFFFFFFFFAF
:10115000FFFFFFFFFFFFFFFFFFFFFFFFFFFFFFFF9F
:10116000FFFFFFFFFFFFFFFFFFFFFFFFFFFFFFFF8F
:10117000FFFFFFFFFFFFFFFFFFFFFFFFFFFFFFFF7F
:10118000FFFFFFFFFFFFFFFFFFFFFFFFFFFFFFFF6F
:10119000FFFFFFFFFFFFFFFFFFFFFFFFFFFFFFFF5F
:1011A000FFFFFFFFFFFFFFFFFFFFFFFFFFFFFFFF4F
:1011B000FFFFFFFFFFFFFFFFFFFFFFFFFFFFFFFF3F
:1011C000FFFFFFFFFFFFFFFFFFFFFFFFFFFFFFFF2F
:1011D000FFFFFFFFFFFFFFFFFFFFFFFFFFFFFFFF1F
:1011E000FFFFFFFFFFFFFFFFFFFFFFFFFFFFFFFF0F
:1011F000FFFFFFFFFFFFFFFFFFFFFFFFFFFFFFFFFF
:10120000FFFFFFFFFFFFFFFFFFFFFFFFFFFFFFFFEE
:10121000FFFFFFFFFFFFFFFFFFFFFFFFFFFFFFFFDE
:10122000FFFFFFFFFFFFFFFFFFFFFFFFFFFFFFFFCE
:10123000FFFFFFFFFFFFFFFFFFFFFFFFFFFFFFFFBE
:10124000FFFFFFFFFFFFFFFFFFFFFFFFFFFFFFFFAE
:10125000FFFFFFFFFFFFFFFFFFFFFFFFFFFFFFFF9E
:10126000FFFFFFFFFFFFFFFFFFFFFFFFFFFFFFFF8E
:10127000FFFFFFFFFFFFFFFFFFFFFFFFFFFFFFFF7E
:10128000FFFFFFFFFFFFFFFFFFFFFFFFFFFFFFFF6E
:10129000FFFFFFFFFFFFFFFFFFFFFFFFFFFFFFFF5E
:1012A000FFFFFFFFFFFFFFFFFFFFFFFFFFFFFFFF4E
:1012B000FFFFFFFFFFFFFFFFFFFFFFFFFFFFFFFF3E
:1012C000FFFFFFFFFFFFFFFFFFFFFFFFFFFFFFFF2E
:1012D000FFFFFFFFFFFFFFFFFFFFFFFFFFFFFFFF1E
:1012E000FFFFFFFFFFFFFFFFFFFFFFFFFFFFFFFF0E
:1012F000FFFFFFFFFFFFFFFFFFFFFFFFFFFFFFFFFE
:10130000FFFFFFFFFFFFFFFFFFFFFFFFFFFFFFFFED
:10131000FFFFFFFFFFFFFFFFFFFFFFFFFFFFFFFFDD
:10132000FFFFFFFFFFFFFFFFFFFFFFFFFFFFFFFFCD
:10133000FFFFFFFFFFFFFFFFFFFFFFFFFFFFFFFFBD
:10134000FFFFFFFFFFFFFFFFFFFFFFFFFFFFFFFFAD
:10135000FFFFFFFFFFFFFFFFFFFFFFFFFFFFFFFF9D
:10136000FFFFFFFFFFFFFFFFFFFFFFFFFFFFFFFF8D
:10137000FFFFFFFFFFFFFFFFFFFFFFFFFFFFFFFF7D
:10138000FFFFFFFFFFFFFFFFFFFFFFFFFFFFFFFF6D
:10139000FFFFFFFFFFFFFFFFFFFFFFFFFFFFFFFF5D
:1013A000FFFFFFFFFFFFFFFFFFFFFFFFFFFFFFFF4D
:1013B000FFFFFFFFFFFFFFFFFFFFFFFFFFFFFFFF3D
:1013C000FFFFFFFFFFFFFFFFFFFFFFFFFFFFFFFF2D
:1013D000FFFFFFFFFFFFFFFFFFFFFFFFFFFFFFFF1D
:1013E000FFFFFFFFFFFFFFFFFFFFFFFFFFFFFFFF0D
:1013F000FFFFFFFFFFFFFFFFFFFFFFFFFFFFFFFFFD
:10140000824205D051F8043B40F8043B8242F9D8AF
:10141000704700BF044A05494FF0000342F8043BFF
:101420009142FBD8704700BFC0220020E065002039
:1014300008B5BFF34F8F00F075F9544C544B08209A
:101440005449C3F85401544AC3F800115348C3F82F
:10145000F0405349FFF7D4FF524A53495348FFF72E
:10146000CFFF534CFFF7D6FF4FF470004FF0E02151
:101470000023504AC1F8880D44F823200133B02BD3
:10148000FAD14D4B80214D4A03F8011B9342FBD109
:101490004FF0E0254A4E4B4A4FF0FF31C5F8084D5A
:1014A000D5F8243D43F4E023C5F8243DF36923F047
:1014B0007F0343F04003F361736A23F07F0343F03B
:1014C000400373629166D1661167516700F032F98B
:1014D0003D4A3E4BA2636322E36300246A61032317
:1014E0003B4AAC612B61C5F8202DD5F8FC2D394B5A
:1014F00042F080723849C5F8FC2D1A6842F00102AA
:101500001A605B680B6000F0D9FA344800F04CFCBC
:10151000F16E334B334A41F44051F1661C60C3F81D
:101520000841C3F81841C3F82841C3F83841936B08
:10153000DB0708D442F615632B4951651365936B9D
:1015400043F001039363274A284C936843F0011347
:10155000936000F079F900F05FF800F031FC00F0E2
:10156000DDFA00F0E1F82368132BFCD900F06EFBE4
:101570002368B3F5967FFBD300F0DAF800F0D6F8D5
:1015800000F022FC00F018FC30BFFDE70C0D111339
:1015900000800D401B10182098E2000000000000A1
:1015A000F01E0060C02200208C01016000000020BD
:1015B00000200020B551000000E400E0A0E400E0BD
:1015C00000C00F4000C00A4085430000894300006E
:1015D00000002020001000E0886500200046C323A2
:1015E0000040084000400D400000C0568C650020BF
:1015F000054B4FF42A01054A05485A641864054A08
:1016000099639546FFF714FF00C00A40AFAAAAAA43
:101610000700200000000720104BA020104AD96EC0
:1016200041F4403110B4D96640F23764D96E41F4C8
:101630004071D96654649064936C1B06FCD4094ACB
:1016400040F23761A02351649364936C13F08003DC
:10165000FBD1054A13705DF8044B704700C00F4082
:1016600000400C4000800C40B16500202B4A002156
:10167000012310B4C2F8A000C2F8A410C2F8B03020
:101680005369DB07FCD501234FF4803423495361B0
:10169000C2F8A000C2F8A440C2F8B0304B69DC0721
:1016A000FCD501234FF400341C4A4B61C1F8A00063
:1016B000C1F8A440C1F8B0305369D907FCD5012363
:1016C000174C16495361C2F8A000C2F8A440C2F8F2
:1016D000B0304B69DB07FCD5D1F8003145F60D5031
:1016E00021249AB24C61824214D045F69D518A421F
:1016F0000CD1C3F34253032B0CD0A3F104035DF8C8
:10170000044BB3FA83F35B091801704700205DF8BE
:10171000044B704708205DF8044B704700402A4096
:1017200004000300704700BF704700BF704700BF50
:1017300000BF704710B44FF0E0230021102432485E
:10174000C3F8941DC3F89C4D1124C3F8A00D2F4875
:10175000C3F89C4D1224C3F8A00D2D48C3F89C4D2E
:101760002C4AC3F8A00D2C4C42F015022B48C3F8AC
:101770009C4DC3F8A00D2A4C2A48C3F89C4DC3F8D1
:10178000A00D294CC3F89C2D2848294AC3F8A04D28
:10179000C3F89C0DC3F8A02D02F5A022254C0C32F5
:1017A0002548C3F89C4DC3F8A02D244AC3F89C0DCE
:1017B000C3F8A02D02F14062214C02322148C3F847
:1017C0009C4DC3F8A02D0A32C3F89C0DC3F8A02D80
:1017D00000BF00BF00BF00BF00BF0122C3F8942DAF
:1017E000BFF34F8FBFF36F8FC3F8501FBFF34F8FFF
:1017F000BFF36F8FD3F8142D5DF8044B42F44032E1
:10180000C3F8142D704700BF3F00001025000807E3
:1018100009001000E06500201300200021000207ED
:1018200014000020250008130900001016002020D5
:1018300027000B1317000040180000602F000B0753
:10184000190000701A000080F0B5824B1822824DFA
:101850000120824F83B0C3F85C528149C3F86072A3
:10186000804CC3F86452A5F530457F4EC3F86852EA
:1018700048F20C75C3F86C42C3F87042C3F8744266
:10188000C3F878424FF0FF34DA661A675A679A67EE
:10189000DA67C3F88020C3F88420C3F88820C1F831
:1018A0002C03724AC1F83003C1F83403C1F838037D
:1018B000C1F83C03C1F85003B1696D4B0A406D4853
:1018C0006D4913436D4AB361D6F8843043F00C037D
:1018D000C6F88430036843F00203036003682B40BA
:1018E00021251A43664B026044608A68654C1340A8
:1018F000654A43F000538360C36823F07803C360F4
:10190000036A134023430362036A13405F4A23437D
:1019100040F2056443628262C2620022D1F8B830AC
:1019200023F03F0343F00103C0F8B830D1F8BC30D6
:10193000574923F03F0343F00103C0F8BC30026174
:101940000567C0F880404567C0F8844002240368FA
:1019500023F00203036081614E4B4F49C46143F899
:10196000042B8B42FBD1434D2B6843F001032B60CA
:101970002C6814F00104FBD14549022340F2F562C2
:101980002046A96140F29941EB6140F26643C5F8F7
:10199000002242F20142C5F81032404BC5F8201235
:1019A000C5F8303240F23543C5F834223C49C5F819
:1019B00040323C4BC5F850123B4AC5F8543242F213
:1019C0000123C5F86022C5F86432FFF74FFE0646D2
:1019D000002836D083024FF480222B660123C5F8FD
:1019E000A040244CC5F8A420C5F8B0306369DA07DC
:1019F000FCD50125370565613846FFF737FE3218FB
:101A00002A4BD2B21A7078B180024FF48023194960
:101A10006066C4F8A070C4F8A430C4F8B0504B6934
:101A2000DB07FCD501234B61214900242148012318
:101A30000094401A00EB02521F4800F0B1F903B0C5
:101A4000F0BD1D4B194A18601070D860C3E9010041
:101A500003B0F0BD00801F40F9B00100F910010093
:101A600000841F40F970010000C00F40FFFCFF1F01
:101A70000003008000402A4000802A401200FFFF3F
:101A8000FF37F7004000008000FFF07CFF000F836D
:101A9000F05AF05A00422A4000432A409F0418306E
:101AA000EB06180A063201263806180AB26500202D
:101AB0000000007000000070AC64002070B4164A92
:101AC0004FF480564FF400554FF440444FF48030AB
:101AD00043F24201136913F0020F0ED113F4005FB9
:101AE0000FD013F4805F0ED0002BF3DA13F4803F95
:101AF0000BD15B060DD570BC70479461506191614C
:101B0000E8E75561E6E75661E4E74FF48033936117
:101B1000E0E740235361DDE700800D403F4A0320AA
:101B20003F49F3EE095AD2F880304FF0000C9FED98
:101B30003D6A23F001039FED3C5A30B4C2F8803077
:101B4000C2F89000D1F8E010384DCBB2384C39488B
:101B50002B6007EE903A0B0DC1F30B21F8EEE77AFC
:101B600006EE903A07EE101A334BB8EEC77A2160B2
:101B7000F8EEE66A314937EEC66A37EEC55A76EEB8
:101B8000C76A77EEE57A26EE266AC3ED006A25EE8F
:101B9000265AD2F8803067EEA64AC0ED007AC6EE2B
:101BA000275A274885EE276AC4EEA76A75EE875A3A
:101BB000FCEEE55A36EE076A15EE904ABCEEC66AB0
:101BC00043EA045376EE877AC2F8803016EE103A74
:101BD000D2F89041FCEEE77A01EA0341214317EE87
:101BE000903AC2F89011C3F30B03D2F890110B4353
:101BF0001449C2F89031D2F8803043F00203C2F8A1
:101C00008030114B80F840C0C1F840314FF0E023E4
:101C1000012230BCC3F80821704700BF00810D408D
:101C200000441F400000AA420000B442F8640020B3
:101C3000F4640020FC640020006500200000FF0F19
:101C400000E400E00020002091530000314B40F6FA
:101C5000617210B5C3F8202140F2044400F0B8F8D6
:101C60002D4A2E49D2F880302D4843F00303C2F8A4
:101C700080302C4BC1F8604102681A4203D1D1F880
:101C8000A8319A071BD0254A4FF00041244B5963D5
:101C9000D2F8403143F00203C2F84031D2F840316B
:101CA0009B07FBD44FF400304FF0E0211C4B4FF06A
:101CB0000042C1F88C0219209A6300F079F8184BA1
:101CC00000214FF08042154C0A209A634FF4207295
:101CD0001960154BC4F8A801184600F05DF84FF4E0
:101CE000800203464FF4810040F243111860C4F8AB
:101CF00058311A640D4B0E4AC4F84811C3F8042237
:101D00004FF0E0224FF400310123C2F80C11C4F867
:101D1000403110BD00800D4000C00F4000002E403B
:101D200000900D40001C1E0000000020002000203C
:101D30007555000008B50E4B1B6E9B0700D4FBBE0B
:101D400072B60C4B00200C4AC3F8400103F160430B
:101D50000A49A3F55F2311649D46BFF34F8F4FF4EB
:101D600000130748074ADB6902609B68984700BF79
:101D700000441F4000002E4000C00A400300200025
:101D800000802020000012EBF8B500BFF8BC08BCB2
:101D90009E467047000000005FF800F09967000061
:101DA0005FF800F03D5100005FF800F02D450000A5
:101DB0005FF800F03D4800005FF800F0B14D000012
:101DC0005FF800F0D94F00005FF800F0B1B40000F8
:101DD0005FF800F0F15C000089000000491C000081
:081DE00051440000AD44000075
:101DE800160355005300420020005300650072009E
:101DF800690061006C00000018035400650065006C
:101E08006E00730079006400750069006E006F0051
:101E18000403090409026200030100C032080B0030
:101E28000202020100090400000102020100052467
:101E380000100105240101010424020605240600FE
:101E4800010705820310001009040100020A0000BE
:101E5800000705030240000007058402400000094E
:101E680004020002FF6AFF00070581024000010723
:101E7800050102400001000009026200030100C0E0
:101E880032080B00020202010009040000010202EC
:101E980001000524001001052401010104240206A3
:101EA8000524060001070582031000050904010046
:101EB800020A000000070503020002000705840269
:101EC8000002000904020002FF6AC7000705810238
:101ED8000002010705010200020100000A060002D3
:081EE800EF02014001000000BF
:101EF00000000000000000000000000000000000E2
:101F000000000000000000000000000000000000D1
:101F10000348044B834202D0034B03B11847704778
:101F2000C0220020C0220020000000000548064B0F
:101F30001B1AD90F01EBA301491002D0034B03B1C7
:101F400018477047C0220020C02200200000000077
:101F500010B5064C237843B9FFF7DAFF044B13B1F1
:101F60000448AFF300800123237010BD10530020FC
:101F7000000000000034016008B5044B1BB10449A7
:101F80000448AFF30080BDE80840CFE70000000040
:101F9000145300200034016000207047034B186880
:101FA00010B103681B681847704700BF38560020FF
:101FB000007970472DE9F04100F5005090B0554C84
:101FC0009646554B0094C0F8201E1B6A5348C3F335
:101FD00001230468403304F080746B4413F8406CB0
:101FE0004F4B03FB06F60368B6FBF1F2B6FBF2F5C6
:101FF00043F0A0434D1B03600368DF01FCD5052AB5
:102000004FF0000C22D96046831C0130B2FBF3F77D
:10201000192F07FB03F3F7D84FF00108B6FBF3F3D2
:10202000CB1A002BB8BF5B42AB426DDB18BF4FF041
:102030000008A7F10C03062B02D8B8F1000F66D1F7
:10204000052FE1D80CF10103B2FBF3F2053A142A93
:102050004DD8B5F5967F4ADC02EB4202314F6E4611
:10206000DFF8B88002F14003BEF1020F0DEB03056B
:102070000FCF0FC60FCF0FC60FCF0FC697E80F00B9
:1020800007C626F8023B4FEA1343337015F83F3C6E
:1020900015F83E2C4FEAC34315F8401C4FEA0242A4
:1020A00003F4601301F0070102F4E02243EA0203A3
:1020B00043EA010343F4800343EA0C6343F480439F
:1020C000C8F80430D8F8043014BF23F0080343F0F4
:1020D0000803C8F804303CB9104A136823F0805351
:1020E00013601368DB01FCD410B0BDE8F081002C54
:1020F000FAD10A4A136823F0805313601368D90198
:10210000FCD410B0BDE8F08184461D4691E78446BA
:102110007AE700BF3C18500000C00F4000001D408F
:1021200040420F00F8030020704700BF00207047B6
:10213000002070470820704772B1013A70B54C1EFC
:10214000C1F101068D18301904F0F8FB04F8010FF5
:10215000AC42F8D1012070BD0120704710B5044693
:10216000082104F03FFE204610BD00BF10490B6857
:10217000486B0A68496B02F07F02C1F303610132C8
:102180000431B2EB410F10D303F07F03C0F30360BF
:10219000053B0130A3EB4003DBB2054A106800F0B9
:1021A0007F000130C01AC0B270470023F5E700BFBE
:1021B00000001D40632970B50446154611D001F694
:1021C000043100EB81014B680BB11046984704F5D0
:1021D0000054D4F8143D1BB12846BDE870401847A0
:1021E00070BD00F50054D4F8143C002BF1D010461B
:1021F0009847EEE71F2810B422D80123174A8340DE
:102200001363174B4FF000640A7A0344C879120530
:102210001B011C60D8B1086842F4C00220F0604085
:102220005860C8685DF8044B00BA9860086900BA45
:10223000D860C97A42EA014242F040621A607047AF
:10224000A0F120040123054AA340D362D9E70C681A
:10225000044800EA84405860E3E700BF00001D40E6
:1022600008D001040000FC1F2DE9F04300F50057E1
:102270008DB0044697F8103C13B9012387F8103C41
:10228000238B9BB2002B57D1D7F81C2E04F5805618
:102290006E4B02F01F0103EB521301229B008A4098
:1022A0001A60B6F81E3B9BB283B3B6F81A3B1A22EB
:1022B00006ADEC4603F03F03AE4602FB034341F696
:1022C000623203EB02089858D8F80410D8F80820B6
:1022D000D8F80C300FC5D8F81000D8F8141003C582
:1022E000BEE80F00ACE80F009EE803008CE8030096
:1022F0009DF91400431C51D0554B03441B011B682E
:1023000003F07063B3F1006F00F08580D7F81C2EE6
:10231000504B02F01F0103EB521301229B008A4035
:1023200000211A60208BB6F81E3B80B29BB243EAB4
:1023300000300DB0BDE8F083A68A1A23B4F814C0AB
:1023400006ADF6B20CF1010C03FB0646CCF3080C0B
:10235000D6F81C01D6F82011D6F82831D6F8242159
:102360000FC5D6F82C01D6F83011A4F814C0238B71
:102370009BB203C51BB1238B013B9BB2238306ADEC
:102380006E460FCD0FC695E803006A4686E8030047
:1023900020469DF81410FFF70DFF75E72E4D2868B5
:1023A00010F000504FD0FFF7E1FE2B6803F07F03E1
:1023B00001339842AAD20130DFF8A090DFF898806C
:1023C000C5B208E0D8F800306A1C03F07F0301337F
:1023D000AB4215469AD92B0153F8093003F07063CC
:1023E000B3F1006FEED1681E6946C0B2FFF702FF7D
:1023F000B6F81A3B013303F07F03A6F81A3BB6F890
:102400001E3B9BB2002BDDD0B6F81E3B013B9BB2BE
:10241000A6F81E3BD6E76946C0B2FFF7EBFEB6F85A
:102420001A3B013303F07F03A6F81A3BB6F81E3BB4
:102430009BB2002B3FF46AAFB6F81E3B013B9BB248
:10244000A6F81E3B62E72B68B5E700BF603800388E
:1024500008D001044038003800001D4070001D40C5
:10246000C2B12DE9F04188468F180D4615F8016B71
:10247000A5EB0804013C204604F060FA034631460F
:1024800020469E4201D004F06BFBBD42EED10120FC
:10249000BDE8F0810120704738B508460C4606F0CB
:1024A00087F8084B1B78DB0700D438BD054605F0DC
:1024B00009FF8542F9DC29462046BDE8384005F091
:1024C000F5BE00BFBA6500205F4A2DE9F8431468E5
:1024D0000546136804F0807443F0A043136013684A
:1024E000D801FCD511680023584821F000519C46C2
:1024F000554E116053625649936213686246CA6032
:102500000CF1010C8A604A6041F8102B40F8042B52
:10251000336803F07F0301336345F0D8B26432615E
:10252000F26A336BF26233633368002D47D1DFF810
:102530001C814FF00069464F434E1BE0336803F0A7
:102540007F030133B5EB930F2CBF4FF08C634FF03B
:1025500080633B60736BC3F300439B07C8F8003094
:1025600033680135103708F1040803F07F030133A5
:10257000AB4219D9336803F07F030133B5EB530F36
:10258000DCD3C7F8009033689A0004D5FFF7EEFD5E
:10259000EBB28342E4D31F2D2B4A41D80123916A29
:1025A000AB400B439362DBE73CB9274A136823F047
:1025B000805313601368DB01FCD4BDE8F88343F05B
:1025C00000533360356815F000553AD0FFF7CEFD63
:1025D0003368054603F07F0301338342E4D9DFF813
:1025E00070804FF00067184E0BE0FFF7BFFDEBB2B5
:1025F00098420CD93368013503F07F030133AB42B5
:10260000D2D92B0143F8087033689900EDD4012327
:102610001F2D03FA05F30CD8B26A1343B362E9E73E
:10262000094AA5F1200101238B40516A0B435362F3
:1026300096E7A5F120010123726A8B401343736270
:10264000D8E73368CBE700BF00001D4080081D407D
:1026500080001D402DE9F0413748384CFFF704FE5B
:1026600006E005F0FDFD01462046C9B203F068F919
:1026700005F0B2FD0028F4DC0025314EDFF8D480EF
:10268000304C2E4F0BE0637900210133DBB2012B7C
:10269000637101D922716171384603F041FD04F084
:1026A0009BF83368C01A03F57A72B0F57A7F0DD3C0
:1026B00001350B2D34D03260D8F808202379C2F3CD
:1026C000C0529342DFD100236371E5E70A2D27D082
:1026D0001A4B93F87821D3F87C31511F01290CD97A
:1026E000022A10D002BB184A4FF4FA61A2FB03027F
:1026F000D20901FB1233312B0CD8144B0822C3F83A
:102700008420BDE8F081124AA2FB0323C3F34013E7
:10271000002BF2D10D4B0822C3F88820BDE8F081D0
:1027200004F05AF83060D3E7074AA2FB0323C3F34F
:102730004013002BE1D1EDE7E024002040560020BB
:102740003C5600209C1B0020D34D621000400042EC
:102750001F85EB510080004270B5584B82B058493C
:102760000022019305460B6AC3F3012308336B442F
:1027700013F8043CC0E90122C0E90322002B00F059
:10278000858005F500554E4924204E4B01244E4AC4
:102790000226C5F81C0E1220C3F8D0208A6E4B4BBF
:1027A00042F470328A6641F2B00185F8254E484AFB
:1027B000484CC3F81C01C3F80C13E664C3F82001AD
:1027C000C3F81013136823F000431360136843F039
:1027D000A04313601368DC01FCD553683C4943F007
:1027E00008035360136843F0804313600B68D802FA
:1027F000FCD40B68364A43F000730B6013689901F0
:10280000FCD4334C2368DA01FCD52368002043F460
:1028100000332360236843F480332360236843F448
:1028200080532360236843F400532360236843F4F8
:1028300080032360236843F400232360236823F488
:1028400008432360636B43F4E0236363236843F42A
:1028500000132360236843F080632360FFF734FE96
:1028600023681B4A23F0805323601368DB01FCD4E8
:10287000D5F81C2E0121184B03EB521302F01F0256
:102880009B0001FA02F21A6002B070BD0B6A134A93
:1028900023F47F73106843F480730B6200283FF4C5
:1028A00070AF0B4A05F5005503685268D5F8201E35
:1028B000C2F3C0025B685200984764E73C185000BE
:1028C00000C00F4000200020AD00000000801F402D
:1028D00000001D4000841F4040380038385600205A
:1028E0002DE9F8433F4D40F2EE283F4C3F4FDFF8D3
:1028F0001C912E6805F05CFD2378002B5ED03B78A0
:10290000D9075BD52B68D9F800209B1A0E2B55D917
:1029100002211E2003F08AFF01210D20344C03F018
:1029200085FF3448FFF718FF002233493148FFF78D
:1029300041FB236843F0A04323602368DA01FCD500
:1029400000202568FFF7C0FDE26A236BE262236383
:10295000236823F07F032360236843F00F03236081
:10296000AB003AD4224A136823F0805313601468F2
:1029700014F08074FBD1214D0120FFF7A5FD204EFE
:10298000234603202C796A79B1680132C1F3C05122
:10299000D2B28C421FD0012A02D90C460022012358
:1029A0000138F1D16A7103B12C71164801F060FC55
:1029B00003F012FF144B1860BDE8F8832B682278EF
:1029C0009B1B2AB1B3F5FA6FA2D805F0F1FC91E791
:1029D0004345FAD99CE70022E2E70120FFF774FDA6
:1029E000C0E700BF8C650020BB650020BA650020F1
:1029F00000001D40E024002040420F009C1B0020EE
:102A000000800042405600203C5600209C6500207B
:102A1000364B2DE9F0411D6A86B015F020055DD1D9
:102A200000F5805E8446BEF81E3B9BB2402B59D019
:102A3000BEF81C8B0E461A27086808F03F08496844
:102A4000B2686C46F36807FB08E80FC430691822C7
:102A5000716988F8605BBEF81C3B03F03F0307FB1D
:102A600003E383F8612BBEF81C3B03F03F0303C470
:102A700007FB03CC6C460CF5DB5C0FCCCCF80200FA
:102A8000CCF80610CCF80A20CCF80E3003CCCCF8E9
:102A90001200CCF81610BEF81C2BBEF81A3B92B2EE
:102AA0009BB283F040039A4206D1BEF81A3B013331
:102AB00003F07F03AEF81A3BBEF81C3B013303F072
:102AC0007F03AEF81C3BBEF81E3B9BB23F2B05D8E4
:102AD000BEF81E3B01339BB2AEF81E3B012006B090
:102AE000BDE8F081284606B0BDE8F08100001D4039
:102AF0008B7D70B50D4686B00446384E002B3BD119
:102B0000336813F0005324D0FFF730FB32680346DC
:102B100002F07F02013290421DD2013330482F4E25
:102B2000DAB206E0336803F07F03013393420A46CA
:102B300011D91301511C1B5803F07063B3F1006FDE
:102B4000F0D1501E2946C0B2FFF754FB012006B059
:102B500070BD3268E1E76E464FF0FF0C0FCD0FC637
:102B600095E8030086E80300694620468DF814C006
:102B7000FFF74EFF06B070BD306810F0005024D053
:102B8000FFF7F4FA336803F07F030133834218D967
:102B9000144A124E06E03368013003F07F0301331C
:102BA00083420ED9030102EB00119B581B01F2D5A1
:102BB00084460B6803F07063B3F1006F07D06E4674
:102BC000CCE707494FF0FF3CF3E73368E0E72946DD
:102BD0005FFA8CF0FFF70EFBB8E700BF00001D4066
:102BE00070001D4080001D4070B50E4C86B015462B
:102BF0000E46EC460DF10C0E0FCCACE80F0094E83D
:102C0000030000968CE8030028686968AEE80300BA
:102C100069460548FFF76CFF003818BF012006B071
:102C200070BD00BF38040020E024002000F50053F0
:102C3000D3F81033DB006FD53A4B4FF0000C2DE981
:102C4000F0475C6B42F2103E42F21435C4F3036469
:102C5000E40008340AE053F80E60760F052E33D0F6
:102C60000CF1010C5FFA8CF39C4257D90CEB4C022F
:102C700000EBC20353F80E6003EB0E07760F012E34
:102C80000FD053F80E60760F022EE4D15A598A42C3
:102C9000E6D842F218329B588B42E1D30120BDE8BE
:102CA000F0874FEA420800233A68C2F3C2129A4200
:102CB00003F1010308EB0302D2D902F6C40250F873
:102CC00022608E42F0D1E9E753F80E6016F4607F7F
:102CD000C6D042F2243642F2103752004FF00108BB
:102CE0001E441F4405E03B68C3F3C2130133434550
:102CF000B6D902EB0803D6F8009008F1010803F6F4
:102D0000C40309EA010950F82330D6F800A003EA09
:102D10000A039945E7D1C1E7012070470020BDE8CB
:102D2000F08700BF00001D4001EB410142F2106C32
:102D300070B500EBC10555F80C30DB0046D555F8F1
:102D40000C305B0F012B0BD055F80C305B0F022BB6
:102D50003ED055F80C305B0F052B15D0002070BD10
:102D600065444C00002305E00CF6841C50F82C1040
:102D700091422BD02968C1F3C21C9C4503F1010389
:102D800004EB030CF0D8E9E755F80C3013F460734A
:102D9000E4D042F224644900AC444FF0010E2C44CC
:102DA00006E0DCF80030C3F3C21301337345D5D914
:102DB00001EB0E0325680EF1010E03F68413154096
:102DC00050F82330266833409D42EAD1012070BD7F
:102DD00042F21463EB589342C0D842F21863E858A9
:102DE000904234BF0020012070BD00BF2DE9F04F9C
:102DF0008C468DB00F4605466C46064600F110081D
:102E00004FF00109DFF810A1BCE80F000FC49CE8E7
:102E1000030084E8030056F8044F5CB19DF91420C8
:102E2000A36809FA02F1194256D02368D3F800B01A
:102E3000D3454CD1B045EED105F5005393F8103C85
:102E4000002B60D0EE8A4FF01A0C386806AC796817
:102E5000F6B2BA68FB680CFB06560FC4002338694B
:102E60007969182286F81A31EB8A0DEB0206DBB27B
:102E70000CFB035303C483F81B21EC8AE4B20FCE8E
:102E80000CFB0454C4F81C01C4F82011C4F824211C
:102E9000C4F8283103CEC4F82C01C4F83011EA8AF2
:102EA000AB8A92B29BB283F480739A4225D0EB8AAC
:102EB0000133C3F30803EB822B8B9BB2FF2B03D8A8
:102EC0002B8B01339BB22B830DB0BDE8F08F9DF8A7
:102ED000153069462046D847237C0F4A002BA9D0DD
:102EE0002368D3F800B09DF815309345A2D0204652
:102EF0004FF0FF326946D8479CE7AB8A0133C3F3F2
:102F00000803AB82D3E73A46397D2846FFF752F9EA
:102F10000DB0BDE8F08F00BFA900000000F5005320
:102F200093F8113C002B00F0D880DFF868C22DE93F
:102F3000F04F0F4689B005460E4602AC0FCF0FC4C6
:102F400097E8030084E80300DCF800309B0055D5C7
:102F5000DCF83430002742F21038C3F3036A4FEA3A
:102F6000CA0A0AF1080A0DE05B0F022B54F8083078
:102F700000F098805B0F052B00F0D9800137FBB281
:102F800053453BD296F91430632B37D007EB4709F2
:102F900005EBC90454F8083004EB080BB3F1005FEB
:102FA000ECD354F808305B0F012B54F80830DBD118
:102FB000C3F30043F2799A42E0D154F8083013F495
:102FC000607FDBD04FEA4909002405E0DBF80030E0
:102FD000C3F3C213A342D1D90134029A09EB04030B
:102FE00003F6C40355F823309A42EFD1632302A9B4
:102FF00028468DF81C30FFF7F9FEE7E70023654F00
:103000008DF80E303C6814F0005437D0FFF7AEF85E
:103010003B68044603F07F03013398422BD242F20F
:103020001067DFF8708196F91430A3421BD004EBCF
:10303000440105EBC103DA5903EB0709B2F1005F64
:1030400011D3DA59F079C2F3C06290420BD1DA5948
:10305000520F012A42D0DA59520F022A10D0DB59FE
:103060005B0F052B5BD0D8F80030013403F07F03F1
:103070000133A342D7D809B0BDE8F08F3B68CEE753
:1030800042F214629958029A8A42ECD342F21861D1
:103090005B589A42E7D802A928468DF81C40FFF7F2
:1030A000A5FEE0E7C3F30043F2799A427FF466AFEE
:1030B00042F21433E258029B9342FFF45FAF42F2B4
:1030C0001832A25893423FF659AF632302A928460B
:1030D0008DF81C30FFF78AFE50E77047DB5913F478
:1030E000607FC0D04FEA410A4FF0000B05E0D9F8ED
:1030F0000030C3F3C2135B45B5D90BF1010B029A43
:103100000AEB0B0303F6841355F823309A42EED1F1
:1031100002A928468DF81C40FFF768FEE7E7029AEF
:10312000E1B22846FFF700FE00289CD0B3E754F830
:10313000083013F4607F3FF421AF42F22432FBB237
:103140004FF0010B2244019309E054F808100BF1F1
:10315000010BC1F3C211013159457FF60FAF0BEBE3
:1031600049011068029B01F6C401184055F821106E
:10317000136819408842E8D16321019B28460092D8
:103180008DF81C1002A98DF80E30FFF72FFE009A63
:10319000DBE700BF00001D40254A38B5136813F077
:1031A000005343D0136805460C4613F4004302D184
:1031B000926A92063AD41E4A136B13F0200335D05C
:1031C000D2F88030C3F30341A380E172C3F300510E
:1031D000D2F88420217203F4001122F06042DB0D4A
:1031E000002912BF01210021920CE17110492260D7
:1031F00005F50052D1F8880000BAE060D1F88C00E3
:1032000000BA206192F8252EA3716323627523759D
:103210000B681B0401D420230B6321462846FFF7CB
:103220007DFE21682846FFF701FD38BD184638BDF0
:1032300000001D407A4B2DE9F0471F6881468A4601
:1032400017F0005702D0FEF791FF0746744C09F5BE
:103250000056236896F8240E03F07F03013398424A
:1032600000F2D8800325DFF8BC8155E0002A5BD04E
:10327000B2FA82F3C3F14003984252DB206810F0A7
:10328000005001D0FEF772FF013D86F8240E15F0C4
:10329000FF0500F0BF8023689A0005D5874203D957
:1032A000781EC0B286F8240E236803F07F03013332
:1032B00098420CD3206810F0005001D0FEF756FF62
:1032C000013D86F8240E15F0FF0500F0A380D4F828
:1032D00024C0C0F12001A36AA0F120020CFA01F180
:1032E000C3402CFA02F20B431343DB070AD400EB72
:1032F00008031B011A68110104D402F03061B1F116
:10330000007F15D00130C0B286F8240E236803F088
:103310007F03013398427DD8E26A236B53EA0201AE
:10332000A4D196F8240EB6E7B3FA83F32033A1E7CD
:10333000C2F300518AF8081002F40011002914BFEA
:10334000012100218AF80710596821F0604108BF67
:10335000890CCAF8001002F07061B1F1C06F02D19F
:1033600001218AF80910C2F303418AF80B1096F87C
:10337000241E481C86F8240E8AF81410AAF804208B
:1033800096F8252E9AF807108AF815209A680029D1
:103390008AF80F2008BF4FF080619A6818BF4FF07D
:1033A0008C61120A8AF80E209A68120C8AF80D2095
:1033B0009A68120E8AF80C20DA688AF81320DA6804
:1033C000120A8AF81220DA68120C8AF81120DA68D8
:1033D000120E8AF8102019609AF91420A368D3B24B
:1033E0001F2B11D801239340236351464846FFF712
:1033F00095FDDAF800209AF814104846FFF794FC7F
:1034000058B996F8240E7DE7203B012202FA03F317
:10341000E362EAE70020BDE8F0870120FBE700BF98
:1034200000001D4008D0010470B51A4C86B00E464D
:103430001546EC460FCCACE80F0094E803008CE88E
:1034400003000221002002F0B5FFC0B9124B1A6838
:10345000910014D59A6A920611D41B6B9B060ED567
:1034600069460E48FFF798FE78B103AA009C012335
:10347000346003CA28601846696006B070BD6946AA
:103480000648FFF7D7FE0028EFD10346184606B0DE
:1034900070BD00BF3804002000001D40E024002063
:1034A0002DE9F04F944D9BB0944E08AC04900FCD95
:1034B0000FC495E8030084E80300D6F824A0B16A9D
:1034C000D6F82C90306B3368029113F400430390CC
:1034D00003D13268950000F11981039B43F0010389
:1034E000B9F1000F00F00381B9FA89F3834DC3F1FC
:1034F00040032C68DBB214F00054019300F09C826E
:10350000FEF734FE2B68044603F07F030133984234
:1035100080F0C380019B834240F2BF80049B04F68D
:103520004636A4F12007DFF8D4B103F5005203EBCF
:103530008606009705921AE0B1F1806F00F0538182
:10354000B1F1006F00F0E681009B013404360133D5
:103550000093DBF8003003F07F030133A34240F215
:103560009C800135019BEDB2AB4240F29680C4F1E4
:103570002001029BA4F12002E5B20AFA01F0E34027
:1035800003432AFA02F00343DF07DDD5039B09FA60
:1035900001F129FA02F2E3400B431343D807D3D5D4
:1035A000574B4FEA041803EB041258F8033003F0AA
:1035B000306003F07061B0F1007FBDD1506803F45A
:1035C000001C20F06040BCF1000F12BF4FF0010E54
:1035D0004FF0000E800CB1F1C06F8DF827E008901D
:1035E00002D101218DF82910ADF82430C3F3034333
:1035F0008DF83440BCF1000F8DF82B30059B93F80B
:10360000253E8DF8353093688DF82F3093684FEA5A
:1036100013238DF82E3093684FEA13438DF82D3025
:1036200093684FEA13638DF82C30D3688DF83330EC
:10363000D3684FEA13238DF83230D3684FEA13432F
:103640008DF83130D3682E4A4FEA13638DF830304D
:103650000CBF4FF080634FF08C631F2C48F8023092
:10366000DBF808304FF0010331D8A3402946049815
:10367000CBF83030089AFFF757FB002832D108A961
:103680000498FFF74BFC08A8AFF3008008A8AFF33D
:10369000008008A8AFF3008056E7184A1948116A5D
:1036A0000268194B4A40134043B1049B03F5005391
:1036B000B3F8E42192B20F2A40F2D6810F4A136A7E
:1036C0000B431362BFF34F8F1BB0BDE8F08F009A1E
:1036D000294604989340CBF82C30089AFFF724FB36
:1036E0000028CCD008A90498FFF780FBC7E7B3FAFD
:1036F00083F32033FAE600BF3804002000001D40A9
:1037000080001D4098640020BFFF07008C067FF5F5
:10371000E4AE81067FF5E1AED6F880207C4C02F461
:103720000011C2F30050ADF824200029C2F3034178
:103730004FEAD2528DF82B10D6F884108DF828005D
:1037400018BF012021F0604108BF00208DF826201D
:103750004FF0000208BF890C8DF827000CA80891D3
:10376000D4F88810D1400832202A00F8011DF7D182
:103770000DA96748D0F88C20DA400833202B01F8D7
:10378000012DF7D1049A02F5005292F8252E8DF8FA
:10379000352063228DF8342082680363039B5A0628
:1037A00001D540230363039B1B0602D5584B80229F
:1037B0001A63049C08A92046FFF7B0FB08A8AFF3E2
:1037C000008008A8AFF3008008A8AFF30080089934
:1037D0002046FFF72BFA00283FF47FAE08A9049893
:1037E000FFF704FB79E603F4001100295168ADF8F6
:1037F0002430C3F3034321F060418DF834408DF849
:103800002B3018BF0120049B04BF890C002003F556
:10381000005308918DF8270019461F46336891F828
:10382000251E8DF8351091688DF82F109168090AC2
:103830008DF82E109168090C8DF82D109168090EE5
:103840008DF82C10D1688DF83310D168090A8DF8E5
:103850003210D168090C8DF83110D268120E8DF833
:1038600030200BB108A89847D7F8183E0BB108A82C
:103870009847049901F58052B2F81E3B07929BB21B
:10388000002B00F0DB80B2F81A3B1A220DF1500C2D
:1038900003F03F03E04602FB031341F662320EA938
:1038A00098580F4606919918BE460F464968BA685F
:1038B000FB68ACE80F0038697969ACE80300B8E848
:1038C0000F00AEE80F0098E803008EE803009DF9B2
:1038D0004C30591C02D09C427FF436AE06992846E3
:1038E000FEF788FC079AB2F81A3B013303F07F0316
:1038F000A2F81A3BB2F81E3B9BB2002B3FF424AE59
:10390000B2F81E3B013B9BB2A2F81E3B1CE600BF77
:1039100000001D4003F4001100295168ADF8243067
:10392000C3F3034321F060418DF834408DF82B3010
:1039300018BF0120049B04BF890C002003F500532D
:1039400008918DF8270019461F46336891F8251E07
:103950008DF8351091688DF82F109168090A8DF84F
:103960002E109168090C8DF82D109168090E8DF8B4
:103970002C10D1688DF83310D168090A8DF83210F7
:10398000D168090C8DF83110D268120E8DF83020F4
:103990000BB108A89847D7F8183E0BB108A898476C
:1039A000049901F58058B8F81E3B9BB2002B53D008
:1039B000B8F81A3B1A220DF1500C03F03F03CDF872
:1039C0001CC002FB031341F662320EA998580F4641
:1039D00006919918BE460F464968BA68FB68ACE87C
:1039E0000F0038697969079FACE803000FCFAEE894
:1039F0000F0097E803008EE803009DF94C305A1C35
:103A000002D09C427FF4A0AD06992846FEF7F2FB57
:103A1000B8F81A3B013303F07F03A8F81A3BB8F853
:103A20001E3B9BB2002B3FF48FADB8F81E3B013B11
:103A30009BB2A8F81E3B87E52B686FE51F2C4FF063
:103A400001036CD9009A9340394AD3624FF0006366
:103A5000384A48F8023077E51F2C4FF0010362D84E
:103A6000A340334A13636FE5B3F8E42192B20F2AFF
:103A700005D8B3F8E421013292B2A3F8E421B3F8F7
:103A8000E221B3F8E24102F00F02A4B203EB82029A
:103A9000C2F8E811B3F8E02192B282F01002944229
:103AA00006D1B3F8E021013202F01F02A3F8E021B1
:103AB000B3F8E2211E4C013202F01F02A3F8E2210A
:103AC000E469B3F8AC22A4B292B20F2A05D8B3F8D5
:103AD000AC22013292B2A3F8AC22B3F8AA2202F0CF
:103AE0000F0203EB4202A2F8AE42B3F8AA42B3F8C7
:103AF000A822A4B292B282F01002944206D1B3F886
:103B0000A822013202F01F02A3F8A822B3F8AA22C9
:103B10000160013202F01F02A3F8AA22CEE5A34001
:103B2000034A136392E7009A9340014AD3620BE57C
:103B300000001D4080001D4038B502F0DBFE002172
:103B40001A4B42F620621A4D99501A44998203F595
:103B5000805042F8041C174AD982174C19831D6003
:103B6000136003F50053A0F81A1B83F8241EA0F875
:103B70001C1B124AA0F81E1B2046A3F8E011A3F854
:103B8000E211A3F8E411A3F8A812A3F8AA12A3F86B
:103B9000AC1283F8101C83F8111C094904F0A8FC2E
:103BA00021460848BDE8384000F0AEBAE0240020C5
:103BB00040100020385600209C1B0020001A0020D6
:103BC0003902000040560020D1ED007A90ED007AD5
:103BD000F1EE676A37EEA70AB4EEE67A2DE9F8430C
:103BE000F1EE10FA0E46054690462DED028B4DD5AE
:103BF00077EEE77A9FED597A67EE877A87EE800A4B
:103C000004F042FCD6ED017A95ED017A8146F1EEA1
:103C1000676A37EEA70AB4EEE67AF1EE10FA40F1E1
:103C2000848077EEE77A9FED4E8A67EE887A87EE9A
:103C3000800A04F029FCD5ED027A96ED030A0746C6
:103C4000F5EEC07AF1EE10FA6CD4F4EEC07AF1EE33
:103C500010FACCBF20EE088A27EE888A88EE000A88
:103C600004F012FCD5ED037A96ED040A0446F5EE55
:103C7000C07AF1EE10FA13D4F4EEC07AF1EE10FA35
:103C800067DDDFED377A60EE277A0BE0B4EEE77A96
:103C9000F1EE10FAD4BF77EE277AF0EE407AA9E77A
:103CA000DFED307A87EE800A04F0EEFBD6ED027A83
:103CB00095ED047A0546F1EE676A37EEA70AB4EE91
:103CC000E67AF1EE10FA3AD577EEE77A9FED247AAC
:103CD00067EE877A87EE800A04F0D6FB00224FEA6F
:103CE000192363F30702002364F30703240A69F32B
:103CF0000F2244EA07143F0967F3174264F31F6277
:103D0000C8F800202A0962F30F23020A42EA0512CA
:103D100062F3174360F31F63C8F80430BDEC028BF5
:103D2000BDE8F8839FED0F8A98E7B4EEE77AF1EEED
:103D300010FAD4BF77EE277AF0EE407A73E7B4EE4C
:103D4000E77AF1EE10FAD4BF77EE277AF0EE407AF8
:103D5000BCE79FED037A67EE877AA3E700FF7F4712
:103D600000F07F4500000000B0F801C003799CFA24
:103D70009CFC9FED284ADFED283A10B51FFA8CF421
:103D800090F800C090F805E00CF00F0C07EE104A18
:103D9000C47882F800C04FEA032C1B09B8EEC77A3A
:103DA00043EA041307EE903A0CF4706343EA0E03FF
:103DB000F8EEE77A06EE903A03781B09F8EEE66A29
:103DC000537091ED005AD1ED015A91ED026A75EEF2
:103DD000052A35EEA53A76EE064A27EE227A67EEF8
:103DE000837A64EEA64AC7EE236A87EE847AC4EE2D
:103DF000847A76EEC56AC2ED016A37EE657A82EDA5
:103E0000027A77EEC67AC2ED037A83791374C379A6
:103E1000537410BD00F07F4500FF7F47C1B100F132
:103E2000FF3C4FF0FF320B4800B50CEB010E1CF8C5
:103E3000013F08215A4042F30003013903EA00031D
:103E400083EA5202F7D1F445F1D1D0435DF804FB87
:103E5000084670472083B8ED2DE9F84F4FF4BA7249
:103E60000021054604F010FC654B664905F1130B73
:103E70001868654A9B88A860AB812B46DFF8C0C1F3
:103E8000624F634E634C6448C5E9001205F10D02B0
:103E900062491CF901EB1433BEF1000FB4BF4FF0BF
:103EA000FF3E4FF0010E02F801EF5A45F7EC017AA0
:103EB00056F804AB54F8049B50F8048B51F804EB0B
:103EC000C3ED367AC3F8DCA0C3F8E090C3F8E48011
:103ED000C3F8E8E0DDD1524B05F1FF3E514C05F24D
:103EE0006F181E46DFF85CB1DFF85CA14FF0FF3CB5
:103EF000DFF858914C4F0FCCE86229636A63AB63DB
:103F000003CC4A4CE8632964BBE80F006864A964E9
:103F1000EA642B65BBE803006865A965BAE80F0091
:103F20006A66AB66E8652966BAE80300E866296751
:103F30000FCE6867A967EA67C5F8803003CE3C4EAC
:103F4000C5F88400C5F88810B9E80F00C5F88C00E2
:103F5000C5F89010C5F89420C5F89830B9E803006A
:103F6000C5F89C00C5F8A0100FCEC5F8A400C5F890
:103F7000A810C5F8B0302F4BC5F8AC20C5F8643197
:103F800003CE2D4EC5F8B400C5F8B8100FCFC5F854
:103F9000BC00C5F8C010C5F8C420C5F8C83003CFB0
:103FA000C5F8CC00C5F8D0100FCEC5F8E0303346C8
:103FB000C5F8D400C5F8D810C5F8DC2003CB1F4BDA
:103FC000C5F8E400C5F8E810C5F868314FF05503AE
:103FD00085F86C311EF8013F08228CEA030C4CF383
:103FE0000003013A03EA040383EA5C0CF7D1C645F7
:103FF000F0D16FEA0C03C5F87031BDE8F88F00BF4F
:10400000E00600204254494D01007401C00F002019
:10401000F00F0020D80F00202010002008100020F2
:10402000A80F0020880F0020100F00202083B8ED7B
:10403000400F0020FA002800280F002090013200D5
:10404000A00F0020700F0020F80E0020580F002055
:104050002A4B02689A424DD1294B42689A4249D173
:1040600000F1FF3C4FF0FF3270B5D0F870610546AB
:1040700000F26F1E234C1CF8013F08215A4042F306
:104080000003013903EA040383EA5202F7D1E6454B
:10409000F1D1D24396422FD1B0F8683140F2B63216
:1040A000323B9BB2934227D800F12C034430B3EC4F
:1040B000017AD3ED057AB4EEE77AF1EE10FA1BD56A
:1040C000D5ED3B7AF5EEC07AF1EE10FA14DDD5EDC0
:1040D0003C7AF5EEC07AF1EE10FA0DDDD5ED3D7AC1
:1040E0001435F5EEC07AF1EE10FA05DD8342DED12B
:1040F000012070BD00207047002070BD4254494D22
:10410000010074012083B8EDF8B5002400264FF0BB
:104110007E5705463022016080F878412146C0F87C
:104120008C61C0F89071A0F8944180F89641C0E984
:104130005F44C0E9614400F2971004F0A5FA05F667
:10414000CC43C5F82842281DA5F82C42C5F82E42BC
:10415000A5F83242C5F83442A5F83842C5E97244A0
:10416000C5E97444C5E97644C5E97844C5E97A44AB
:10417000C5E97C44C5E97E44C5E98044C5E982447B
:10418000C5E98444C5E98644C5E98844C5E98F4446
:10419000C5E99144C5E99344C5F85442A5F858428D
:1041A000C5F8BC4CC5F8C04CC5F8C44CC5E997442B
:1041B000C5E99944C5E99B44C5E99D44C5E99F44C7
:1041C000C5E9A144C5E9A344C5E9A544C5E9A74497
:1041D000C5E9A944C5E9AB44C5E9AD44C5F8C84C37
:1041E0001E6005F54D631E6005F6D84385F8D44C76
:1041F0001F60A5F8DC4CC5F8E04CA5F8244E85F806
:10420000264EFFF729FE4FF42062214605F52F7058
:1042100004F03AFA2846F8BD0EB410B5BFB0044613
:10422000EB2141AB02A853F8042B019304F07EFA72
:10423000031E16DB02A8EA2BD4BFC018EA303BB13C
:1042400002AA002312F8011B904283EA0103F9D16C
:104250000521064A09F03EF8206802A903681B6997
:1042600098473FB0BDE8104003B07047E806002013
:1042700010B504460068E0B04FF4BA72036803A9B1
:10428000DB69984748B103A8FFF7E2FE28B14FF475
:10429000BA7203A9201D02F00BFD00200621054B78
:1042A00084F8780120460091034A0449FFF7B4FFDF
:1042B00060B010BDF0060020F806002004070020C2
:1042C00038B590F8783104462BB1062B03D0022B79
:1042D00037D1072500E00225206803685B6998470D
:1042E00094F89421404204F13003514200F0100050
:1042F00001F020012943014304F14800D3ED6C7A19
:10430000043313ED017AF4EEC77AF1EE10FA15D406
:1043100093ED057AF4EEC77AF1EE10FA0EDC8342E3
:10432000ECD194F8960194F8953140425B4200F448
:10433000807003F080031843084338BD41F040010A
:10434000EFE7052B0CBF0B250325C5E790F8783167
:10435000062B2DE9F0410746B4B039D81D4A52F872
:104360002330D7F87C1102A81B4A0091C82108F01D
:10437000B1FFB728044618DC07F5F0760025DFF812
:10438000688001E0B72C10DCB6EC017A02AB013595
:10439000C4F1C801B7EEC77A181942468DED007B0B
:1043A00008F098FF052D0444ECDD3846FFF788FF40
:1043B000034602A8C4F1C801084A204408F08AFF55
:1043C00002AA07493846FFF727FF34B0BDE8F0815D
:1043D000044BC6E7B0060020280700203C07002059
:1043E000200C0020DC0600203407002090F878C163
:1043F00038B5ACF10503012B3ED9D0F8E0310446C5
:10440000D0F8E4210D46C0F85C32C0F86022D0F844
:10441000E831D0F8EC21C0F86432C0F86822D0F856
:10442000F031D0F8F421C0F86C3200F51D73C0F8FB
:10443000702200F52370BCF1020F12D004338342C6
:10444000F9D1052329462F2204F2971084F87831F8
:1044500004F054F82A4620460849BDE83840FFF7E2
:10446000DBBE9A6943F8042B8342EAD09A6943F889
:10447000042B8342F5D1E4E738BD00BF4807002094
:1044800070B54FF0FF3382B0054600F10B0400F128
:10449000110600938DF80710CDF8033028686A469E
:1044A00014F8011F03689B689847B442F6D102B024
:1044B00070BD00BF30B500EB810345189FED236A46
:1044C00089B083EDA90A044695F9122093ED067A86
:1044D000D3ED1E6A07EE902A30EE470A8B00F8EE05
:1044E000E77AB1EE667A20EE270A67EEA00AB4EE0C
:1044F000C17A20EE060A60EE860AF1EE10FA8DED22
:10450000030ACDED040A08DCF4EEC16AF1EE10FAFC
:1045100054BFB0EE417AB0EE667A194467EE877AFE
:1045200001AA03A804EB8101CDED051A8DED062A41
:10453000F031CDED077AFFF747FB206801AA297B10
:1045400003689B68984709B030BD00BF35FA8E3CC0
:104550002DE9F0414026804601272DED028B9FED8D
:10456000318A88B0D8F8000001AA69460368DB6880
:10457000984770B19DF8041008F10B02002412F85E
:10458000013F4B401B0709D00134062CF7D1013EF7
:10459000E8D108B0BDEC028BBDE8F08104EB8401EA
:1045A00003AAA500444408EB810101A8F031FFF7FC
:1045B000DBFB94F9122008EB0503DDED046A07EE3E
:1045C000102ADDED057A93ED066A013EB8EEC77A52
:1045D000DDED065AC3ED726A9DF80D2066EE876A1E
:1045E0009DF81C0067EE277A9DF81D1065EE875A2E
:1045F000B0EE467A67EE887AC3ED845AA6EE887AE2
:10460000C3ED7E7A83ED787A84F8280284F82E123E
:1046100084F83422D8F87C21C3F83C2284F8547200
:10462000A0D1B6E7E02E65422DE9F041171E2DED31
:10463000028B82B027DD00250C1F1E469FED158AD8
:10464000A84615E0CDF8048005F0D0F82368F0EE18
:10465000C07A01990135A6EC010A8B420DD00B7886
:104660005BB9F4EE487AF1EE10FA06D8AF420AD000
:1046700054F8040F01A90028E4D1002002B0BDECD9
:10468000028BBDE8F081012002B0BDEC028BBDE8D9
:10469000F08100BFFFFF7F7FF0B500F190038BB08A
:1046A00000241746019300F1A8030E461B4D029308
:1046B00000F1C0031470039300F11803049300F198
:1046C0003003059300F14803069300F1600307935C
:1046D00000F17803D8300893099055F8041F30464C
:1046E00006F006FB98B10134092CF6D10C4930468E
:1046F00006F0FEFA20B901233B7000200BB0F0BD9C
:104700000849304606F0F4FA0028F4D0F5E70AAB81
:1047100003EB840454F8240C0BB0F0BDA810002067
:10472000580700205C0700202DE9F04F0C46054695
:104730004949164620462DED028B8FB0B0EE408AD7
:1047400006F0D6FAF8B9F3EE047AB4EEE78AF1EEA1
:1047500010FA0DD5142318463F4A4049A5F86801C0
:1047600028460FB0BDEC028BBDE8F04FFFF754BDFB
:10477000DFED3B7AB4EEE78AF1EE10FA2CDD41F280
:1047800088331846E8E73749204606F0B1FA034671
:1047900050B9B5EEC08AF1EE10FA24D51846314A68
:1047A0002E49A5F86A01DBE72F49204606F0A0FA5A
:1047B00038BBDFED2E7AB4EEE78AF1EE10FA43D47F
:1047C000DFED2B7AB4EEE78AF1EE10FA40F3858143
:1047D0004FF47A73184639E0BCEEC88A18EE103AE6
:1047E00098B20346B8E7DFED237AB4EEE78AF1EE3C
:1047F00010FA26DCBCEEC88A18EE103A98B20346CE
:10480000CDE71D49204606F073FAB8BBF2EE047AF4
:10481000B4EEE78AF1EE10FA00F16681DFED147A6A
:10482000B4EEE78AF1EE10FA00F3B281BCEEC88A6A
:1048300018EE103A98B203460F4A0849A5F86E01DF
:104840008EE74FF4C873A9E732231846064A034996
:10485000A5F86C0184E700BF6407002080070020F2
:1048600000409C457007002090070020000048424F
:1048700000007A440000C84398070020C64920463B
:1048800006F036FA002800F0688133782A2B40F0D1
:104890002E817778002F40F02A8105230393BF49AA
:1048A000204606F025FA002800F03881BC49204651
:1048B00006F01EFA002800F03181BA49204606F0C1
:1048C00017FA002800F02A81B749204606F010FAAE
:1048D000002800F02381B549204606F009FA0DF1C1
:1048E0003702824621462846FFF7D6FE03460028B7
:1048F00000F00A8295F87881B8F1000F18BFB8F17E
:10490000060F14BF4FF001084FF00008BAF1000F76
:1049100000F08D819DF837A0BAF1000F40F0AB8117
:1049200004902046A24906F0E3F9049B18B9B8F1B7
:10493000000F40F097812178B1F16B02049240F0B2
:104940004F816278703A049240F04A81A2780492D2
:10495000002A40F045810121039A974200F3AE807E
:1049600007EB870007F10C0C059505EB8002039817
:1049700005EB8C080B9600F1010B56464FEA8C00B4
:1049800091460D46DDF810A007970690CDF828C097
:10499000CDE908328DB1B5EEC08AF1EE10FA00F122
:1049A0004C81BAF1000F40F0B680D9ED3F7AF4EEB9
:1049B000C87AF1EE10FA00F140817E49204606F0F7
:1049C00097F938B9D8ED067AF4EEC87AF1EE10FA14
:1049D00040F369817849204606F08AF938B9D8ED64
:1049E000007AF4EEC87AF1EE10FA40F189804EB9FF
:1049F0007249204606F07CF920B17149204606F044
:104A000077F928B9B5EEC08AF1EE10FA40F32681A5
:104A1000013708F1040809F114095F45BAD1059D71
:104A2000B5EEC08A069905F10D070B9EA1F1300A7B
:104A30000399F1EE10FADDF828C00F44049505EB58
:104A40000C0905964CBF4FF0FF3B4FF0010BDFF810
:104A50008C81DDE908329A4415465646BA461F460F
:104A6000002F00F0D08086ED008A09F1010904369C
:104A70001435D145F4D1079A069B11320399183B9E
:104A80009FED506ADDE9045605F112002A442B44DB
:104A9000084412F9011F07EE901A1946824203F1E9
:104AA0000403F8EEE77AD1ED6C6A91ED007A67EED7
:104AB000A67AA7EE867A83ED717AEAD1B7EEC88A34
:104AC00033462246404928468DED008BFFF7A4FB74
:104AD0000FB0BDEC028BBDE8F08FBCEEC88A18EEBB
:104AE000103A98B20346B1E60A231846A4E63046C7
:104AF00008F0BAFA471E052F00F2E1800397CEE6D0
:104B0000059D7A1C314928460FB0BDEC028BBDE8EB
:104B1000F04FFFF781BBD9ED407A48E70DF137023E
:104B200021462846FFF7B8FD0346002873D19DF8BB
:104B300037A0BAF1000F40F0A58095F878810023E6
:104B40004FF0010AB8F1060F18BFB8F1000F14BFFB
:104B50004FF001084FF00008E9E6DFED1D7AB4EEF2
:104B6000E78AF1EE10FA65D4DFED1A7AB4EEE78A3F
:104B7000F1EE10FA00F39480FCEEC87ACDED037AE2
:104B80009DF80C301A461449284685F87031BBE769
:104B90004FF47A7318464FE6A4070020DC07002084
:104BA000E4070020EC070020F4070020FC070020A9
:104BB0001C08002088080020C8080020BC0800202D
:104BC000C4080020E02E654250080020A408002000
:104BD000000020420000F042B007002058070020EB
:104BE0006B2906D16178642903D1A17800293FF4AB
:104BF000B2AE4B492046059306F07AF8B0FA80F140
:104C0000059B4909A8E64146204606F071F8C8B957
:104C100089F806B029E795F87881B8F1000F18BF38
:104C2000B8F1060F14BF4FF001084FF000084FF025
:104C3000010A7CE628221346A5E7059D7B1C224637
:104C400038498DE53849204606F052F878BBFCEE2D
:104C5000C87A17EE901A89F8001006E7059D2246DB
:104C6000324950E7324928460FB0BDEC028BBDE80F
:104C7000F04FFFF7D1BA4FF0000A58E6BAFA8AFAB5
:104C80004FEA5A1A95F878810023B8F1000F18BF3F
:104C9000B8F1060F14BF4FF001084FF0000846E6C8
:104CA000782213466FE7059D7A1C22492BE722499B
:104CB000204606F01DF828B985ED3C8AD5E6062287
:104CC0001E4920E71E49204606F012F810B985ED6E
:104CD0003D8ACAE61B49204606F00AF810B985ED60
:104CE0003E8AC2E61849204606F002F810B985ED62
:104CF0003F8ABAE61549204605F0FAFF00287FF4FE
:104D0000B4AE85ED408AB0E69DF83730002BB5D1C2
:104D1000BAF1000F3FF411AF22460D49F3E600BF90
:104D200048080020640800205C070020CC08002010
:104D3000240800208C080020DC070020C407002085
:104D4000E4070020EC070020F4070020FC07002007
:104D50000408002070B50C4682B00546584920462C
:104D6000164605F0C5FF88B35649204605F0C0FF3A
:104D700000283BD05449204605F0BAFF00283DD01A
:104D80005249204605F0B4FF48B35149204605F08A
:104D9000AFFF78B3304608F067F9461E052E22D8DB
:104DA0000DF1070221462846FFF776FC50B300EBD1
:104DB000860348492846D3ED007AB7EEE77A53ECEC
:104DC000172B02B0BDE87040FFF726BAB5F868218E
:104DD0004149284602B0BDE87040FFF71DBAB5F85A
:104DE0006E213D49F5E706223C49F2E7B5F86A2114
:104DF0003949EEE795F870213749EAE7B5F86C21B3
:104E00003549E6E73649204605F072FF58B3354983
:104E1000204605F06DFF08B33349204605F068FFD2
:104E200038B33249204605F063FF58B33049204675
:104E300005F05EFF78B32F49204605F059FFB0B367
:104E40002D49204605F054FF70BB06EB860621492C
:104E5000284605EB8603D3ED407AAEE72E441E4983
:104E60002846327BB6E72E442449284696F912207C
:104E7000B0E706EB86061749284605EB8603D3ED17
:104E80003C7A9AE706EB86061249284605EB86032C
:104E9000D3ED3D7A91E706EB86060E49284605EBF1
:104EA0008603D3ED3E7A88E72246154991E706EB63
:104EB00086060849284605EB8603D3ED3F7A7CE752
:104EC000640700207007002090070020980700204A
:104ED000A407002008090020E4080020EC080020B6
:104EE000580700205C070020DC070020E4070020B2
:104EF000EC070020F4070020FC0700201009002028
:104F0000040800202DE9F04395B006469146DFEDF8
:104F1000715A1D9F0DF104081C9806F130049FED95
:104F20006E6ABE46054607F11802C4460FE095EDCD
:104F3000007AC7EE067ACCED057A1FB3DEED007A73
:104F40000EF1040E04359645CCED0B7A23D0F4EC2B
:104F5000017AB3EC017AD4ED056AB4EEE77AF1EEAA
:104F600010FA05D4B4EEE67AF1EE10FA76FE877AFE
:104F7000ECEC017A0028DAD1F0EE657ACCED057A16
:104F8000002FDBD10EF1040EF0EE657A0435964564
:104F9000CCED0B7ADBD196F87831022B4FD0F1EEC5
:104FA000046A06F5F0730022B8EC017A0132F3ECE2
:104FB000017A37EE677AB0EEC77AB4EEE67AF1EEB0
:104FC00010FA7CDC062AEFD100239FED427A06F628
:104FD000CC4289B2C6F8C03CF0EE477A82ED007A46
:104FE00006F6D84286F8D43C1FFA89F986F896313D
:104FF0000124A6F8943182ED007A022286F8782105
:10500000A6F8C81C03EB8301031E4FF0500206EB09
:105010000110A6F8CA9C18BF0123694600F52F703D
:10502000CDED007A8DF84C3001F042FED6F87C319F
:10503000C6F8BC4CC6F8C43C15B0BDE8F08389B2D4
:10504000B6F8C83CCB1A1BB2002BF5DDD6F8BC2C49
:10505000D6F8C05C531EB6F8CA4C03F01F0303EB2E
:10506000830306EB031393EDAF7A531B1F2B15D964
:10507000013506F6CC43C6F8C05C05F01F05D3ED3C
:10508000006A05EB850506EB0515D5EDAF7AF4EE64
:10509000E76AF1EE10FA48BFC3ED007A1FFA89F90A
:1050A000A9EB0403541C1BB223EAE37307EE903A06
:1050B00002F01F03F8EEE77A77EE877AA0E7B7EE03
:1050C000C77A064930468DED1C7B15B0BDE8F0432C
:1050D000FFF7A2B80000000000007A441809002081
:1050E0002DE9F04F0C46FDB006462A21204608F077
:1050F00091F828B1054603F05BFA032800F0BB8065
:105100005822002109A803F0BFFAC149204603F044
:1051100083FB0346002800F0AB8009AD0024DFF8D4
:10512000F08245F8043B41460020274603F074FB1B
:105130000134034608B1152CF3DDDDF8248098F81E
:10514000000038B1454603F00DFA287015F8010F3C
:105150000028F8D1AF49404696F8785105F0C8FDCF
:1051600000287DD0AC49404605F0C2FD002800F083
:10517000E380AA49404605F0BBFD002800F0F0801E
:10518000A749404605F0B4FD002800F0DD8098F8FE
:1051900000A0BAF1460F00F09080A249404605F009
:1051A000A7FD8146002800F0E1809F49404605F0B8
:1051B0009FFD002800F013819C49404605F098FDB2
:1051C000002800F0E180002D18BF062D14BF4FF01D
:1051D00001094FF00009BAF1450F40F00A8198F833
:1051E00001304E2B40F0058198F802B0BBF1000F62
:1051F00040F0FF80012C00F03D810A9807F034FF59
:10520000002800F03781306803685B699847002800
:1052100040F0C08096F87831053B012B40F2958232
:1052200006F2532106F50E7211F8013F0BF1010B46
:10523000002B00F08582D6F87C3152F8040F1B1A3F
:10524000C82B00F27D82BBF1060FEDD1B9F1000F42
:1052500000F04582002376493046C6F888319BE04D
:105260000624744B744A304674490094FEF7D4FF08
:105270007DB0BDE8F08F687807F0E2FF00283FF4CA
:105280003FAFA87807F0DCFF00283FF439AF1022C9
:105290000021681C06F05CFA2A1B08D0631E9F18C8
:1052A000002213F8011FBB4282EA0102F9D19042A9
:1052B00040F0AC8000232B7022E798F80130422B9D
:1052C0007FF46BAF98F80230002B7FF466AF5C4B35
:1052D0000DF17C0806F5FC7706F2272406F5047A22
:1052E0000525DFF88C9193E80300C8F80000ADF8BD
:1052F0008010637BC5F1DC01B7EC016A08EB0500A7
:10530000069301342278B7EEC66AA379CDE9042367
:1053100097ED057A4A46B7EEC77A8DED006B8DEDB5
:10532000027B07F0D7FF57450544E2D14246454985
:105330003046FEF771FF9BE73E4A434930467DB059
:10534000BDE8F04FFEF768BF96F89731D3B106F28B
:1053500097123E4930467DB0BDE8F04FFEF75CBF86
:1053600030467DB0BDE8F04FFEF7F0BF012C18D1FC
:105370004846D6F87C314A463549A6F8DC0CC6F8D2
:10538000E03CDBE7334AE4E7306803685B69984751
:10539000044698B1304930467DB0BDE8F04FFEF785
:1053A0003BBF0A9807F060FE0028E1DBB0F5FA7F0A
:1053B000A8BF4FF4FA70814680B2DAE7FB2130468D
:1053C000FFF75EF896F87831C6F89441052B00F0A7
:1053D000BE80062B08BF86F878412049DBE7FD2117
:1053E0003046FFF74DF806231D49304686F87831E0
:1053F000D2E71C49404605F07BFC0346002847D114
:10540000B9F1000F40F09B801749C4E71749C2E784
:10541000A4090020A8090020D0090020E0090020EC
:10542000E8090020140A0020CC0C0020380A0020D3
:10543000AC0A0020F0060020F8060020B009002089
:10544000F8090020200C0020D4090020EC090020DD
:105450001C0A00204C0900203C0A0020580A0020A9
:105460002C0A0020BC0A0020C40A00208C0900205D
:10547000000A0020B9F1000F08D0D6F87C310422D0
:1054800003F2DC5386F87821C6F88831B54982E703
:10549000B549404605F02CFC002875D0B34940467C
:1054A00005F026FC0246002840F0A580022D00F001
:1054B000DF8106F2532313F8011F0132002900F0A7
:1054C0004681062AF7D106F1180306F1110206F10A
:1054D0003001DFEDA76A12F9010F93ED6C6A07EE58
:1054E000900A93ED307AF8EEE77A67EE867AA7EEC7
:1054F000E67AB0EE476AA3EC017A8B42A7EEA66A81
:1055000083ED716AE7D106F1480293ED6C7AF3EC12
:10551000017AF4EEC77AD3ED056AF1EE10FA08DCF1
:10552000F4EEC76AF1EE10FA54BFF0EE477AF0EEEF
:10553000667A9A42C3ED8A7AE7D18E492BE7042234
:105540008D493046C6F8883186F8782124E706F17F
:10555000300306F1480293ED6C7AF3EC017AB4EE75
:10556000E77AD3ED056AF1EE10FA05D4B4EEE67AE7
:10557000F1EE10FA76FE877A9A42C3ED8A7AEAD182
:10558000012386F8783128E7022D32D1D6F8A832E7
:10559000D6F88C12C6F86032C6F87412D6F8B83253
:1055A000D6F89C12D6F8A422D6F8AC02C6F884121B
:1055B000C6F870320323D6F89012D6F8B042C6F877
:1055C0005C22C6F86402D6F8B422D6F89402C6F873
:1055D000781286F87831D6F8A012D6F89832C6F844
:1055E0008812C6F86842C6F86C22C6F87C02C6F873
:1055F00080326249CFE66249404605F079FBB0BB94
:10560000B9F1000F40F09F800DF17C084FF0FF339F
:10561000012CC8F80030C8F803304FF0FE0388F8BA
:10562000073005D04A4649460A9806F091F8814667
:1056300006F1180506F1060A34460127A31B07FAEE
:1056400003F313EA090F08D030684246217B036850
:105650009B689847D5F8C0302B6001340435544519
:10566000ECD14A4647493046FEF7D6FD00E6BAF18E
:105670004D0F40F0958098F80130432B40F090801A
:1056800098F80230002B40F08B806B1E022B00F24A
:10569000D1803D4BFB40DB075BD50DF17C083A46E2
:1056A0000AA930464346FEF7BFFF002851D0DDED82
:1056B0001F7A0D2F9DED207AFCEEE77ABCEEC77ABB
:1056C00000F3D88000242146019121AB17EE102A67
:1056D000304617EE901A0094FFF714FCC8E506F167
:1056E000300306F1480293ED6C7AF3EC017AF4EEA4
:1056F000C77AD3ED056AF1EE10FA08DCF4EEC76A5A
:10570000F1EE10FA54BFF0EE477AF0EE667A93426B
:10571000C3ED8A7AE7D10023FC213046C6F8743203
:10572000C6F87832C6F87C32C6F88032C6F88432C1
:10573000C6F88832FEF7A4FE012386F8783189E5A1
:105740005A461249FAE5124925E6124923E612495A
:10575000F4E50623114930461A460093FEF75CFD36
:1057600086E500BFB40A0020300A0020EC0A0020C1
:10577000E02E6542280B0020DC0A0020E40A00200D
:10578000480B0020500B0020004110007C0A002034
:1057900024080020600A0020100B0020740B002059
:1057A0005649404605F0A4FA054668B354494046B8
:1057B00005F09EFA002800F095805249404605F019
:1057C00097FA002875D05049404605F091FA0446F2
:1057D0004E49404605F08CFA002C54D000284FD199
:1057E000B9F1000FAFD10DF17C08494C4046FEF7EE
:1057F00033FB41464FF4BA72301D01F059FA21468D
:105800003046FEF709FD33E5022F2FDD0A9C207894
:10581000B8B1274606F00EF8387017F8010F0028C7
:10582000F8D175B10B9A214630467DB0BDE8F04FF6
:10583000FFF790BA062D0DD8364B53F82520364980
:105840007CE51FAB01220CA93046FEF7EDFE18B92E
:105850003249A0E5324AF2E79DED1F0A21460B9A34
:1058600030467DB0BDE8F04FFEF75EBF2D4992E5B2
:105870002D4990E5142F27AC0CBF2DA9002123E75B
:1058800042462A495AE5B9F1000F7FF45CAF00287F
:10589000A9D030680DF17C084FF4BA720368414614
:1058A000DB69984728B34046FEF7D2FB08B3204C8B
:1058B0009FE7341D4FF4B8712046FEF7AFFA336806
:1058C00021464FF4BA721C68C6F874011846A369E1
:1058D0009847184A0146184B304600290CBF11461C
:1058E000194659E5022CC1DD0A9C2078002890D188
:1058F00098E712493046FEF78FFCB9E4A40B00206C
:10590000A80B0020AC0B0020F40B0020FC0B0020A7
:1059100080090020B0060020640B0020DC0B002072
:10592000DC060020B40B0020F40A0020080C002044
:10593000780900205C09002054090020240C002074
:105940000A2910B5044611D00D290FD0B0F8243E15
:10595000B3F59F7F06D85A1C0344A0F8242E83F881
:10596000E41C10BD012380F8263E10BD94F8263EAD
:105970007BB9B4F8242E1AB90023A4F8243E10BD34
:10598000224404F6E441204682F8E43CFFF7A8FBF9
:10599000F2E700230449204684F8263EFEF73CFC4B
:1059A0000023A4F8243EEAE7480C0020F0B5D0F824
:1059B000BC6C2DED028B002E00F07981741E00F678
:1059C000CC4790F8D45C04F01F04D7ED007A04EBC8
:1059D000840400EB0414D4EDAF5AB0F86A4135EEFC
:1059E000E77A06EE904AD0F8C04CB8EE666ABDB3CE
:1059F00000F54D65D5ED006A37EE667A9FEDCB3A3E
:105A0000D0ED644AB7EE005ADFEDC93A27EE037ACB
:105A10009FEDC84AE7EE246AB0EE457AC5ED006A0C
:105A200076EEC66AA6EEA37AB4EEC47AF1EE10FA68
:105A300000F14181DFEDC06AB4EE667AF1EE10FA52
:105A400036FE877AE7EE247AF4EEE75AC7ED007A5D
:105A5000F1EE10FA00F256814CBF0125002511E04D
:105A6000B4EEC76AF1EE10FA40F21981A6EB040C0D
:105A7000BCF10F0F00F21381F4EEE75AF1EE10FAC9
:105A800000F2408180F89551C7ED005A651CAE4286
:105A900040F21D8197ED007A05E0C0F8C05C013549
:105AA000AE4240F2188105F01F0C0CEB8C046746E7
:105AB0004FEA8C0E00EB0414D4EDAF7AF4EEC77A03
:105AC000F1EE10FAE9D905F1FF3CAE420CF01F0CE3
:105AD00040F229810CEB8C044FEA8C0E00EB04148D
:105AE000BE00D4EDAF7A07EB870400EB041494ED0D
:105AF000AF6A36EE676AB5EEC06AF1EE10FA40F3AF
:105B00000C8137EE677AC7EE066AF5EEC06AF1EEF1
:105B100010FA00F10581F7EE007AF4EE676AF1EE13
:105B200010FA77FEA66A3E44E6449FED845A03F1DC
:105B300018074FEA0E1EDFED824A36010EF530756A
:105B4000864406F530740644054420447EE096F809
:105B50000843002C00F08980B5EEC06A95ED007A0C
:105B6000D0ED005AF1EE10FA40F3A880DFED757A1F
:105B7000B4EEE76AF1EE10FA40F1C88066EEA62AAC
:105B800090ED060AB0EE084AB0EE002A66EEA23AA0
:105B900022EE844AF1EE008AF0EE637AB0EE441A07
:105BA000B0EE448AE2EEC27A93EE821AA6EEE88A5A
:105BB000F7EE000AF1EE081A77EEA67A31EE201A17
:105BC00078EE200A95ED068A67EE867A26EEA13AEF
:105BD00067EE887AE1EE077AB0EE441AB0EE437AC7
:105BE000A2EEE13AA3EEC21A73EEE23A92EEA17A85
:105BF000DFED522AA6EEC24A63EE863AE1EE257A3E
:105C0000E3EE807AC1ED007AD5ED007A90ED002ABE
:105C100067EE277AD5ED063A23EE023AD0ED065A22
:105C200087EE867AC3EE067AA0EEA37A77EE877ABD
:105C3000E4EE257A67EEA27A9F4205F1040500F1B1
:105C4000040001F10401E2EC017A57D0D5ED0C7AA1
:105C500090ED0C7A37EE677AE7EE267AE3EC017A7C
:105C60009EF80843002C7FF472AFD5ED007AB5EEB4
:105C7000C06A90ED007A37EE677AF1EE10FAE7EE3F
:105C8000267AC1ED007A1FDDD5ED007A90ED007A1D
:105C900037EE677AC7EE067A67EE857ACCE701259C
:105CA000F0EE476A80F8D45C00F54D65A4E6BDECE3
:105CB000028B3046F0BDB0EE447AC3E675EEC75AAB
:105CC000A6EEA57A81ED007AF0EE647AB4E704F0EE
:105CD0001F0C4FEA8C0EE64401F11806002500EB7C
:105CE0000E1000F5307050F8044B41F8044BB142EF
:105CF00042F8045BC46A43F8044BF4D10120BDECC4
:105D0000028BF0BD002580F89551BFE675EEC75AAD
:105D1000A5EEA67A81ED007AB6E7F7EE006A02E713
:105D2000DFED076AFFE64FEA8C0ED4E70AD7A33B04
:105D30006F12033B3333733F6666863F00007A443D
:105D40000000000000007A432DE9F04F90F87851F0
:105D5000062D2DED028B9BB000F0DC800446D0F8C0
:105D60007C01002D00F0DD80BE4F04F1300604F50B
:105D70000A7504F22E283F1BDFF8FCA2DFF8FC9224
:105D8000DFF8FCB217E0083AD2B2062A00F2C78068
:105D9000B54951F8222000924A4630210EA807F05A
:105DA00099FA0EA92046FEF721FB01350436454538
:105DB0003BD0D4F87C01D6F80C227B19B4F86E11D4
:105DC000821A8A4241D82A7B072ADCD82A7894F89A
:105DD0007011A8798A4232D2814230D9F1EE046A38
:105DE000D6ED007A96ED6C7A77EEE67AB4EEE77A45
:105DF000F1EE10FA08D4D6ED067A77EEA67AB4EE74
:105E0000E77AF1EE10FAD0DDB7EEC77A974A302183
:105E10000EA8013504368DED007B07F05BFA0EA964
:105E20002046FEF7E3FA4545C3D194F87831013BAB
:105E3000042B6FD8DFE803F057135797970082427F
:105E400038BF024600925246A7E7894A30210EA881
:105E500007F040FA0EA92046FEF7C8FAA5E7D4F8E5
:105E60007C31D4F8C41CB4F868215B1A934240F228
:105E70009680D4F88C320125D4F8A822C4F8743264
:105E8000D4F89C32D4F8A412C4F88432D4F89032F6
:105E9000D4F8AC02C4F87832D4F8A032C4F8602246
:105EA000C4F88832D4F8B822D4F8B032C4F85C12FE
:105EB000C4F86402D4F8B412D4F89402C4F870227E
:105EC0000322C4F86832D4F89832C4F86C12C4F8CB
:105ED0007C022046674984F8945184F87821C4F8FC
:105EE0008032FEF799F904F1900600259FED668A4D
:105EF00029460135D6ED001AF0EE480A96ED791ADA
:105F0000204696ED730A043696ED052AFEF7D2FA7E
:105F1000062DEDD11BB0BDEC028BBDE8F08F5A46CB
:105F200039E7D4F88431C31A002BF3DB143004F5BD
:105F3000F0769FED558AC4F88401DFED531A2946A7
:105F40000135B0EE482AB0EE611AB6EC010AF0EE67
:105F5000610A2046FEF7AEFA062DEED11BB0BDEC6D
:105F6000028BBDE8F08F04F1C00600259FED468A44
:105F70002946013596ED002AF0EE481A96ED6D1A85
:105F8000204696ED480A0436DFED3F0AFEF792FA06
:105F9000062DEDD11BB0BDEC028BBDE8F08F0EAB32
:105FA00008AA02A92046FFF701FD074600289AD05B
:105FB00004F6D843F7EE007AD3ED006AF4EEE76A10
:105FC000F1EE10FA62D400260DF120090DF1080B54
:105FD0000DF1380A04F16005B04625E0F4EE670AD9
:105FE000F1EE10FA77FEA00AB84649ED010ABAECC4
:105FF000018A3146D5ED057A0136B0EEC87A95EDC5
:10600000112AB0EE481AD5ED0B1ABBEC010A204656
:10601000B4EE677AF1EE10FAC8BFB846FEF74AFA56
:10602000062E85ED8A8A14D0F9EC010AF5EC017A86
:10603000B0EEE07AF1EE676AB4EEE77AF1EE10FACC
:10604000D5DDF4EEE60AF1EE10FAC7D5F0EE660AF9
:10605000CAE7B8F1000F3FF45DAF012384F8963131
:1060600058E700BFD9FDFFFF94060020A00C0020D8
:10607000600C0020B80C0020880C00207C0C002054
:10608000CC0600200000964300000000D4ED645AC6
:106090001FED046A85EE867A37EE267AB5EEC07A71
:1060A000F1EE10FA34D4B4EEE77AF1EE10FA34DC03
:1060B000B0EE006AF0EE086A67EE077AE7EE466A2D
:1060C00067EEA67A83ED007A02A804F517730EA98D
:1060D00008AA04F51D75F3EC016A90ED005A91EDE4
:1060E000006AAB4293ED057A35EE665AD2ED005A5E
:1060F00036EE476AE5EE276A65EEA75AA6EE277ADE
:10610000E2EC015AE0EC016AA1EC017AE3D15AE732
:106110005FED237AB0EE677AD4E7B0EE677AD1E725
:1061200038B5D0F87C3104460133C0F87C31FEF735
:106130000FFA206803685B69984718B194F87831C2
:10614000062B47D1D4F888315BB1D4F87C21D21A20
:10615000002A06DB94F878310025042BC4F8885116
:1061600053D0B4F86C31F7EE006ADFED2D5A07EE2C
:10617000103A94ED636AB8EE477AC7EE257A77EE67
:10618000867AF4EEE67AF1EE10FA3BDB77EEE67A09
:106190002046D4E95F23F4EEE67AD31AC4F88021CE
:1061A000F1EE10FAC8BFDFED1F7AC4ED637A07EE97
:1061B000903AF8EE677AC4ED647AFFF7C5FDB4F85B
:1061C000DC3C33B1D4F87C11D4F8E02C8A1A002AD4
:1061D0000CDA38BD2046FD21FEF752F9062312499C
:1061E000204684F87831FEF717F8ABE74FF47A725F
:1061F0002046B2FBF3F30B44C4F8E03CBDE8384062
:10620000FEF7A4B8C4ED637AD9E72046FD21FEF776
:1062100037F90649204684F87851FDF7FDFFA0E7DD
:1062200000007A4400000000C80C0020D40C0020BC
:1062300070B5EFF3108272B60C4C206880B10C4E32
:1062400000254369236073B19D6102B962B683681A
:1062500045779847EFF3108272B620680028F0D196
:1062600002B962B670BD3360EFE700BF7064002012
:106270006C640020FFF7DCBF0449054A4968054B00
:106280001960136801331360704700BF001000E00D
:106290008C65002088650020084601F0F1BF00BF32
:1062A000704700BF704700BF704700BF704700BF16
:1062B00038B5064CA4F1600554F8083C2046183C5B
:1062C000DB689847AC42F7D138BD00BF10230020EF
:1062D000F8B5036843B3154C0746154E1C4424110A
:1062E00004EB4405ED00735905F10800DB68304408
:1062F0009847104B0021012273513B689960DA6086
:10630000FF230D4A1355137850789478834228BFA1
:106310000346D078094AA34228BF2346834228BFB8
:10632000034682F87A303960F8BD00BF00BFF7BF7E
:10633000C0220020E80E0020A41B002000E400E0A2
:1063400010B4064B0020064C064A1C609C611C637E
:106350009C6405495DF8044B02F0CAB8C0220020D5
:10636000E80E0020001A0020C1430000054B02285F
:1063700088BF034610B41C68184663685DF8044B78
:10638000184700BF841B002001F06ABF01F002BF64
:1063900010B50446FFF79CFF204610BD024A034992
:1063A000034802F0A5B800BF001A0020A144000075
:1063B000941B0020884200DB704730B4124C091A4D
:1063C0002368EBB1114A124D82FB032CDA179C446F
:1063D000C2EB2C4244F2A71C05FB12330D4D05FB0A
:1063E00002F20CFB0322002A0CDA6FF00043134484
:1063F0002360B3FBF1F201FB123330BC1844704749
:10640000054BF5E71346F3E7345600205F0B4E8348
:106410001DF30100ECF4FFFF42CE0C1FA84AA94B6C
:1064200090422DE9F047A84C5D699969E46800F253
:10643000088103F1437303F5F4530333A3FB0023F3
:10644000DB0D03EB830303EB830202F2B63240F26F
:1064500027639A4228BF1A469C4BA2F54872A3FBB9
:106460000232D208974E04F01F0CD6F880309445C3
:1064700043F0C003C6F880300AD224F01F04A6F50A
:10648000F8261443F4603368002BFCDA04F01F0C88
:1064900015F0007325D18E4E37698E4EBE4300F045
:1064A000FB8081F480562F464FF4805E17F0605FCA
:1064B00004D025F060551D43824B5D6116F4405FAA
:1064C00008D021F440517F4E41EA0E01B161B36C16
:1064D0001F07FCD445F000757A494D618B6C9E0610
:1064E000FCD47D49884200F2E2800126B64610E0E5
:1064F000BEF1080F0DD1042E00F2928001364FF04C
:10650000020E06FB00F38B4200F2C3805B008B425D
:1065100007D80EF1010E06FB0EF300FB03F38B42CE
:10652000E6D9771E0EF1FF394FEA872885EA8727DB
:106530006A4919446A4B99427BD9DFF8E4A16C237C
:1065400068486349B0FBFEF0D1F800E0B0FBF6F01C
:10655000654E0EEA0606564508D043F400534FF444
:1065600080560E600B600B68002BFCDA55490B69F6
:1065700003F007034B4504D0C1F810908B6CDB038C
:10658000FCD417F4E05F0AD025F4E05508F4E05895
:106590004C4948EA05054D618B6C9E07FCD4534E6F
:1065A000534906448E4237D8524BF609A3FB0636B0
:1065B000360B731E1B0285EA030111F4407F06D0DF
:1065C00025F4407503F440733E492B434B613D492C
:1065D0004B6923F000734B618B6C9B06FCD4464BDC
:1065E0006245A3FB00134FF0FF314FEA9343B0FB2A
:1065F000F6F6B1FBF3F34149086041490E604149A9
:106600000B6007D224F01F042F491443CC600B68A1
:10661000002BFCDABDE8F0874FF440730426CAE78C
:10662000771E2E494FF007094FEA8728194485EA5B
:106630008727294B99421CD8DFF8E8A03623324837
:106640007FE7324B984201D80E220BE7304B98423D
:1066500029D9304A904228D9821A2F4B120AA3FB1B
:106660000232D20902EB820202EB820202F2E24221
:10667000EDE6A3F182532948DFF8ACA0A3F58933F6
:106680007E3BA3FB01310B0D03FB00F043EA0A0A3A
:1066900057E74FF0010E44E79E4685F0C0570E467F
:1066A0004FF0C05302E70F22DCE61222DAE64FF089
:1066B0000008012603462F46C146B64638E700BF0C
:1066C000001C4E0E00C00F40000008401F85EB511B
:1066D00000800D4040300080FFB19F26808D5B0020
:1066E000FF7EF64D00643F4D7F3001807FD1F00882
:1066F0007F17B42C9F10E50083DE1B43801B002016
:106700007C1B00200465002000B29F26FF0A6B1B43
:1067100000A4781F0046C32323B24C00001BB7001F
:106720006C200080362000800020008000B9704777
:106730002DE9F84F01218146224C234D234E54E888
:10674000003F2A68306844E80013002BF7D1204945
:106750004B684FF47A7BDFF87CA01B1A01270BFBF8
:1067600002F8DAF80020A2FB03235B4594BF9844AB
:10677000D84454E8003F2A68306844E80073002B8E
:10678000F7D14B68DAF800C01B1A0BFB02F2ACFB26
:1067900003C3B3F57A7F94BFD21802F57A72A2EBE5
:1067A0000802B2F57A7F08D3B9F1010F08F57A78BB
:1067B00009F1FF39DDD1BDE8F88F01F0F9FD044999
:1067C000D7E700BF906500208C6500208865002019
:1067D000001000E00465002030B40F4B4FF0010CB6
:1067E0000E4D0F4C53E8002F2868216843E800C283
:1067F000002AF7D10B4B5B680B4A5B1A4FF47A7196
:10680000126801FB00F0A2FB032330BC8B4294BF53
:10681000C0184018704700BF906500208C650020AC
:1068200088650020001000E004650020362827D885
:106830000201154B012903EB00109B5830B45A6834
:10684000D0E902540DD004290BD022EA04025A6088
:1068500099B1022915D003290CBF0C4B0C4B2B60AE
:1068600006E0224301295A6007D040F638032B6026
:106870004368152230BC1A60704738232B60F7E755
:106880007047044B2B60F3E7D01000203830010034
:106890003800010038F0010030B4124A0020124BD9
:1068A0000121124D124CC2F8F032C2F8F402C2F8C3
:1068B000B810C2F8A000C2F8A450C2F8B0105369D2
:1068C000DB07FCD551612378DB07F0D41368054959
:1068D00043F0010313600B68DB07FCD462B630BCE5
:1068E000704700BF00802A400504012401000F000A
:1068F00000812A4070B50E4C4FF6FF7E0D4E04F11C
:106900007E05A6F58053002102E0B34281B204D295
:106910001A88481C02337245F7D124F8021FAC4292
:1069200006F58056EDD1044B01221A7070BD00BFF0
:106930000665002000107C60B365002041F2BB03B7
:1069400098422FD8184B10B51B7804463BB3A008CB
:10695000164B04F00301164CA3FB0023C21A03EBF1
:106960005203144A5B09C3EB831E9C46A0EB0E0343
:1069700041EA8C01FF2034F813C01A444FEA4C0C52
:1069800013030CEB023CBCEB023F07D91A8802331D
:10699000D4B28C4208BF100A9C45F7D810BDFFF74F
:1069A000A9FFD4E7FF207047B3650020054110041C
:1069B00008650020C0070600F8B50F46164672B6F7
:1069C000344B40F20641344A85199A610222DA6159
:1069D0000022C3F8A020C3F8F012C3F8F422C3F8D1
:1069E000F822C3F8FC224FF47022C3F8A42001223D
:1069F000C3F8B02020F01F03BFF34F8F4FF0E02407
:106A0000C4F85C3F20339D42FAD8BFF34F8FBFF3E9
:106A10006F8F204D6B69DA07FCD501231F49B2B295
:106A200020F07F406B6142F47022C5F8F01242F210
:106A30000121184CC5F8F412C5F8BC30C5F8A00007
:106A4000C5F8A420C5F8B03001E05B0609D463693D
:106A500013F00105F9D041236361BDE8F840FFF769
:106A60001BBF082E0BD836B13246394637442E4666
:106A70000B4800F01DF9074B40225A61E7E7A6F1E9
:106A800008050826394606483246374400F010F912
:106A90002E46F0E700802A40F05AF05A32041808D7
:106AA00080812A4010B472B6284B0221284C002263
:106AB0009C614FF47024D96140F20641C3F8F01292
:106AC0000121C3F8F422C3F8F822C3F8FC22C3F86A
:106AD000A020204AC3F8A4400240C3F8B010BFF37E
:106AE0004F8F02F1200302F580514FF0E02C8B42D2
:106AF0008CBF0121802102EB41118B42CCF85C2F2D
:106B00001A4603F12003F8D1BFF34F8FBFF36F8F05
:106B10000E4A5369D907FCD501240F490F4B546124
:106B20000340C2F8F0124FF470200849C2F8A030B8
:106B3000C2F8A400C2F8B0404B69DB07FCD50123C2
:106B40005DF8044B4B61FFF7A7BE00BF00802A40F1
:106B5000F05AF05A00F0FFFF2004180800F0FF0080
:106B600041F2BB03984200F28C80484B2DE9F0477C
:106B70001B78C2B005468946002B7FD0AB08444E37
:106B800005F00305434FA6FB03269A1B06EB5206AE
:106B9000760945EA8605C6EB86169E1B3E4B37F8FE
:106BA0001640334460004FEA033800EB0330B0EB8B
:106BB000033F67D943464FF0FF0C1A880233D1B226
:106BC0008D4208BF4FEA122C8342F6D3E14544D0F0
:106BD000B4F5006F44D302AC4FF48072FF2120461D
:106BE00001F052FD08F1020208F580532B48934250
:106BF00034BF01234FF40063424603EBC62318441D
:106C00004000134602321B889042D9B24FEA132348
:106C10006354F6D104F805900DF107090DF2071A37
:106C200000254C464046FFF73DFF14F801CF0222F5
:106C30000DF1060108EB4500631EBCF1FF0FA3EB4D
:106C4000090306D043EA0C230135ADF80630FFF7FF
:106C5000B3FEA245E9D127F8165042B0BDE8F0874F
:106C600045EA092502A902220134ADF80850FFF7D0
:106C7000A3FE27F8164042B0BDE8F087FFF73AFEC2
:106C80007CE770474FF0FF0CA0E700BFB365002022
:106C90000541100408650020C007060000003E30D2
:106CA00008B5FBF71DFEFBF7D5FC01F081FBFAE709
:106CB000844641EA000313F003036DD1403A41D307
:106CC00051F8043B40F8043B51F8043B40F8043BC6
:106CD00051F8043B40F8043B51F8043B40F8043BB6
:106CE00051F8043B40F8043B51F8043B40F8043BA6
:106CF00051F8043B40F8043B51F8043B40F8043B96
:106D000051F8043B40F8043B51F8043B40F8043B85
:106D100051F8043B40F8043B51F8043B40F8043B75
:106D200051F8043B40F8043B51F8043B40F8043B65
:106D300051F8043B40F8043B51F8043B40F8043B55
:106D4000403ABDD2303211D351F8043B40F8043BF5
:106D500051F8043B40F8043B51F8043B40F8043B35
:106D600051F8043B40F8043B103AEDD20C3205D305
:106D700051F8043B40F8043B043AF9D2043208D0FD
:106D8000D2071CBF11F8013B00F8013B01D30B886F
:106D900003806046704700BF082A13D38B078DD04D
:106DA00010F003038AD0C3F10403D21ADB071CBF1F
:106DB00011F8013B00F8013B80D331F8023B20F889
:106DC000023B7BE7043AD9D3013A11F8013B00F8C2
:106DD000013BF9D20B7803704B7843708B7883704A
:106DE0006046704706F0C6BA01F1FF3C70B58646B2
:106DF00066460846002100E00131BEFBF2F502FBC9
:106E000015E4E3B2092C03F1370403F130038CBF1E
:106E1000E3B2DBB29645AE4606F8013FECD24B1C1E
:106E20000022C418C25479B162461CF8015F14F8FC
:106E3000016DA0EB0C0302328CF80060013B121ACA
:106E400025700B449A42EFDB70BD00BF00230F2278
:106E500048F2B82C194610B54FF470444FF4806EC8
:106E6000A0F88C414FF46044A0F88E210A46A0F8A7
:106E70009031B0F888319BB243F0F003A0F888312C
:106E800001EB4103013100EB431304299C80A3F87B
:106E900006E05A841A865A805A81A3F80EC05A8294
:106EA000DA825A83DA83EBD1B0F888319BB243F0AF
:106EB0000F03A0F88831B0F888319BB243F47063B7
:106EC000A0F8883110BD00BF374B384A996F384859
:106ED00041F47F0170B599670F26D3F8801041F215
:106EE000010545F6C0540A43C3F88020FFF7AEFF02
:106EF00000F58040FFF7AAFF00F58040FFF7A6FFEE
:106F000000F58040FFF7A2FF0022A0F5031043F236
:106F1000260E114600EB42134FEA421C01329981C2
:106F2000042A5981DE819D82DC8020F80C101982B0
:106F3000A3F80CE0EED100221E484FF00F0E41F2F4
:106F40000106114645F6C05543F2260400EB4213F4
:106F50004FEA421C01329981042A5981A3F80EE0BC
:106F60009E82DD8020F80C1019829C81EED10022D7
:106F700011484FF00F0E41F20106114645F6C0557B
:106F800043F2260400EB42134FEA421C013299817E
:106F9000042A5981A3F80EE09E82DD8020F80C10AF
:106FA00019829C81EED170BD00C00F40000003FC2F
:106FB00000C03D4000001E4000401E40074A506A8D
:106FC000936A19468446506A936A9942F9D1844576
:106FD000F7D1DB0B43EA4040704700BF00400D4053
:106FE00008B5D0E900325BB1BAB10F4BA3FB021375
:106FF000DB0803EB4303B2EB83030AD1012008BD96
:10700000094BA3FB0213DB0803EB4303B2EB83033F
:1070100001D0D21A4260F02AF0D804F095FC1C226C
:10702000034600201A6008BDABAAAAAA70B550B3E7
:10703000044619B1B2FA82F676099AB9206810B3FB
:10704000626802B3154B164902FB03F3B1EBB30FB1
:1070500019D3A368EBB9002323606360A360E360E6
:10706000012070BD1D46049BC0E90012C360FFF7FC
:10707000B7FF60B1002DF3D0626831462068A5608B
:1070800001F002FBECE704F05FFC16230360002034
:1070900070BD002101F0F8FADDE700BFABAAAAAA93
:1070A0005555551572B6EFF30583504CC4F884302E
:1070B0001EF0040F0CBFEFF30882EFF309824FF0CC
:1070C000E0234B4DD3F8280DD3F82C1DC4E9220141
:1070D000D3F8341DD3F8383DC4E924139369C4F8B8
:1070E0009830D369C4F89C3000F0CCF884ED280ABD
:1070F000FFF764FF0B23C4F8A4004FF0FF323D49B3
:107100003D48C4F880302B68202404355A4042F3AF
:107110000003013C03EA010383EA5202F7D18542EE
:10712000F1D1324BC3F8A820BFF34F8F4FF0E023CB
:107130002F49324AC3F8701FC3F8702FBFF34F8F27
:10714000BFF36F8F2E4A02252E48D36E2E4943F48B
:107150004053D3660560D3692C4823F07F0343F086
:107160004003D3610B6883423DD8264D00214FF088
:10717000E0234FF0FF3229600126C5F808112449A9
:10718000C5F80011C5F80861C3F88021C3F884214F
:10719000C3F88821C3F88C21C3F8902101E000F0E6
:1071A00061F9D5F80C31002BF9D00134C5F80C6128
:1071B0004F2CF4D9174B022017494FF00042C1F869
:1071C00040015A63D5F80C313BB9144814490D4AB3
:1071D0000163D2F80C31002BFAD04FF0E023114AB2
:1071E000C3F80C2DFEE7FFF719F9BEE700FF2720D3
:1071F00080FF27202083B8EDA8FF2720A0FF2720AD
:1072000000C00F4000400840801B0020803DCD0B97
:10721000009F240000900D4000002E4000800F4091
:10722000F100AD0B0400FA05094A08B503461068E1
:1072300023B1034407498B4201D8136008BD04F011
:1072400083FB0C2203464FF0FF301A6008BD00BFDD
:10725000A81B002000002820002070474FF0FF30BE
:10726000704700BF4FF4005300204B60704700BFD1
:10727000012070474FF0FF30704700BF30BFFDE77F
:10728000FFF710BF124AD2F880305B07FBD5D2F867
:1072900080301048C3F30B230F4990ED007A07EEBE
:1072A000903A91ED006AB8EE477A0C4AF8EEE77A28
:1072B0000B4BD2ED006A77EEC77A93ED007AB8EE09
:1072C000477A67EE867A87EEA60A37EE400A70475D
:1072D00000810D40F4640020FC6400200065002063
:1072E000F8640020836BF0B41BB1536843F400438F
:1072F000536072B6446B3CB31A4B2260D3F8B04172
:107300000C421DD1184E776804E07468E41BB4F594
:10731000166F0BD2D3F8404144F48044C3F8404187
:10732000D3F8B851D3F840416404EED50D4007D1ED
:107330000C4CC0E90225D4F8B0310B43C4F8B0318D
:10734000426362B6F0BC7047064DC0E90224D5F82E
:10735000B0310B43C5F8B0310263426362B6F0BC92
:10736000704700BF00002E40001000E070B5056BB4
:1073700095B106462B46002403E01B680134012B1F
:107380000BD05A681206F8D533632CB12846B36B7C
:107390002D689847013CF9D170BD00220023C6E951
:1073A0000C23F2E730B4D9B91F4C204B0021204AFE
:1073B00001254FF0011099601D60C4E9023180245D
:1073C0005C60C2F8BC01D2F8B0311A482B43C2F855
:1073D000B0310160D2F8B031002BFBD130BC704726
:1073E0000904154B104C012541F080019860104AAA
:1073F000596000F580511D60D96000F50051A3640B
:10740000196100F5405100F58040596100219861F3
:10741000E164D2F8B03143F48033C2F8B031D2F82D
:10742000B031002BFBD1C0E700000020202300205A
:1074300000002E40A46400204023002007490122C0
:107440000B78824023EA02030B7033B9044AD2F866
:10745000483123F08003C2F848317047B6650020F8
:1074600000002E402DE9F04FA14C83B0D4F84461C8
:10747000F107C4F844614ED5D4F8AC31002B45D0A7
:107480009C4D9D4FDFF88C82DFF89892C4F8AC31A8
:10749000D5E90A20D4F8403143F40053C4F8403110
:1074A000D4F840319B04F5D5D4F840314FF00111A8
:1074B00023F40053C4F84031C4F8B411D4F8B43103
:1074C00013F00113FAD191B284463B60B1F5086F15
:1074D00000F04F8100F2968040F2023E714500F0CC
:1074E000AB8100F2A680822900F0FE81B1F5817F98
:1074F00000F0CE81802940F09780804802210380EF
:10750000FFF750FFD4F8AC31002BBFD1784AD2F846
:10751000BC31002B42D1720616D5754BD3F8AC2185
:10752000C3F8AC21D3F8BC21C3F8BC21D3F8B041D7
:10753000002CFBD14FF0FF32C3F8B421D3F88431D3
:1075400000F038FD6E4B1C60F40103D56D4B1B68D9
:1075500003B19847B00103D56B4B1B6803B1984743
:10756000710708D5624BD3F8843113F4007346D009
:10757000664B01221A705E4BD3F848311A060AD5C1
:10758000330608D5624A13782BB1013BDBB2137086
:10759000002B00F0798203B0BDE8F08F5649C2F8A5
:1075A000BC310868034240F0B681554A1268134066
:1075B000B1D01C0C4F4D1FFA83F811D04FF00109C8
:1075C00094FAA4F7B7FA87F705EBC71009FA07F79B
:1075D0004030FFF7CBFEBC43F2D1B8F1000F9AD098
:1075E000012798FAA8F4B4FA84F405EBC41007FA5A
:1075F00004F4FFF7BBFE38EA0408F2D18BE7434AF4
:107600001370B8E742F2212E714500F08D805FD8EB
:10761000B1F5106F00F0B58042F2210C614503D145
:10762000010C072900F0A8814FF00113C4F8C03104
:1076300068E7B1F5A06F00F0E180A1F5D061012904
:10764000F2D8D8F804100029EED01FFA8CFE314B86
:10765000120C03E019690C330029E5D0B3F800C01F
:107660009445F7D1B3F802C0F445F3D14FEA104A7C
:10767000100A032800F0FD811B899A4528BF9A460D
:10768000B2F5007F40F0E081204B234A1978234B6C
:10769000DFF88CB0002914BF114619462048524625
:1076A000FFF706FB2BF01F030BEB0A02BFF34F8F14
:1076B0004FF0E021C1F8703F20339A42FAD8BFF36F
:1076C0004F8FBFF36F8F16485146FFF76BFE19E7D8
:1076D00042F22133994231D04FF6C0039942A3D1EF
:1076E00083B2FF2BA0D843F46E4363F30F0CA8E7DB
:1076F00000002E4000000020A4640020BC64002094
:10770000A8640020A0650020A4650020BC650020BE
:10771000BD65002040140020801E00601C1E00601B
:10772000000020202023002080B238B9B24BC2F3E1
:1077300007421968B14B1960B14B1A700023C5F8A4
:107740004890EB64C9F808300123C9F80030802361
:10775000C9F804304FF00113C4F8BC31D4F8B0318B
:1077600043F48033C4F8B031D4F8B031002BFBD1EE
:10777000C8E6A44B0121A4481B780370FFF712FE52
:10778000C0E6A049C2F3074201934FF0800A0A7095
:107790009E4AC4F8C8219E4AC4F8CC219D4AC4F828
:1077A000D02100F009FC019B52469B48194600F08D
:1077B0006BFF9A4A9A49C5F8A02002F13C42019B0E
:1077C00002F56C22C1F804A0EB6402F56F72A964A3
:1077D0008B60C5F8E02001220A604FF00112C4F866
:1077E000BC21D4F8B02142F48032C4F8B0218D4AD3
:1077F0003B60D2F8B031002BFBD183E68849EB64C3
:107800008B600123A9640B6080234B604FF0011350
:107810008449C4F8BC31D4F8B03143F48033C4F89F
:10782000B031D1F8B031002BFBD1130C5B0643F023
:107830008073C1F8543165E610F0780F83B27FF49D
:10784000F3AE03F07F01784A13F0800F52F8213035
:1078500014BF43F4803343F0010342F82130002188
:107860006F4BE96499600121AB64196080216D4A16
:1078700059604FF00113C2F8BC31D2F8B03143F473
:107880008033C2F8B031D2F8B031002BFBD139E6E9
:1078900010F0780F83B27FF4C7AE03F07F01624A25
:1078A00013F0800F52F8213014BF23F4803323F0FB
:1078B000010342F821300021594BE964996001210C
:1078C000AB6419608021574A59604FF00113C2F828
:1078D000BC31D2F8B03143F48033C2F8B031D2F8C1
:1078E000B031002BFBD10DE683B210F078007FF4AD
:1078F0009BAE4D4A03F07F0152F82110424A10809E
:10790000180636D5C90301D50123137002213E485C
:10791000FFF748FDF6E50020086044490C884868F8
:1079200042F221018C427FF440AE80B200287FF405
:107930003CAE3F493F4C03C9A18086284FEA114124
:107940002060A1717FF431AE72B63B48017841F0FE
:1079500008010170D2F848110D0605D480200143BA
:10796000C2F84401C2F8481162B6344A502111707D
:107970001BE6CB07CAD5C7E72C49EB60304BC1E902
:1079800000200122AB601A602E4A5A60284A9A6091
:10799000D4F8B01141F00101C4F8B01102F58051E2
:1079A000D96002F50051196102F5405102F580429B
:1079B00059619A611B4AD2F8B031002BFBD11849AA
:1079C000EB648B600123A9640B6048F280034B6079
:1079D0004FF00113C2F8BC31D2F8B03143F4803318
:1079E000C2F8B0314FF480330E4A3B60D2F8B03168
:1079F000002BFBD186E500BF8C6500209C65002034
:107A0000BA650020BB650020BC6400200200CC00E9
:107A1000C80002000200C800800000205DCFC6B888
:107A20002023002000002E40C0012E4008530020DB
:107A30009C64002094650020B6650020BD65002090
:107A40004023002080000700B2F5E06F15D1114BF4
:107A5000114A1978DFF848B0104B5846002914BF76
:107A6000114619465246FFF723F907238BF80130D8
:107A700018E60B789A4528BF9A4652460848DFF820
:107A800020B0FFF715F90DE60320FFF7D7FC08F04B
:107A90006FFB00BFBC6500201C1E0060801E0060E4
:107AA000000020202DE9F0471F46831E022B01D93C
:107AB000BDE8F087DFF84C9015460C464FEAC01A37
:107AC00009EBC0183C220646002108F104002404FA
:107AD00000F0DAFDB5FA85F20123520944EA427456
:107AE00049F80A40C8F83870C8F80830002FDFD0CD
:107AF000034AB34011680B431360BDE8F08700BF31
:107B0000A8640020000000202DE9F0470D46811EEA
:107B1000022901D9BDE8F087C701DFF84C909246F1
:107B2000044640373C2200211E4607EB09082D047D
:107B300008F1040000F0A8FDBAFA8AF2520945EAF9
:107B4000427249F807200122C8F83860C8F80820B6
:107B5000002EDFD0034B10341968A2400A431A608C
:107B6000BDE8F087A86400200000002012048160B6
:107B7000C36101F5405342F0800210B40124426019
:107B800001F50052046001F5805401F58041C460A4
:107B900081615DF8044BC0E904237047831E0A46E7
:107BA000022B00D9704700F110014FF0010C034B7C
:107BB0000CFA01F103EBC010FFF794BB400000206A
:107BC000831E0A46022B00D970470121024B8140D7
:107BD00003EBC010FFF786BB000000204068704731
:107BE000124A134BD2F8200220F07F40984210B581
:107BF00084B002D200EB800040000E4C01A90A22A2
:107C0000FFF7F2F801A90023204611F8012B0133F8
:107C10003AB10A2B20F8022FF7D11623237004B0B3
:107C200010BD5B00DBB2237004B010BD00441F40E8
:107C300080969800FC1B002000F0DABA00F0CCBA65
:107C400000F068BB00F03EBB0846114600F02EBBBA
:107C5000F8B5144C4FF0E025134E4FF4003204EB0E
:107C60004024124F06EB40160346C5F88C212146EE
:107C700030463A88FFF77AFF3B882344BFF34F8FA3
:107C8000C5F85C4F2034A342FAD8BFF34F8FBFF33F
:107C90006F8F03203146FFF793FF4FF40033C5F891
:107CA0000C31F8BD8000202060230020A865002052
:107CB0002DE9F843244BC5691C884368C3F30E4380
:107CC000E41A002C25DD2149A7B221480A78007862
:107CD000D3B2204E8242204807D010F8039036F8E5
:107CE0001980C8F50072944218D90133002226F891
:107CF0001570082B194E88BF134626F8152098BF1B
:107D0000DAB2C554164B0A701A6814441C60BDE8F8
:107D1000F8832846BDE8F843FFF79ABF08EB4920EF
:107D200010492246B844084401EB4521FEF7C0FF44
:107D30000B4A284626F81980136823441360BDE8CF
:107D4000F843FFF785BF00BFA8650020B465002099
:107D5000B5650020C8640020E8640020D8640020D5
:107D6000C4640020800020202DE9F8431E4B1A78BF
:107D7000002A37D11D4B1B78A3B31D4E02F0FF051F
:107D800032887AB3DFF87480C2F50069194F98F829
:107D900000304A46184C07EB431704EBC3242B462C
:107DA00038462146FFF7E2FE04EB0902BFF34F8F8E
:107DB0004FF0E023C3F8704F2034A242FAD8BFF34B
:107DC0004F8FBFF36F8F04203946FFF7E7FE98F817
:107DD0000030002201333280DBB2032B98BF1D46F6
:107DE00088F80050BDE8F883B9650020BB65002025
:107DF000AA6500206024002080102020B8650020A3
:107E00002DE9F04F87B00490002900F0BE800023D8
:107E10005F4C604F4FF00109DFF890A15E4E029376
:107E200003915E4B5E4A1D783B8802EB451284F855
:107E300000900192002B40F0A48098461D469B467E
:107E40000198FFF7CBFE10F0800000F08A80BFF3AE
:107E50004F8F9AF8003084F800B00DB9D6F8008042
:107E6000002B7AD13368A3EB0803782B00F28280D1
:107E70004C4B1B78002B70D000F09AFA3B88012500
:107E800084F80090002BDBD0444AC3F500601578DD
:107E90001A46039900EBC520DFF814B1ED029142B8
:107EA000584417D20593DDE903210192FEF700FF44
:107EB000019A4FF04041059B9B1A3B803A4BC3F817
:107EC0008410BFF34F8F029800231044237007B033
:107ED000BDE8F08F5D440499FEF7EAFE00234FF4FD
:107EE000006229460198FFF741FEBFF34F8F05F16D
:107EF000200205F50063934234BF012340234FF075
:107F0000E02205EB4313C2F8705F2035AB42FAD193
:107F1000BFF34F8FBFF36F8F04200199FFF73EFE31
:107F20001E4A13780133DBB2042B28BF00231370E1
:107F30003B88039AD11A029A1A4403910292049A36
:107F40001A4400230492184A3B80C2F88430BFF3DD
:107F50004F8F237000297FF464AF029807B0BDE80B
:107F6000F08F4FF400620D4B8AF800001D78134625
:107F70003A808EE7012302988AF8003007B0BDE806
:107F8000F08F1A46C3F5006083E70846E6E700BFB6
:107F9000B9650020AA6500208C650020B865002026
:107FA00060240020BB65002000002E40B765002043
:107FB00080102020704700BF2D4B002180222D48CB
:107FC00070B51B7800242C4E8B422C4D0CBF4023E7
:107FD0004FF4007333802B8000F056FB284A214673
:107FE000284B14704FF4807227481C8000F04CFB23
:107FF000264A1021264B0220C2E90044C2E902446D
:10800000244AC3E900441470234AC3E90244234BC1
:108010001C70234614602246FFF776FD204B224653
:1080200031880320FFF73EFD2346012229880420E2
:10803000FFF76AFD20460134FFF70AFE082CF9D14C
:10804000184B00214A221848184C0460C3F88410C9
:10805000C3F88020D3F84821154942F08072C3F854
:10806000482121B1134A137843F00103137070BD06
:10807000BC65002060240020A8650020AC650020BD
:10808000B8650020AA65002060230020C864002095
:10809000D8640020B4650020C4640020B5650020C9
:1080A000C15D000000002E40A0650020795E000048
:1080B00000000000BE6500202DE9F84F4FF40032AB
:1080C0004FF0E0238A46C3F88C212B4B1C78002903
:1080D00050D08346E4B20027DFF8B490274B5846CF
:1080E000274AAAEB07081B78A34204F1010438D001
:1080F000092C244B244928BF00241E5D39F8163072
:1081000031F8165003EB4621ED1A1144A8452A46D2
:1081100017D242465846FEF7CBFD1C4939F81640A7
:1081200050460B68A044A3EB0A0329F816803B4491
:108130000B604FF0E0234FF40032C3F80C21BDE890
:10814000F88FFEF7B5FD114A2F4430461368AB4453
:108150005B1B1360E3B2084A1370FFF779FDBA4561
:10816000BCD84FF0E0234FF400323846C3F80C215E
:10817000BDE8F88F0846DCE7B5650020B46500204F
:1081800080002020E8640020C8640020C46400202F
:10819000D86400200B4B0C4A12781978D3B28A426B
:1081A0000DD0013309480A4A092B0A4928BF002388
:1081B000C35C31F8131002EB4323585C70474FF057
:1081C000FF307047B4650020B5650020E8640020EA
:1081D00080002020D8640020044B10B51C680CB12E
:1081E000204610BD00F0E4F8204610BDC464002015
:1081F0002DE9F84F144E154D33782A78934221D04B
:10820000DCB2DFF85090DFF850B0DFF85080104F4C
:108210000134082C5FFA84FA01D90024A24619F827
:108220000400DBF8003038F8102037F81010521A2C
:108230009B1ACBF80030FFF70BFD86F800A02B78D7
:10824000A342E5D1BDE8F88FB5650020B4650020F4
:10825000D8640020E8640020C4640020C8640020C2
:1082600000B583B001210DF10700FFF725FF20B114
:108270009DF8070003B05DF804FB4FF0FF30F9E70D
:10828000094B00B583B01B788DF807003BB1012185
:108290000DF10700FFF7B4FD03B05DF804FB03F038
:1082A000FF0003B05DF804FBBB650020044B1B78A6
:1082B00003F0FF020BB1FFF7A3BD1046704700BFEC
:1082C000BB6500202DE9F0410024DFF84480012344
:1082D0000D4D27460D4E88F8003033782846A342CE
:1082E00005D0FFF77BFC030658BF07F50067013494
:1082F0002035042CF1D1BFF34F8F0023384688F886
:108300000030BDE8F08100BF60240020B865002087
:10831000B96500202DE9F8431F4B1B7813B11F4DA1
:108320002A880AB9BDE8F8831D4FC2F500691D4EC1
:108330003B784A461C4C06EB4316DFF8708004EB92
:10834000C3240123304688F8003021460023FFF77C
:108350000DFC04EB0902BFF34F8F4FF0E023C3F88D
:10836000704F2034A242FAD8BFF34F8FBFF36F8F04
:1083700004203146FFF712FC3B78002201332A80AB
:10838000DBB2042B28BF13463B70BFF34F8F88F836
:108390000020BDE8F88300BFBB650020AA6500206F
:1083A000B86500206024002080102020B9650020DE
:1083B0002DE9F8432D4B1E7886B1DFF8C48098F87C
:1083C00000305BB90123F10788F8003040D4B207D0
:1083D00025D4002388F80030730701D4BDE8F88362
:1083E000234B1A68002AF9D0EFF30582002AF5D151
:1083F000EFF3108572B61868002830D01D4C217834
:1084000069BB0122227042691A6062B3916105B9A9
:1084100062B600258368457798472570DEE7DFF868
:10842000649099F80030002BD3D0134F002557F8F3
:10843000044F236820461B69984710B163699B6805
:108440009847013599F80020EBB29A42EFD8C0E77F
:10845000FFF7C2FE0028BAD0AFF30080B7E7002DC7
:10846000BCD162B6BAE7054B1A60D0E7BE65002002
:1084700068640020AE6500207464002074640020ED
:10848000B0650020AF65002010EE101AC1F3C7528E
:108490000029A2F17F0CACBF01204FF0FF30BCF1EE
:1084A0001E0F0FDCBCF1000F1DDBC1F31603BCF186
:1084B000160F43F400030ADD963A03FA02F202FBB8
:1084C00000F07047FDEEC07A17EE900A70474FF447
:1084D000800242FA0CF21A44CCF1170C22FA0CF288
:1084E00002FB00F07047BCF1FF3F18BF002070474F
:1084F00003460846194604F0B1BD00BF40EA010337
:108500009B0710B501D1032A17D8844601F1FF3E1D
:1085100007E01EF8011F03F8011B541E29B19C46F9
:1085200022466346002AF4D110BD9444002CFBD0AF
:1085300003F8011B6345FBD110BD8E468446DEF86F
:108540000040A4F1013323EA040313F0803F714695
:108550000EF1040EDAD1043A032A4CF8044BEED89B
:108560007146D3E7034B1B5C03F00303022B08BFE8
:108570002038704771050020000000000000000056
:1085800000000000000000000000000000000000EB
:1085900000000000000000000000000000000000DB
:1085A00000000000000000000000000000000000CB
:1085B00030B490F800F020F007016FF0000C10F0DC
:1085C000070491F820F040F048804FF000046FF06D
:1085D0000700D1E9002391F840F000F1080082FA89
:1085E0004CF2A4FA8CF283FA4CF3A2FA8CF34BBB54
:1085F000D1E9022382FA4CF200F10800A4FA8CF2CD
:1086000083FA4CF3A2FA8CF3E3B9D1E9042382FA9A
:108610004CF200F10800A4FA8CF283FA4CF3A2FAAF
:108620008CF37BB9D1E9062301F1200182FA4CF2E7
:1086300000F10800A4FA8CF283FA4CF3A2FA8CF34E
:10864000002BC6D0002A04BF04301A4612BAB2FA70
:1086500082F200EBD20030BC7047D1E9002304F075
:108660000305C4F100004FEAC50514F0040F91F8AA
:1086700040F00CFA05F562EA05021CBF63EA050347
:1086800062464FF00004AAE7830730B547D0541E76
:10869000002A3ED0CAB2034601E0013C39D303F8B8
:1086A000012B9D07F9D1032C2CD9CDB205EB052563
:1086B0000F2C05EB054535D9A4F1100222F00F0C63
:1086C00003F1100EE6444FEA121C1A46C2E90055A7
:1086D000C2E9025510327245F8D10CF1010214F0D2
:1086E0000C0F03EB021204F00F0C13D0ACF10403D7
:1086F00023F003030433134442F8045B9342FBD199
:108700000CF003042CB1C9B21C4403F8011BA342B2
:10871000FBD130BD64461346002CF4D1F9E7034683
:108720001446C0E71A46A446E0E700BF10B51C4C4B
:10873000002924689AB02DDB009004904FF4027059
:10874000ADF80C004FF00000199013D001394FF62E
:10875000FF7002910591ADF80E006946204601F0C8
:10876000FFF8421C01DA8B232360009B00221A7061
:108770001AB010BD4FF6FF7002910591ADF80E00D2
:108780006946204601F0ECF8431C01DA8B23236094
:108790001AB010BD8B2323604FF0FF30F8E700BF05
:1087A000C814002030B51446002C9BB005462EDBC3
:1087B0001A464FF40273ADF80C304FF000030091ED
:1087C0000491199313D04FF6FF73013CADF80E30AE
:1087D00069461E9B0294059401F0C2F8421C01DA1E
:1087E0008B232B60009B00221A701BB030BD4FF60C
:1087F000FF73ADF80E3069461E9B0294059401F09C
:10880000AFF8431C01DA8B232B601BB030BD8B23E8
:1088100003604FF0FF30F8E7024A1268012350323C
:1088200004F0E6BBC81400202DE9F04F2DED0A8BB3
:1088300097B0894600219246129100220021CDE98D
:1088400004128046494611910F4611F8012B2D2A3A
:108850005ED801A050F822F0436B0000216A0000AE
:10886000216A0000216A0000216A0000216A0000DC
:10887000216A0000216A0000216A00005769000097
:1088800057690000576900005769000057690000E8
:10889000216A0000216A0000216A0000216A0000AC
:1088A000216A0000216A0000216A0000216A00009C
:1088B000216A0000216A0000216A0000216A00008C
:1088C000216A0000216A0000216A0000216A00007C
:1088D000216A0000216A000057690000216A000037
:1088E000216A0000216A0000216A0000216A00005C
:1088F000216A0000216A0000216A0000216A00004C
:10890000216A0000B1700000216A0000C5700000FB
:1089100000210791302A00F09A80002308932F2A23
:10892000144640F2DD84002338461E461D4613E0FF
:108930000130082D1190C8BF03EB83030478C6BF34
:1089400002EB4302A2F13003A1F130062F2C05F116
:108950000105224640F3CC8006EB8601392C02EB60
:108960004101E5DDB6490993012202F01DFF099B93
:1089700000287DD111990A46013111915478002DBA
:1089800040F05185302C40F0FE840A4610460132FA
:1089900011921478302CF9D0C1F101010844A4F1EE
:1089A0003102082A39D8119F411CA4F130020A91E2
:1089B0000125BE464FF0000C06EB860602EB46068C
:1089C00000200EF1010211929EF80140A4F1300145
:1089D000092900F2BD82DDF844E001300A46002991
:1089E000EFD00128D8BF05F1010B40F3508400EB14
:1089F000050B0BF1FF34099703E07E00AC4200F059
:108A00004584082D06EB860705F10105F5DD102DDF
:108A1000DCBF03EB83035B00F0E7652C40F0CD8205
:108A200000220121CDE909129446089A024340F040
:108A30009D829FED818BBAF1000F01D0CAF80090A2
:108A4000B0EE480B17B0BDEC0A8BBDE8F08F7A781A
:108A500002F0DF02582A00F0DC83013711973A78E0
:108A6000302AFAD0002A00F06B820123089356E7DF
:108A70000020CDE90900AC46652C48D0452C46D0F5
:108A80004FF0000B002D40F08F80089B034340F017
:108A90005782099B002BCCD1692C00F0498400F34C
:108AA0004284492C00F044844E2CC2D1654911A85F
:108AB00004F0DCFF0028BCD0119B1B78282B00F0B1
:108AC0005185614805F0D4F8B0EE408BBAF1000F43
:108AD00002D0119BCAF80030079B002BB0D0B1EE3A
:108AE000488BB0EE480B17B0BDEC0A8BBDE8F08F99
:108AF00053490993012202F057FE099B0028B7D180
:108B0000119A0A90511C11915478AC465EE7002DE1
:108B10008BD0DDF8449009F10102119299F80140DF
:108B20002B2C00F020822D2C00F0158200220B92BD
:108B3000A4F1300BBBF1090F00F20582302C119A21
:108B40000AD1013211921478302CFAD0A4F13101FB
:108B5000082995D8A4F1300B511C119154782F2C71
:108B600040F3CF838E460C9208E0013111919EF8BC
:108B700001402F2CA2F1300B06DD8E460BEB8B0251
:108B8000392C04EB4202F0DD0C9A891A082940F3D3
:108B9000B88344F61F6B0B9A002A3FF473AFCBF1F6
:108BA000000B002D3FF471AF07EE906A0A9AB8EE01
:108BB000677BABEB0202BCF1000F08BFAC46102D87
:108BC00009922A46A8BF1022092D8DED047B0EDDE7
:108BD00006EE903A1D4B03EBC20313ED125B0F2D13
:108BE000B8EE666BA7EE056B8DED046B30DC099B70
:108BF000002B00F0E882099B40F33782162B40F3EC
:108C000086830999C5F125038B4221DB0F4BC5F102
:108C10000F054A1B03EBC50503EBC20395ED008B63
:108C200093ED007B9DED046B28EE068B28EE078B01
:108C30004CE700BFAFF30080000000000000000020
:108C4000940D0020A40D0020840E0020E0020020DE
:108C5000AB1A099A1344002B40F3B58113F00F01AE
:108C60000AD0C74A02EBC1029DED046B92ED007B76
:108C700027EE067B8DED047B33F00F0240D0B2F57A
:108C80009A7F00F36B83102A4FEA221340F3BB84D0
:108C9000BC4C9DED047B00202246014613F0010FE1
:108CA00001F101014FEA630304D092ED006B012052
:108CB00027EE067B012B02F10802EFD108B18DED02
:108CC000047B059BA3F15473059304EBC1049DED54
:108CD000046B94ED007BAC4B27EE067B17EE902ADD
:108CE000AA4913408B428DED047B00F23783A849DB
:108CF0008B4240F2E083A74C4FF0FF33CDE90434C0
:108D00000023089300962B4662463946404605F0FC
:108D100063F88146002800F021830A9BCDF83CA02F
:108D2000A3EB0B0B099B002BB4BF5A4600224FF05C
:108D3000000B23EAE3739FED8E9B0A920B935C4634
:108D4000BFE0991A1F29A5EB010500F3018201225A
:108D500002FA01F30C9300230D932F44089B554412
:108D6000AA4552461F44A8BF2A46BA42A8BF3A465F
:108D7000002A03DDAD1ABF1AAAEB020A0A9B002BD8
:108D800000F38C81002D00F3A281099B002B00F3DE
:108D9000D581002F00F3C581BAF1000F08DD21460F
:108DA0005246404605F002FA0446002800F0C2810F
:108DB00012993246404605F093FA8346002800F0A7
:108DC000B9810023C568C360214605F067FA002811
:108DD000C0F29483059F00F02F832146584605F08A
:108DE0002BFCB0EE007BB4EEC70BF1EE10FA00F2F4
:108DF0004C81002D40F0BC81049B002B40F033825D
:108E0000C7F31303002B40F0E181B7EE007BB4EE13
:108E1000C70BF1EE10FA00F10A83B6EE00BB20EEAC
:108E20000BBBB1EE4BAB5848DFF870C107EA00014D
:108E3000614553EC1A2B00F0A0810898E0B1B1F124
:108E4000D46F19D8B4EEC9BBF1EE10FA11D8BCEE4C
:108E5000CBBB1BEE103A012B38BF01230BEE103AAF
:108E6000B8EE4BBB002D40F08B82B1EE4B7B53EC48
:108E7000172B03F1D660431AB0EE480B43EC1A2BC4
:108E80000C9105F0E9FAAAEE008B8DED048B18EE3B
:108E9000907A0C99089B23B93B4B3B40994200F0D8
:108EA0009A811299404604F03DFF3146404604F055
:108EB00039FF2146404604F035FF5946404604F04C
:108EC00031FFD9F80410404604F006FF064600289A
:108ED00000F03081D9F810200232920009F10C0123
:108EE0000C30FDF7E5FE9DED048B14AA13A9404656
:108EF000B0EE480B05F040FB1290002800F0F08027
:108F00000121404605F014F80446002800F01281C3
:108F1000139A002AC0F200810A9B0B9F02EB030AFE
:108F2000089B149DD21A2A441B4B013A9A42C5F160
:108F30003605FFF606AF01230022CDE90C320CE71F
:108F40009FED0D8BC2E5CDF844904FF0000B99E5F5
:108F50000122099290E501220B9209F1020211927D
:108F600099F80240E4E500220B92F6E70025D0E5EF
:108F70000000C0FFFFFFDF41000000000000000014
:108F8000E0020020D00300200000F07F0000A07C61
:108F90000000907CFFFFEF7F02FCFFFF0000E07FFE
:108FA00000220792791C11917A78002A3FF441AD92
:108FB0000F46AFE401220792F4E7452C3FF430ADB1
:108FC0000123099361E53FF49BAE5B4213F00F016F
:108FD0000AD0BD4A02EBC1029DED046B92ED007B0D
:108FE00086EE077B8DED047B1B113FF489AE1F2BB2
:108FF00035DC13F0100218BF6A229DED047B089245
:10900000B24A0021D80704D592ED006B012127EE6A
:10901000067B5B1002F10802F4D109B18DED047BEF
:10902000089BA3B1DDE90401C1F30A52C2F16B034D
:10903000002B0ADD1F2B40F3F0820020342B04901C
:1090400040F32B834FF05C7305936A2308939DEDE7
:10905000047BB5EE407BF1EE10FA7FF453AE222391
:109060009FED8F8BC8F8003030E51633FFF6F0AD7A
:109070000A9BA3EB0B0B944B03EBCB0393ED007B11
:109080009DED046B86EE078B20E5B6EE00BB20EE6F
:109090000BBB002D69D1B1EE4BABC4E621461A469D
:1090A000404605F029F80446002843D00146129AAC
:1090B000404604F06BFF00283CD00E9012994046C9
:1090C00004F030FE0E9A1292002D7FF75EAE1299D8
:1090D0002A46404605F06AF8129000287FF455AE03
:1090E000DDF83CA09FED708B2223C8F800300146CC
:1090F000404604F017FE3146404604F013FE214678
:10910000404604F00FFE4946404604F00BFE594627
:10911000404604F007FED9E40B9BDDF828A09F1A17
:10912000FEE631463A46404605F040F8064600283D
:109130007FF432AEDDF83CA01298D3E731460B9AAB
:10914000404604F0D9FF064600287FF422AEF1E73E
:10915000C2F17F4202F57F0202F57B420121E23239
:1091600001FA02F3CDE90C13F7E5B0EE4BAB5AE68A
:10917000B7EE00ABB0EE4ABB55E6A7F154730593CA
:109180009DED04CBB0EE4C0B0C9105F065F9504809
:10919000A0EE0ACB1CEE907A4E4B0C9938409842C8
:1091A0008DED04CB6ED918EE902A03F154739A42D8
:1091B00003D118EE103A0133BCD0474B4FF0FF32C9
:1091C000CDE904236DE69DED048B7FE4BFEE00AB9B
:1091D000B7EE00BB27E651EC1B0B06F08FFF06F045
:1091E0005FFF049B41EC170B1D43C7F313073D437F
:1091F0003BEE477B27D19FED2E6BB4EEC67BF1EEA5
:1092000010FA7FF54EAE9DED048BDDF83CA0129870
:109210006DE70293079B019312AB00932F4A13ABA8
:1092200011A9404601F026FF10F00F0504463FF457
:1092300087AE062D40F0AA80013700239FED188BE2
:109240001197079342E49FED1C6BB4EEC67BF1EEE1
:1092500010FAD8D49FED1A6BB4EEC67BF1EE10FA7B
:109260007FF71FAECFE7049B012BAFD1002FADD10D
:10927000DDF83CA0129B184622239FED098BC8F80D
:10928000003034E707F15477059703E6099F0A9CFD
:10929000082D04440A9468DC5D46FFF78DBB00BFCF
:1092A0000000000000000000000000000000F07F4F
:1092B0009535A094FFFFCF3F9535A094FFFFDF3F8A
:1092C00035E5AF350000E03FE0020020A8020020B5
:1092D0000000F07FFFFF9F7CFFFFEF7F80020020F8
:1092E000AF490122384602F05FFA002800F0928070
:1092F00000231E4618460A931D4609939C46FFF715
:10930000BDBB44F61F629345A8BF934643E4A54BFB
:10931000099A03EBC20393ED008B9DED047B28EECD
:10932000078BFFF7D3BB6E2C3FF4C0ABFFF781BBBD
:109330009D4911A804F09AFB00283FF47AAB119BD9
:109340009A49013B11A8119304F090FB10B9119BAD
:10935000013311939FED8E8BFFF7B8BB22239FED56
:109360008C8BC8F80030FFF7B1BBBBF1100FDCBF2E
:1093700003EB830301EB43035D460020FFF721BBB2
:10938000B0EE4B7B73E50020FFF709BB129A3AB1B0
:10939000352114A805F096F91299404604F0C2FC54
:1093A000013D139B042D00F2AA81DFE805F0032D97
:1093B0002A1F0300149A049203F23342159B23F4EC
:1093C000801343EA02530593E40502D543F00043BA
:1093D0000593774A1A409DED048B002A7FF476AB03
:1093E00002F0B2FA22230360FFF770BB4FF0FF32A6
:1093F0006FF00043CDE90423E3057FF5E4AE059B60
:10940000E4E76B4B0593F7E7DDE91412159BCDE913
:109410000412D9E711990A46013111915478064690
:109420000346FFF7AFBAAC460A90FFF7CFBABEEEDD
:1094300000ABB6EE00BBF6E4DDE90CC3DDF83CA002
:109440005C49C7F31302002D39D08A4200F0ED8049
:109450005BBB049B1CEA030F29D0B0EE480B04F061
:10946000FBFF089B002B00F03181C7F30A53C3F1C7
:109470006B03002B40F32E81190501F17F5300226D
:1094800003F5401343EC172BA0EE078B9FED427BB7
:10949000474B28EE078B18EE902A1340002B7FF4E1
:1094A000B6AE2223C8F80030B1E63B42D5D1089BC6
:1094B000002BEBD1ABE602F15473059320E4002AB4
:1094C0007CD1DDE904010246002840F0A080089B21
:1094D000002B40F0EA80059B23F000473F0D3F053D
:1094E000A7F580176FEA17536FEA035305934FF000
:1094F000FF3304939DED048B1298F8E5DDE9041227
:109500000D43DDF83CA0D2D1C2F31303002BCED122
:1095100022F000473F0D3F05B7F1D66F3D46C6D953
:10952000DBF814301BB9DBF81030012BBFDD5946D6
:109530000122404604F03AFE2146834604F0AEFE86
:109540000028B4DD089B002BCAD0A5F580156FEA72
:1095500015536FEA035305934FF0FF3304939DEDCA
:10956000048B93E7144911A814AA04F09BFA052868
:109570007FF4A7AA159B43F0FF4343F4E003059350
:10958000149B04939DED048BFFF7A0BAAFF300800A
:10959000000000000000F07F0000000000005039D3
:1095A000940D0020E0020020980D00209C0D00206A
:1095B0000000F07FFFFF0F0094020020002B4DD130
:1095C000049B1CEA030F3FF472AFB0EE480B04F0AB
:1095D00043FF089B002B48D0C7F30A53C3F16B032A
:1095E000002B7ADD1B0503F17F51002001F54011AE
:1095F00041EC170BA0EE478BB5EE408BF1EE10FA65
:109600007FF444AF36E6444C0021FFF75ABB2BBB36
:1096100012EA0C0F3FF44BAFD7E74FF0FF3202FADC
:1096200003F3049A1A4004920FE5089A0499CAB108
:109630003A4A3A40B2F1D46F14D8120DC2F16B021B
:109640004FF0FF3000FA02F2914219D0002B7FF464
:109650002CAF11EA0C0F3FF42AAFFEE63B423FF479
:1096600026AFB2E74FF0FF32EEE7129B38EE408BA9
:10967000B5EE408BF1EE10FA18467FF438ADFAE5FE
:10968000274B9F4232D0254B3B4003F58013059377
:10969000002304939DED048B09E7C2F14B024FF0C8
:1096A000FF3393400B400593CFE41C4D3D40B5F193
:1096B000D66F3FF64AAFB5F15C7F3FF6E7AE2223A7
:1096C0009FED118B1298C8F8003010E5129838EE13
:1096D000008B0CE538EE008BD8E638EE408BB5EE0B
:1096E000408BF1EE10FA7FF4D1AEC3E50131CAD15F
:1096F00022239FED078B1298C8F80030F7E400236F
:1097000062E600BFAFF30080000000000000000030
:10971000000000000000F07FD00300200000F07F78
:10972000FFFFEF7F014BFFF77FB800BF041A002057
:1097300010B4054C8446134620685DF8044B0A4675
:109740006146FFF771B800BFC814002010B4054C83
:10975000054B84460A4620685DF8044B6146FFF7D6
:1097600063B800BFC8140020041A002010B51C4CB8
:109770008446134620680A466146FFF755F8B4EE62
:10978000400BF1EE10FAB0EE407B17D6B7EEC00BEF
:10979000DFED146AB0EEC06AB4EE666AF1EE10FA5C
:1097A0000BDDB0EEC77B9FED0C6BB4EE467BF1EEAC
:1097B00010FA02DC236822221A6010BD17EE903ADC
:1097C000002B094804DA04F05BFAB1EE400A10BD40
:1097D000BDE8104004F054BAFFFFFFFFFFFFEF7F2A
:1097E000C8140020FFFF7F7F840E002010B5224C9C
:1097F000224B84460A4620686146FFF715F8B4EE0E
:10980000400BF1EE10FAB0EE407B23D6B7EEC00B62
:10981000DFED1B6AB0EEC06AB4EE666AF1EE10FAD4
:109820000CDDB0EEC75B9FED126BB4EE465BF1EE64
:1098300010FA03DC236822221A6010BD10EE103AE1
:1098400013F0FF4FF9D10F4B17EE902A1340002B66
:10985000F0D110BD17EE903A002B0B4804DA04F05B
:109860000FFAB1EE400A10BDBDE8104004F008BA8E
:10987000FFFFFFFFFFFFEF7FC8140020041A002046
:10988000FFFF7F7F0000F07F840E002011F0FF01BA
:10989000034600F0030239D08ABB026810B501EB21
:1098A000012E0EEB0E4E8EEA0204A2F1013323EAE2
:1098B0000203A4F1013222EA0402134313F0803FB1
:1098C0000FD150F8044F84EA0E0CA4F10133ACF12F
:1098D000013223EA040322EA0C02134313F0803F0F
:1098E000EFD0037823B936E010F8013F002B32D0D7
:1098F0009942F9D110BD8A4228D09A0729D01A7806
:1099000018460133002AF6D110467047CAB90268DA
:10991000A2F1013323EA020313F0803F08D150F88B
:10992000042FA2F1013323EA020313F0803FF6D0A3
:1099300003785BB110F8013F002BFBD1704799070A
:1099400005D0184613F8012B002AF8D170471846A5
:10995000DDE71846A1E7184610BD00BF0000000073
:109960002DE9F04F2DED048BB9B00C4605919246D0
:109970000993089004F026FF03680D931846FEF73C
:1099800017FEA3890C90190603D52369002B00F05C
:10999000898600239FEDA68BCDE91C33CDE90E33DC
:1099A00028AA0B931B9291460693D3469BF800304E
:1099B000002B00F04E815D4604E015F8013F002BBE
:1099C00000F02281252BF8D1B5EB0B0440F01F816C
:1099D0002B78002B00F03D814FF000038DF84F30C5
:1099E0004FF000084FF0FF336C78049305F1010B42
:1099F000C2460BF1010BA4F12003582B00F2388171
:109A0000DFE813F09302360136018E02360136018B
:109A100036013601360136015802880236016202EB
:109A20006702360183025900590059005900590054
:109A300059005900590059003601360136013601E6
:109A40003601360136013601360136016800AF01B4
:109A50003601AF013601360136013601BE0236014C
:109A60003601980036013601360136013601F10023
:109A70003601360127063601360136013601360138
:109A800036013601360136013601B0026A00AF01F7
:109A9000AF01AF01AB026A00360136019E0236010A
:109AA000FA029A00EA02E5023601C3023601F30027
:109AB000360136014806A4F130034FF000081BF8C8
:109AC000014B08EB880803EB4808A4F13003092B8D
:109AD000F5D990E74AF0100A1AF0200F00F0B7818C
:109AE000099B073323F007031A46596852F8083BCD
:109AF00009920A460029C0F2D78104999DF84F6067
:109B0000002908DB2AF08001029153EA020100F0EB
:109B1000E783DDF808A00A2B72F1000180F044868B
:109B200030338DF89F300123CDF808A007930DF155
:109B30009F0542E04AF0100A1AF0200200F0A081CE
:109B4000099B073323F0070319465A6851F8083B6D
:109B500009910021002604988DF84F60002808DB49
:109B60002AF08000029053EA020000F0BA83DDF888
:109B700008A00129CFD0022900F0358328AD03F0D9
:109B80000701DB0843EA4273D208303153EA020787
:109B9000284605F8011DF2D11AF0010F00F03183BB
:109BA000302900F02E833023023805F8013C28AB21
:109BB0001B1ACDF808A007930546049B079A934209
:109BC000B8BF1346039300230A9316B1039B0133D6
:109BD0000393029B13F0020A5BD0039B02330393AF
:109BE0004FF0020A55E04AF0100A1AF0200200F085
:109BF0003D81099B073323F0070319465A6851F842
:109C0000083B09910121A5E7B5EB0B0421D01D9B71
:109C100023441D931C9B0133072BC9E900B41C93FB
:109C20000EDC09F10809069B23440693D0E600BF29
:109C30000000000000000000FFFFFFFFFFFFEF7FBC
:109C4000059908981BAA03F0D3FE30B90DF1A009BD
:109C5000E9E71D9B002B40F01C87059B9B895B0659
:109C600000F1EB87069839B0BDEC048BBDE8F08FAE
:109C7000002CEED000238DF84F3001238DF8784072
:109C8000039307931EAD0023CDF808A004930A9315
:109C90009A46029B1D9A13F0840305D10399A8EB01
:109CA0000106002E00F32F839DF84F1089B11C99F7
:109CB0000DF14F0001310132C9F8000007294FF0C2
:109CC00001001D921C91C9F8040000F3578309F1AB
:109CD0000809BAF1000F10D01C9914A80131023202
:109CE000C9F8000007294FF002001D921C91C9F825
:109CF000040000F3518309F10809802B00F0E3818F
:109D0000049B07995E1A002E00F32482029BDE0555
:109D100000F18081079BC9F804301A441C9BC9F8E4
:109D200000500133072B1D921C9300F3848209F12C
:109D30000809029B590705D5039BA8EB0304002CD7
:109D400000F33883069B03998845ACBF43445B18F6
:109D50000693002A40F05B8200231C930DF1A009BA
:109D600024E6099B073323F00703B3EC028B1FEDB6
:109D70004E7BB0EEC86BB4EE476BF1EE10FA099370
:109D800000F34484B4EE488BF1EE10FA80F15A8768
:109D9000049B5A1C24F0200600F0EF86472E03D1C6
:109DA000002B08BF012304934AF48073029318EE3A
:109DB000903A002BC0F21A86B0EE489B0023109315
:109DC000652C00F0EF8600F32486452C00F0EA862F
:109DD000B0EE490B19AB019316AB0093049A0898A7
:109DE00015AB022102F02EF91AF0010F054600F022
:109DF0009784049BC118B5EE409BF1EE10FA00F079
:109E00002686199B8B4206D230205A1C1992187054
:109E1000199B9942F9D8159A0A925B1B472E0B930E
:109E200000F08384662C40F085840A99049A0AF035
:109E30000103002943EA020340F35C86002B40F053
:109E400025870A9B03930793662400F018BE099A9E
:109E50001AF0100F52F8043B099220D11AF0400F6B
:109E60001DD043F3C03211461BB243E6099951F8A5
:109E7000043B09911AF0100100F0C083012169E64A
:109E8000099951F8043B09911AF010017FF461AE71
:109E90001AF040023FF45DAE0A469BB259E6DA176B
:109EA00011460029BFF629AE5B4262EB42022D2625
:109EB000012150E6099B53F8048BB8F1000F80F2A2
:109EC0009583C8F1000809939BF800404AF0040A02
:109ED0008FE5594611F8014B2A2C00F0F486A4F1C5
:109EE0003003092B98BF002200F2578611F8014B6E
:109EF00002EB820203EB4202A4F13003092BF5D9F5
:109F000042EAE27304938B4675E59BF800404AF001
:109F1000800A6EE52B239BF800408DF84F3068E5F2
:109F20009BF800404AF0010A63E59DF84F309BF82A
:109F30000040002B7FF45DAD20238DF84F3058E5B5
:109F40009BF800406C2C03BF9BF801404AF0200AAC
:109F50000BF1010B4AF0100A4BE59BF800404AF068
:109F6000400A46E5099B00228DF84F2053F8042B48
:109F7000099301238DF87820039307931EAD82E6A1
:109F80009BF800404AF0080A33E5099E049B56F806
:109F9000045B00278DF84F70002D00F0B584002B76
:109FA000C0F2B4831A463946284604F019FC00284A
:109FB00000F0E785431B079323EAE37309960497B0
:109FC0009DF84F60CDF808A003930A97FDE59BF834
:109FD00000404AF0200A0CE5099A52F8043B099225
:109FE00047F63002ADF85020BA4A0E924AF0020A03
:109FF000002202217824ADE51AF0200F00F01E8324
:10A00000099B069A1B681A60D2175A60099B043391
:10A010000993CBE4652C40F31A81B5EE408BF1EE49
:10A0200010FA40F0FF811C9BAB49C9F800100133C6
:10A0300001320121072B1D921C93C9F8041000F373
:10A040002E8409F10809159B0B998B4203DB029BB7
:10A05000DD077FF56EAE0C9B0D991A44C9E900131C
:10A060001C9B1D920133072B1C9300F3328409F1D2
:10A0700008090B9B5C1E002C7FF75BAE102C1C9B11
:10A08000964F40F3CD80089EDDF814A0102505E022
:10A0900009F10809103C102C40F3C2800133103242
:10A0A000072BC9E90075CDE91C32F1DD1BAA514629
:10A0B000304603F09DFC00287FF4CFADDDE91C3273
:10A0C0000DF1A009E6E7039BA8EB0306002E7FF73E
:10A0D00017AE102E1C9B814F29DD10944846089C1A
:10A0E000C1464FF0100AA8461946059D04E0103EEF
:10A0F000102E00F1080015DD013110320729C0E9EA
:10A10000007ACDE91C12F2DD1BAA2946204603F095
:10A110006FFC00287FF4A1AD103E102EDDE91C126B
:10A1200028A8E9DC109C45460B46C8468146013309
:10A130003244072BCDE91C32C9F80070C9F804601D
:10A1400000F3BA83049B07995E1A002E09F10809EF
:10A150007FF7DCAD102E1C9B604F2BDD48464FF087
:10A16000100AB94619462F4635462646089C04E093
:10A17000103D102D00F1080016DD0131574B103253
:10A180000729C0E9003ACDE91C12F1DD05991BAAA7
:10A19000204603F02DFC00287FF45FAD103D102D0C
:10A1A000DDE91C1228A8E8DC34460B462E463D4665
:10A1B0004F46814601333244072BCDE91C32C9F8A2
:10A1C0000070C9F8046000F3E78109F108099DE512
:10A1D0000129DDF808A04FF000033FF4A1AC0229EB
:10A1E0001A467FF4CBAC0E9828AD03F00F011B0983
:10A1F000415C05F8011D43EA0273120953EA0201AA
:10A20000F3D128AB5B1BCDF808A00793D5E40599E3
:10A2100008981BAA03F0ECFB00283FF49DAD1CE559
:10A22000C9F800702244C9F804400133072BCDE976
:10A230001C327FF77CAD059908981BAA03F0D8FB68
:10A2400000287FF40AAD1D9A0DF1A00971E50B9865
:10A250001C9B012802F1010203F1010309F108012D
:10A2600040F35A810120072BCDE91C32C9F8005078
:10A27000C9F8040000F39D810C980D9C0133024441
:10A28000072BC1E90040CDE91C3200F39E81083163
:10A290000B98B5EE408BF1EE10FA00F1FF3600F0AE
:10A2A0005581013301353244072BCDE91C320D6055
:10A2B0004E6000F33F8108310F984860013302443B
:10A2C000072B17A8CDE91C320860B4DC01F108099E
:10A2D0002FE500BFD80D0020F40600206004002008
:10A2E0000121049B002B7FF473AF002940F00F8104
:10A2F0001AF00103079300F07E8130238DF89F3020
:10A300000DF19F0559E4102E1C99B64F28DDCDE9BB
:10A3100010344846089CC146A846059D04E0103EFE
:10A32000102E00F1080016DD01311032102307292C
:10A33000CDE91C1207604360F1DD1BAA29462046C7
:10A3400003F056FB00287FF488AC103E102EDDE9A8
:10A350001C1228A8E8DCDDE910344546C8468146D1
:10A36000013132440729CDE91C12C9F80070C9F83F
:10A37000046000F3518209F1080995E405990898F1
:10A3800010931BAA03F034FB00287FF466AC1D9ADF
:10A39000109B0DF1A0099CE40599089810931BAA45
:10A3A00003F026FB00287FF458AC1D9A109B0DF19A
:10A3B000A009A2E4102C1C9B8A4F20DD089EDDF82A
:10A3C00014A0102504E0103C102C09F1080916DD3A
:10A3D00001331032072BC9E90075CDE91C32F2DDDB
:10A3E0001BAA5146304603F003FB00287FF435AC2E
:10A3F000103C102CDDE91C320DF1A009E8DC013322
:10A400002244072BC9E90074CDE91C327FF79AACCE
:10A41000059908981BAA03F0EBFA00287FF41DACFD
:10A420001D9A8FE41599002940F30582DDE90A633E
:10A430009E42A8BF1E46002E0BDD1C9B01333244FA
:10A44000072BC9E900561D921C9300F37B8309F189
:10A4500008090A9C002EA8BFA41B002C00F3318120
:10A46000159B0B998B4280F218810C990D980A4428
:10A47000C9E900011C991D92013107291C9100F3C3
:10A48000A88209F108090B990A98CB1A0C1A9C4268
:10A49000A8BF1C46002C0EDD1C99C9F804400131F0
:10A4A000054422440729C9F800501D921C9100F36D
:10A4B000558309F10809002CACBF1D1B1D46002D5A
:10A4C0007FF737AC102D1C9B474F40F37C82089ED2
:10A4D000DDF814A0102405E009F10809103D102D45
:10A4E00040F3718201331032072BC9E90074CDE9C2
:10A4F0001C32F1DD1BAA5146304603F079FA0028E0
:10A500007FF4ABABDDE91C320DF1A009E6E7049B5B
:10A51000079328ADFFF751BB0298C0073FF5A2AEE5
:10A520000120072BCDE91C32C9F80050C9F80400FE
:10A530007FF7C2AE059908981BAA03F059FA0028C4
:10A540007FF48BABDDE91C3228A9B5E60B98012816
:10A550007FF7B2AE1128244F40F3DF81089DDDF86C
:10A560001490102404E00831103E102E40F3D581E1
:10A5700001331032072BC1E90074CDE91C32F2DD42
:10A580001BAA4946284603F033FA00287FF465AB3E
:10A59000DDE91C3228A9E7E7059908981BAA03F012
:10A5A00027FA00287FF459AB1D9A0DF1A009FFF797
:10A5B000ADBB059908981BAA03F01AFA00287FF48E
:10A5C0004CABDDE91C3228A956E6059908981BAA70
:10A5D00003F00EFA00287FF440ABDDE91C3228A915
:10A5E00056E600BF50040020600400209BF80040A5
:10A5F0000993FFF7FEB928ADFFF7DFBA1AF0400262
:10A600001CBF0A469BB20121FFF7A4BAB5EEC08B6E
:10A61000F1EE10FA00F1D3819DF84F60B34D2AF0AE
:10A6200080030293B24B0022472CD8BF1D46032360
:10A63000CDE9033207930A92FFF7C7BA1AF0100F59
:10A6400069D11AF0400F66D0099B069A1B681A80E0
:10A65000DCE4A84B0E931AF0200200F09780099BCF
:10A66000073323F0070319465A6851F8083B09914C
:10A670001AF0010F00F0878053EA020100F0838096
:10A6800030218DF850108DF851404AF0020A022115
:10A69000FFF760BA984B0E93DDE70299CC077FF580
:10A6A000F2AEE2E60898402101F08AF9059B1860B5
:10A6B0001861002800F0BE82059A40235361FFF71D
:10A6C00068B9102C1C9B8D4F40F36B814946DDF817
:10A6D00020A0A9461026059D04E00831103C102C4E
:10A6E00040F35D8101331032072BC1E90076CDE9DB
:10A6F0001C32F2DD1BAA2946504603F079F90028E6
:10A700007FF4ABAADDE91C3228A9E7E72846FDF76C
:10A710004FFF03464FE4099B069A1B681A6075E4D5
:10A72000199B1B1A0B93159B0A930A9BDF1C80F243
:10A730009381023C0A9B8DF85C40591E00291591BB
:10A74000B6BFC3F101012B232D2309298DF85D30FC
:10A7500000F3A681302330318DF85E3004238DF86C
:10A760005F100F930B9A0F9B012A1344079340F33A
:10A770001D82079B0C9A1344079323EAE373039308
:10A7800000230A937BE10221FFF7E4B9099951F80C
:10A79000043B09911AF010017FF46AAF1AF04002ED
:10A7A0001CBF9BB20A4663E7554F029428AD991827
:10A7B00041F10001A7FB010424F0030000EB940029
:10A7C000091A581A9E46944662F100034FF0CC32A3
:10A7D00002FB00F207FB0322A0FB0730024403F058
:10A7E00001040520A4FB00044018BEF10A0F4FEA43
:10A7F000530300F130007CF1000C43EAC27305F80A
:10A80000010D4FEA5202D2D228AB5B1B029C079388
:10A81000CDF808A0FFF7D1B90599089810931BAAA5
:10A8200003F0E6F800287FF418AA1D9A109B0DF19A
:10A83000A009FFF739BA1C9B3248C9F80000013360
:10A8400001320120072B1D921C93C9F8040000F36C
:10A85000D38009F10809002969D1029B0B9903F003
:10A8600001030B433FF465AA0C9B0D991A44C9E9F7
:10A8700000131C9B1D920133072B1C9300F3428194
:10A8800009F108090B99C9F8005001330A44072B54
:10A89000CDE91C32C9F804107FF749AACBE4059929
:10A8A00008981BAA03F0A4F800287FF4D6A91D9AE3
:10A8B0000DF1A009FFF7C7BB059908981BAA03F083
:10A8C00097F800287FF4C9A91D9A0DF1A009FFF798
:10A8D00017BA059908981BAA03F08AF800287FF494
:10A8E000BCA91D9A0DF1A009FFF7C3BBB80D00204C
:10A8F000B40D0020C40D0020D80D002060040020FD
:10A90000CDCCCCCCF4060020062B28BF0623AC4DC2
:10A91000079309960393FFF7B6B901333244072B27
:10A92000CDE91C320F604E607FF7C5AC02E60C9B90
:10A930000D981A44C9E900031C9B1D920133072B93
:10A940001C9300F3DF8009F1080900299ADA4C42D0
:10A9500010319C4F80F23E81384649462F46DDF843
:10A9600020A0DDF814901026054604E00831103CC4
:10A97000102C40F32B8101331032072BC1E9005614
:10A98000CDE91C32F2DD1BAA4946504603F030F8EF
:10A9900000287FF462A9DDE91C3228A9E7E74D46CB
:10A9A000894601332244072BCDE91C32C9F80070D7
:10A9B000C9F8044000F3B48009F1080950E52D26D8
:10A9C0008DF84F602AE6C9F800702A44C9F804508F
:10A9D0002BE4059908981BAA03F00AF800287FF4D5
:10A9E0003CA9159B1D9A0DF1A0094CE52D23109350
:10A9F000B1EE489BFFF7E4B9059908981BAA02F04D
:10AA0000F7FF00287FF429A915991D9A0DF1A009D7
:10AA100021E7662C7FF4DCA9049F032119AB019385
:10AA200016AB00930898B0EE490B15AB3A4601F00F
:10AA300009FB662C054600EB07017FF4DCA92B78A7
:10AA4000302B00F0EB80159F3944FFF7D4B9159AED
:10AA50000A920B46FFF7E1B9049A9A42FFF669AEF3
:10AA6000DDE90A23934200F3CD801AF0010F0A9B1F
:10AA700040F0048123EAE372039207936724109B5A
:10AA8000002B59D02D238DF84F3000230493FFF76E
:10AA90009DB8059908981BAA02F0AAFFFFF7DDB838
:10AAA0000DF16B06484F33461846A7FB0123DB0820
:10AAB00003EB8302A1EB4202303200F8012C0A467C
:10AAC000632A194600F1FF33EEDC303103F8011C34
:10AAD000831EB34280F0F4800DF15D0213F8011B78
:10AAE00002F8011FB342F9D138AB181AA0F1710373
:10AAF0000F9337E6002B40F0D9800123039366249F
:10AB00000793BCE7059908981BAA02F071FF00287B
:10AB10007FF4A3A8DDE91C3215990DF1A00914E713
:10AB2000059908981BAA02F063FF00287FF495A8F6
:10AB30001D9A0DF1A00993E4109B9DF84F600493BA
:10AB4000FFF743B8059908981BAA02F051FF0028A7
:10AB50007FF483A81D9A0DF1A0097AE4059908985D
:10AB60001BAA02F045FF00287FF477A80B9A159BDB
:10AB70000DF1A009D31A1D9A9DE406230493FFF753
:10AB800013B9049B0996CDF808A09DF84F60039374
:10AB9000079304900A90FFF718B800238B4604939C
:10ABA000FEF729BF049B02215F1C37E71AF0010260
:10ABB0000A927FF4DEAD23EAE37303935FE700BFFD
:10ABC000EC0D002060040020CDCCCCCC8946294679
:10ABD0003D460F4601332244072BCDE91C32C9F80C
:10ABE0000070C9F804407FF74BAE059908981BAA7E
:10ABF00002F0FEFE00287FF430A8DDE91C320DF1E2
:10AC0000A0093FE6DDE90B3213440A9A0793002AB4
:10AC100029DD23EAE3730393672430E7B5EE409B15
:10AC2000F1EE10FA3CD1159B0A9319444B1B0B9380
:10AC3000FFF7FBB8089A0C2313604FF0FF3306931D
:10AC4000FFF710B818EE903A002BB8BF2D262AF067
:10AC500080030293A8BF9DF84F60214D214BB8BFE0
:10AC60008DF84F60DFE40A9B079AC3F101031A4491
:10AC700022EAE27307920393672400E70C9A1344D5
:10AC8000079323EAE37303936724F8E613460C9AC9
:10AC900013440B44079323EAE37303936624EEE61D
:10ACA000C7F1010715973944FFF7A5B80C9B049A23
:10ACB00001331A4422EAE273079203936624DEE624
:10ACC00002230F934EE5099B9BF8014053F8042B98
:10ACD000099342EAE2728B460492FEF78ABE00BFF5
:10ACE000C00D0020BC0D002000000000000000008E
:10ACF00002780B78012A28BF9A4240F0D8806DE98B
:10AD0000044540EA0104CDE902676FF0000C4FEA08
:10AD100044721AB380EA010414F0070F6BD100F0FB
:10AD2000070420F0070004F0030521F007014FEAB3
:10AD3000C505F0E8042314F0040FF1E804670CFAE9
:10AD400005F462EA040266EA04060BD063EA04032F
:10AD5000624667EA0407664604E000BFF0E80423A1
:10AD6000F1E8046782FA4CF582EA0604A4FA8CF44E
:10AD70006CBB83FA4CF583EA0705A5FA8CF595B907
:10AD800050E9022351E9026782FA4CF582EA06048F
:10AD9000A4FA8CF483FA4CF583EA0705A5FA8CF53E
:10ADA0002543DBD09CB92DBAB5FA85F424F007040D
:10ADB00027FA04F1DDE9026723FA04F303F0FF0048
:10ADC00001F0FF01FDE80445A0EB0100704724BA43
:10ADD000B4FA84F424F0070426FA04F1DDE90267EA
:10ADE00022FA04F202F0FF0001F0FF01FDE8044541
:10ADF000A0EB0100704714F0030F3CD110F00304E6
:10AE000028D150F8082B51F8083B82FA4CF582EA19
:10AE10000305A5FA8CF55DB950F8042C51F8043CF3
:10AE200082FA4CF582EA0305A5FA8CF5002DE8D0EC
:10AE30002DBAB5FA85F424F0070423FA04F122FAB6
:10AE400004F202F0FF0001F0FF01FDE80445A0EB71
:10AE5000010070474FEAC40420F0030050F8082BAB
:10AE600021F0030151F8083B0CFA04F462EA0402F1
:10AE700063EA0403C9E710F003041DD0A1EB040149
:10AE800020F00300E40750F8042B06D012D28B7890
:10AE90005FFAA2F4E41A06D12BB1CB785FFAB2F4D0
:10AEA000E41A00D133B920465DF8104B7047A2EB8D
:10AEB0000300704701F1040150F8042BCC0721F086
:10AEC000030151F8043B48D824D222F07F4482FA8F
:10AED0004CF594EA1325A5FA8CF50AD165B951F819
:10AEE000043B84EA0204B4EB036F0ED150F8042B48
:10AEF000EBE74FEA132355E035F07F454DD1087855
:10AF0000FDE80445C0F1000070474FEA126203F00B
:10AF1000FF0347E002EA1C4482FA4CF594EA134529
:10AF2000A5FA8CF50AD165B951F8043B84EA02040C
:10AF3000B4EB034F0CD150F8042BEBE74FEA13436B
:10AF400030E015EA1C4528D10B884FEA124229E06F
:10AF50004FEA124203EA1C4324E002F0FF0482FAA3
:10AF60004CF594EA1365A5FA8CF50AD165B951F848
:10AF7000043B84EA0204B4EB032F09D150F8042BFC
:10AF8000EBE74FEA13630DE015F0FF0F05D10B68F7
:10AF90004FEA122223F07F4304E04FF00000FDE867
:10AFA0000445704712BA1BBA82FA4CF482EA0304D1
:10AFB000A4FA8CF5B5FA85F402FA04F203FA04F364
:10AFC0004FEA1260FDE80445A0EB1360704700BF34
:10AFD0002DE9F0410469B4EB611F05DC0023036136
:10AFE00000234361BDE8F08100F114054E1111F01A
:10AFF0001F0C05EB840E05EB860321D055F82610B7
:10B0000004339E4521FA0CF1CCF120082DD92F46AE
:10B010001A6802FA08F20A4347F8042B53F8041B93
:10B020009E4521FA0CF1F3D8A31B9B00053B9B081E
:10B03000013305EB830445F8231079B104340DE0A6
:10B040009E4588BF00F11002C8D953F8041B42F88E
:10B05000041F9E45F9D8A41B05EB8404631B9B10B9
:10B06000AC420361BCD0BDE8F08141610029B5D09C
:10B070002C46E3E72DE9F04F0F6885B0CDE90020BD
:10B08000BA780393302A894640F0EC81FB1C1A7889
:10B09000302A1C4603F10103F9D0E71B023FDFF819
:10B0A000008318F80230002B00F0EE80237818F8A7
:10B0B00003304FF0000A5546002B00F06D81264604
:10B0C00016F8013F18F80330002BF9D1B3490122DB
:10B0D000304600F069FB834600284CD03278002DC2
:10B0E00000F0A181AB1B4FEA830B02F0DF02502A74
:10B0F00035464CD0C9F80060BAF1000F74D12A1B54
:10B10000013A072A514604DD5210072A01F10101D4
:10B11000FADC019802F0E0FD8246002800F05F8230
:10B1200000F11406A542029666D90027B9460DE043
:10B13000202F1AD03A4604372B7818F8033003F042
:10B140000F03934049EA0309A54258D015F8013D81
:10B150002E2BEDD1A542EBD390490122284600F0D9
:10B1600023FB0028F0D0202FE4D1002246F8049BD6
:10B1700004279146E0E7002D00F06581327802F067
:10B18000DF02AB1B502A4FEA830B3546B2D16A78F7
:10B190002B2A00F046812D2A40F0D3800120AA7886
:10B1A00018F802104A1E182A05F1020600F2D38090
:10B1B000727818F80220103901365AB90CE001EB08
:10B1C000810116F8013F02EB4102A2F1100118F8CB
:10B1D00003200AB1192AF2DD00B149428B44C9F8B3
:10B1E0000060BAF1000F8AD0002F0CBF06250025A1
:10B1F000284605B0BDE8F08F029E4FF0000946F8E2
:10B20000049B029BF61AB610CAF81060484602F07A
:10B210003DFE009B76011C68361AA64274DCC0F223
:10B2200004810027009B9A685A45C0F23B81009B2D
:10B230005A685A454BDDA2EB0B0B5C4500F38D8041
:10B24000DB68022B00F0DD80032B00F04A81012B2C
:10B2500040F0DB805C4540F0D880012C08D0611EB6
:10B26000504603F05DFA002800F0CF80009B5A683A
:10B2700003990A60029A0123CAF8103013600E9BEA
:10B280006225C3F800A0B3E744490122204600F03C
:10B290008BFA8246002840F08580637818F80320F6
:10B2A000651C002A00F08080302B2C4640F0248161
:10B2B00014F8013F302BFBD018F80330B3FA83FAAF
:10B2C00001274FEA5A1A002B7FF4F9AE64E00125FA
:10B2D00087B1009BDA68022A6ED0032A70D0012A57
:10B2E00006D1B90704D5029B1A681743FA076AD436
:10B2F00045F010050E9BC3F800A0039B2846C3F839
:10B3000000B005B0BDE8F08F361B3146504603F063
:10B3100007FA074678B1711E4A11029B012753F8BC
:10B32000220001F01F0207FA02F2024203D0B942E2
:10B3300000F3C980022731465046FFF749FEB34467
:10B3400070E718F802104A1E182A05F101064FF09E
:10B3500000007FF62DAF2E46CCE60BF1FF36002F16
:10B3600040F0A980002E40F0A8807311029A06F0E8
:10B370001F0652F823200123B3401342594650467A
:10B3800018BF47F00207FFF723FE009BA4EB0B0456
:10B390000225D3F804B09BE7264697E6940D0020DB
:10B3A000700400202378254603F0DF03502B00F0C3
:10B3B0009380C9F8005017E70F9BC3F101030F9367
:10B3C0000F9B002B94D0DAF81070029A4FEA87098D
:10B3D000904602EB8706002003E0964242F8040CF8
:10B3E00043D9944652F8041B4B1CF6D00131022D70
:10B3F000CCF8001079D014F01F0440F0A58021256E
:10B4000078E70F9B002B3FF433AF0198514602F0D1
:10B4100089FC50250E9A00232846136005B0BDE82C
:10B42000F08F0020BBE6AB465FE6A61B51460198B5
:10B43000324602F0BBFE00F11403ABEB060B824672
:10B4400002930027EEE6727818F80210751C2E465B
:10B4500000293FF44AAE16F8012F18F80230002BED
:10B46000F9D13FE6BC1C002719E6DAF8082097421C
:10B4700044DA0AEB87017A1C0120022DCAF8102059
:10B48000DDF80880486130D0002A6ADC0022CAF862
:10B4900010200022CAF81420009B9A680BF1010BBF
:10B4A0005A45ACDA0198514602F03CFC0E9A002352
:10B4B000A32513609CE6012757E73146504603F069
:10B4C0002FF9074651E7B11E504603F029F900282D
:10B4D0003FF430AF03272EE74FF0000B4FF0010A87
:10B4E00055E60F9B002B90D0C2E6009B1A68013AEC
:10B4F000A24260D02225FDE60127E0E5DAF804103B
:10B500000198013102F0E8FB064600286DD0DAF818
:10B510001020023292000AF10C010C30FBF7C8FB3C
:10B520005146019802F0FEFB3269012006EB8201D0
:10B53000022D0244326106F114084861B246D4D0AB
:10B540009742BFF658AF9FE7C144C4F1200459F8B1
:10B55000040C02F09BFCA042BFF651AFDAF81020B9
:10B5600092E708EB82040AF11800DAF8142084420A
:10B570004FEA52022BD94546036842EAC37245F8A6
:10B58000042B50F8042B84424FEA5202F4D8A4EB67
:10B590000A0119398908013148F8212008EB810195
:10B5A00002B10431A1EB080292104145CAF8102003
:10B5B0007FF472AF6DE7621104F01F0458F8221097
:10B5C0000122A2400A4214BF2125222592E6C8F892
:10B5D00000200AB14146E4E7CAF8102059E7064BBB
:10B5E00006485246E42102F051FB034B0348324621
:10B5F000842102F04BFB00BFF40D0020080E002058
:10B600002DE9F047074649480E46354616F801EB46
:10B6100010F80EC01CF0080CF7D1BEF12D0F5AD057
:10B62000BEF12B0F03BF96F800E06446AE1C6446E3
:10B630004BB9BEF1300F5CD00A23DFF8F4804FF035
:10B64000050A99460AE0102B4AD04FF0FF38B8FBA4
:10B65000F3F803FB08FA6FEA0A0A99460025284620
:10B6600005E02CD009FB00C0012516F801EBAEF176
:10B67000300CBCF1090F06D9AEF1410CBCF1190F29
:10B680000BD8AEF1370C634510DDB5F1FF3FECD0C0
:10B690004045E6D94FF0FF35E7E7AEF1610CBCF16C
:10B6A000190F03D8AEF1570C6345EEDC6B1C0BD0C1
:10B6B00004B140420AB165B91160BDE8F087D445D4
:10B6C000D0DD4FF0FF35D0E722233B602846002A2B
:10B6D000F3D0711EF0E796F800E00124AE1CA7E756
:10B6E000BEF1300F11D04FF00F0A6FF0704899463D
:10B6F000B4E7337803F0DF03582B0BD008234FF067
:10B70000070A6FF060489946A8E7307800F0DF003C
:10B710005828E8D14FF0100996F801E04FF00F0AD1
:10B7200002366FF070484B4698E700BF7105002065
:10B730009999991964E700BF10B4044C84461346E4
:10B7400020685DF8044B0A46614659E7C81400209A
:10B7500010B4044C8446134620685DF8044B0A4636
:10B7600061464DE7C814002010B4034CD4F8E440FF
:10B77000A4465DF8044B6047041A002082B049B12A
:10B780005AB16BB113780B601278101E18BF0120EC
:10B7900002B0704701A9002AF3D1104602B07047E9
:10B7A0006FF00100F4E700BF002A3ED030B58446B8
:10B7B0000446084380070B462ED1032A07D82BE006
:10B7C000043A25D01EF0803F22D1032A22D92068D6
:10B7D000194653F8045BA0F1013EA842A4462EEAA4
:10B7E000000E04F10404EBD09CF800000C788442B5
:10B7F0001DD1E64668B11EF8010F11F8014FA2EB0A
:10B800000E03A04203F1FF3311D11CEB0303F1D16E
:10B81000002030BDA44619469CF800000C78A042D8
:10B8200005D1012AF4D0E646E4E710467047001B34
:10B8300030BD00BF034B1B5C03F00303012B08BFAB
:10B84000203070477105002088420ED98B18834242
:10B850000BD900EB020C002A6ED0624613F801CD22
:10B8600002F801CD9942F9D170470F2A0FD803464B
:10B8700002F1FF3C002A5FD00CF1010C013B8C442B
:10B8800011F8012B03F8012F6145F9D1704740EA07
:10B8900001039B0751D1A2F1100370B501F1200CF7
:10B8A00023F00F0501F1100E00F11004AC441B0948
:10B8B0005EF8105C44F8105C5EF80C5C44F80C5CBC
:10B8C0005EF8085C44F8085C5EF8045C44F8045CCC
:10B8D0000EF1100EE64504F11004E9D1013312F027
:10B8E0000C0F01EB031102F00F0400EB031328D03F
:10B8F000043C24F003064FEA940C1E441C1F8E46A1
:10B900005EF8045B44F8045FB442F9D10CF1010421
:10B9100002F0030203EB840301EB840102F1FF3C1C
:10B920004AB10CF1010C013B8C4411F8012B03F8D6
:10B93000012F6145F9D170BD704702F1FF3C03460C
:10B940009AE72246EAE700BF014B1868704700BF3C
:10B95000C814002038B5A1FB021454BB00F030F825
:10B96000054650B350F8042C22F00302043A242A6E
:10B9700010D8132A13D91B2AC0E9004416D9242A47
:10B98000C0E902440ABFC0E9044400F1100200F11A
:10B99000180205E02146FCF777FE284638BD02462E
:10B9A0000023C2E900339360284638BD00F1080245
:10B9B000F6E7FFF7C9FF0C2303600025284638BDD2
:10B9C0002DE9F04F01F10B05162D83B0064623D863
:10B9D000102900F2AF8001F0F5FE10251823022097
:10B9E000C04F3B44A3F108025C68944200F02481FC
:10B9F0006368E268A16823F00303CA602344304609
:10BA000091605A6842F001025A6001F0DDFE08348C
:10BA1000204603B0BDE8F08F35F0070500F18A80BD
:10BA2000A94200F2878001F0CDFEB5F5FC7FC0F0A1
:10BA30006B816B0A00F08280042B00F22381AB093A
:10BA400003F1390003F1380EC300A64F3B44A3F1C4
:10BA5000080C5C68A44507D10DE0002AE16880F27B
:10BA6000E5808C4507D00C46636823F003035A1B1E
:10BA70000F2AF2DD7046DFF870823C69444500F021
:10BA8000C280636823F0030CACEB05030F2B00F3BB
:10BA90003F81002BC7E9048880F22A81BCF5007F32
:10BAA000D7F804E080F0CE804FEADC0101314FEAA4
:10BAB0005C1C012303FA0CF357F83120A2604EEA14
:10BAC000030E07EBC103083BE360C7F804E047F847
:10BAD0003140D46083104FF0010C0CFA03FCF445A4
:10BAE00032D81CEA0E0F08D120F003004FEA4C0CAC
:10BAF0001CEA0E0F00F10400F8D007EBC00AD6468E
:10BB00008146DEF80C300BE0596821F003014A1B36
:10BB10000F2A1C46DB6800F3C180002A80F2D58022
:10BB20009E45F1D109F1010919F0030F0EF1080E3C
:10BB3000E7D116E10C233360002469E74FF400736A
:10BB400040204FF03F0E80E7BC68636823F0030994
:10BB5000A94503D3A9EB05030F2B57DCDFF88CB104
:10BB6000DBF8002004EB09031032082002EB050883
:10BB7000009301F007FCD7F808140131024605D004
:10BB800008F1FF388044414201EA08084146304646
:10BB9000019201F059FFB0F1FF3F019A824600F097
:10BBA000D280009B834200F2CC80DBF80410414439
:10BBB000CBF80410084602F1FF3C40F0F4801AEA8A
:10BBC0000C0F40F0F080D7F808A0C84448F00100FE
:10BBD000CAF80400DBF82C208A42DBF8302038BF9A
:10BBE000CBF82C108A4238BFCBF83010544620F0E6
:10BBF0000308A845A8EB050301D30F2B06DC30464C
:10BC000001F0E2FD98E7D7F804E063E7621943F03A
:10BC1000010345F0010565603046BA60536001F0EC
:10BC2000D3FD0834204603B0BDE8F08FA26823445A
:10BC3000D16030468A60E4E6DC68A3427FF4D8AE87
:10BC4000023018E7BCF5206F4FEA5C2272D3142A49
:10BC500000F2088102F15C03DB005B32F918FB584B
:10BC60000839994203D1E4E09B68994204D05A68AC
:10BC700022F003026245F7D8D968C4E902318C602A
:10BC8000DC6027E7142B61D9542B00F2F4802B0BD6
:10BC900003F16F0003F16E0EC300D6E6D4F808C0BE
:10BCA0003046661945F001056560CCF80C30C3F8E4
:10BCB00008C042F00103C7E90466C6E90288736060
:10BCC000625001F081FD0834A2E6214430464A6802
:10BCD00042F001024A6054F8082FD3609A6001F0E4
:10BCE00073FD95E6F0150020F81500202C53002078
:10BCF000A4443046DCF8043043F00103CCF80430AF
:10BD000001F062FD083483E6E80805F1080367E600
:10BD1000621943F0010145F0010565603046C7E94D
:10BD20000422C2E90288516044F80C3001F04CFD55
:10BD300008346DE64FEA9C1202F13903DB00383219
:10BD40008CE7BC4228D0BC68606850E703F15C0017
:10BD500003F15B0EC30078E65AF80839534540F00A
:10BD6000D78010F0030F00F1FF30F5D17B6823EA94
:10BD70000C037B604FEA4C0C9C453FF6E5AEBCF1F2
:10BD8000000F04D1E0E64FEA4C0C09F104091CEA6B
:10BD9000030FF8D04846B0E6DBF804004044CBF887
:10BDA000040002F1FF3CD7F8081401316DD0009B6C
:10BDB000AAEB03031844CBF804001AF0070300931E
:10BDC00041D0C3F108018A44D0440A4408EA0C0176
:10BDD000521A02EA0C013046019101F035FE421C74
:10BDE0006FD00199A0EB0A0000EB0108DBF80420FA
:10BDF000C7F808A048F001001144BC42CAF804008A
:10BE0000CBF804103FF4E6AEB9F10F0F40D96268E9
:10BE1000A9F10C0020F0070002F001020243626069
:10BE2000052322180F28C2E9013352D8DAF804009A
:10BE3000D0E692104FF0010C0CFA02F24EEA020E1C
:10BE4000C7F804E019E70AEB080101EA0C01521AED
:10BE500002EA0C013046019101F0F6FD431CC0D10D
:10BE60000099C3E7542A17D84FEA1C3202F16F0336
:10BE7000DB006E32F2E6B3F5AA7F17D8EB0B03F1C5
:10BE8000780003F1770EC300DFE5C7F808A494E754
:10BE90000123CAF80430B2E6B2F5AA7F23D84FEAEC
:10BEA000DC3202F17803DB007732D7E640F25452FD
:10BEB000934223D8AB0C03F17D0003F17C0EC30049
:10BEC000C3E5009BA3F108029044A8EB0A080021F7
:10BED0008CE704F10801304600F08EFFDBF8041017
:10BEE000D7F808A0A2E740F254539A420CD84FEA80
:10BEF0009C4202F17D03DB007C32AFE64FF47E739F
:10BF00007F204FF07E0EA0E54FF47E737E22A5E6E3
:10BF10007B682FE7000000002DE9F04F03690C69F2
:10BF2000A34283B0C0F28A80013C01F1140500F104
:10BF3000140855F8243058F8242001339A428E46CC
:10BF400081464FEA840105EB840708EB840AB2FBC3
:10BF5000F3F63AD3CDE900150022AC46404613462D
:10BF60005CF8041B05681FFA81FB06FB0B22090C19
:10BF70004FEA124B06FB01BB92B2A9B2891A1944CF
:10BF80001FFA8BF3C3EB214303EB154389B241EA5C
:10BF90000341674540F8041B4FEA1B424FEA234325
:10BFA000DED2DDE9001558F8013073B9AAF1040AB0
:10BFB000D04504D307E0D04504F1FF3403D25AF84A
:10BFC0000439002BF7D0C9F810407146484602F0FA
:10BFD00065F900282EDB4146002255F8040BD1F804
:10BFE00000C01FFA80FE1FFA8CF3A3EB0E0313446C
:10BFF000020CC2EB234202EB1C429BB243EA024317
:10C00000AF4241F8043B4FEA2242E6D258F82420DE
:10C0100008EB84036AB9043B434504D807E098451C
:10C0200004F1FF3403D253F80429002AF7D0C9F8E9
:10C0300010400136304603B0BDE8F08F002003B059
:10C04000BDE8F08F2DE9F04F2DED028B91B08DED15
:10C05000040B0291816B1C9D069357EC106B0446F8
:10C06000914641B1C26B4A60012393408B6001F05D
:10C0700059FE0023A363B7F10008B4BF01230023D6
:10C080002B60C14BBCBF28F00048CDF8148033EAC8
:10C09000080300F0A0809DED048BB5EE408BF1EE1F
:10C0A00010FA0FD1069A012313601D9B13B11D9A3C
:10C0B000B64B1360B64B0393039811B0BDEC028BE3
:10C0C000BDE8F08F0FA90EAA2046B0EE480B02F093
:10C0D00053FA5FEA1851054640F09580DDE90E01FC
:10C0E000014401F23243202B40F30983C3F14003A2
:10C0F00008FA03F801F2124326FA03F348EA0303AD
:10C1000007EE103AB8EE477B012317EE906A0193D1
:10C11000013953EC172BA6F1F8739FED953B9FED7A
:10C12000967B9FED975B06EE901A43EC122BB8EED0
:10C13000E64BB7EE086B32EE466BA6EE037BA4EE41
:10C14000057BFDEEC76BB5EEC07BF1EE10FA16EE87
:10C15000906A08D5B8EEE66BB4EE476BF1EE10FAD4
:10C1600018BF06F1FF36401A162E00F1FF3800F214
:10C170004B81884B03EBC60393ED007BB4EEC78B7A
:10C18000F1EE10FA56D50023B8F1000F06F1FF3694
:10C190000B93C0F23F8100230793002E50DA079BD8
:10C1A00009969B1B0793029B092BC6F1000A4FF0CF
:10C1B00000064CD8052B40F3A082043B02930027D5
:10C1C000029B023B032B00F28F85DFE813F0FB0399
:10C1D000F803EE03D103069AC8F3130842F20F7373
:10C1E00058EA060813601ED11D9B002B00F07885CD
:10C1F000694B039308331D9A0398136011B0BDEC8B
:10C20000028BBDE8F08F18EE906A0023C6F3130688
:10C21000019353EC182B46F07F530E98A1F2FF3197
:10C2200043F4401379E71D9B002B40F07F835B4B69
:10C23000039341E7002840F3418400230B930793C5
:10C24000029B0996092BB0444FF0000AB2D9002393
:10C250000127029308974FF0FF3B99460021E163C5
:10C26000CDF830B0204601F037FD0390002800F0F3
:10C270004385039BA363BBF10E0F00F2F280002FF6
:10C2800000F0EF800999002940F3F383414B01F05E
:10C290000F0203EBC203CF0593ED007B4FEA21139E
:10C2A00040F1B8833E4A92ED086B03F00F0303217F
:10C2B00088EE064B5BB13A4AD80704D592ED006B85
:10C2C000013127EE067B5B1002F10802F4D184EE07
:10C2D000075B0B9B3BB1B7EE007BB4EEC75BF1EEA7
:10C2E00010FA00F1918407EE901AB8EEE76BB1EE08
:10C2F0000C7BA5EE067B17EE903A51EC170BA3F1E1
:10C300005071BBF1000F00F09980DDF824C05B464E
:10C31000DFF880E0039AFDEEC56B41EC140B0EEBE9
:10C32000C30111ED023B16EE901A0898303101322C
:10C33000B8EEE67BCFB235EE477B1146002800F021
:10C340001984B6EE006B86EE035B039935EE445B11
:10C35000B4EEC75BF1EE10FA0F7000F34984B7EE4C
:10C36000002BB2EE044B002034E000BFAFF300809E
:10C3700061436F63A787D23FB3C8608B288AC63FEB
:10C38000FB799F501344D33F0000F07FF506002057
:10C39000F4060020E00200203C0E0020480E0020A1
:10C3A000D0030020013098425BDA27EE047B25EEB3
:10C3B000045BFDEEC76B16EE901AB8EEE63B30312B
:10C3C00037EE437BB4EEC57BF1EE10FA02F8011BA9
:10C3D00000F10E8432EE476BB4EEC56BF1EE10FA4D
:10C3E000E0D5039813460CF1010C02E0834200F003
:10C3F00030841A4613F8011D3929F7D00131C9B22A
:10C400001970CDF808C044E10123B8F1000F0B9377
:10C41000BFF6C1AEC0F1010307934FF00008BCE6C0
:10C4200007EE901AB1EE0C6BB8EEE77BA5EE076B4A
:10C4300016EE903A51EC160BA3F1507141EC160B2D
:10C44000B1EE047B35EE477BB4EEC67BF1EE10FA1D
:10C4500000F30F84B1EE466BB4EEC67BF1EE10FA3A
:10C460001CD40F9B002B58DB099A0E2A55DCA74BD6
:10C47000099AB9F1000F03EBC20393ED003B14DA04
:10C48000BBF1000F11DC09D1B1EE047B23EE077B79
:10C49000B4EEC78BF1EE10FA00F2EB830023039A9F
:10C4A00001931F466FEA090901E2039B591C88EEBC
:10C4B000037BBDEEC77B0B4617EE102A0399303283
:10C4C000BBF1010FB8EEC76B0A70A6EE438B00F00C
:10C4D0000083B2EE045BB1EE434B012211E088EE23
:10C4E000037BBDEEC77B013217EE101A5A4501F1EE
:10C4F0003001B8EEC76B03F8011BA6EE048B00F009
:10C50000E88228EE058BB5EE408BF1EE10FAE6D10D
:10C51000099A013202921A46BBE0089A002A40F0BA
:10C52000D780079BCDF804A0002708970A930A9AA2
:10C530006AB1B8F1000F0ADD424507991346A8BF5A
:10C540004346C91AD21A07910A92A8EB0308BAF116
:10C55000000F0BD0089B1BB1019B002B40F0EE821B
:10C5600029465246204601F0C7FD054601212046D6
:10C5700001F0DEFC0190002E40F0A681029B012B11
:10C5800040F3D8810120404410F01F0000F0978054
:10C59000C0F12003042B40F3E681079BC0F11C008F
:10C5A000034407930A9B03440A938044079B002B90
:10C5B00005DD29461A46204601F0F8FD0546B8F18A
:10C5C000000F05DD01994246204601F0EFFD019084
:10C5D0000B9B002B40F08D81BBF1000F40F34A8193
:10C5E000089B002B40F0A280099B01330293DDF8E9
:10C5F0000C80DDF80490012607E0294600230A227A
:10C60000204601F099FB0136054649462846FFF7CA
:10C6100083FCB34500F1300A08F801ABEDDCBBF157
:10C62000000F039BCCBFD8464FF00108984400266A
:10C6300029460122204601F0B9FD0199054601F085
:10C640002DFE002840F3F581039902E0884500F0B3
:10C650000982424608F1FF3812F8013C392BF5D027
:10C66000013388F8003001990492204601F05AFB0A
:10C67000049A77B13EB1BE4205D0314620460192C0
:10C6800001F050FB019A01923946204601F04AFB25
:10C69000019A01922946204601F044FB019A029931
:10C6A00000231370069B19601D9B002B3FF404AD03
:10C6B00003981A6011B0BDEC028BBDE8F08F1C230B
:10C6C000079A1A4407920A9A1A440A9298446DE704
:10C6D000029A012A40F3B8810BF1FF329245C0F271
:10C6E0007B81AAEB0203BBF1000F019380F2C782AA
:10C6F000079BA3EB0B030A9379E1012760E5C3F1E4
:10C70000200306FA03F307EE103AFBE4E0020020F0
:10C71000394600230A22204601F00EFB0C9B002B19
:10C72000074640F3CC82CDF824809B460A9B002B21
:10C7300000F34B81002E40F0E481B946039E731E46
:10C740005B440A93049B03F001030B930199284671
:10C75000FFF7E2FB39468346284601F09FFD019929
:10C7600080464A46204601F0BBFDC3680BF1300A03
:10C770000146002B36D10890284601F08FFD08991C
:10C780000790204601F0CEFA079A002A5AD1029B60
:10C790001BB90B9B002B00F07D82B8F1000F42DB30
:10C7A0000A9BB0469E4208F801AB00F0C1812946C1
:10C7B00000230A22204601F0BFFA4F4505463946BC
:10C7C0004FF000034FF00A02204635D001F0B4FAD2
:10C7D0004946074600230A22204601F0ADFA4646A4
:10C7E0008146B3E7204601F09DFAB8F1000F08DB5F
:10C7F000049B03F00102029B48EA030852EA080284
:10C800002ED129460122204601F0D0FC019905468F
:10C8100001F044FD002840F30181BAF1390F00F026
:10C820001D820BF1310A324602F801AB099B01333C
:10C830003E4602934F4616E701F07EFA464607460B
:10C84000814683E7B8F1000FC0F25D82029B48EA9F
:10C8500003080B9B53EA080800F05582002A9FDD6D
:10C86000BAF1390F00F0FA8132460AF1010302F8F9
:10C87000013BDBE7029B022B7FF7B2AEBBF1000F5F
:10C8800040F0258101995B460522204601F054FACB
:10C8900001460190284601F001FD002840F3178170
:10C8A000099B039A03F10109312302F8013B019925
:10C8B0000492204601F036FA09F10103049A02932A
:10C8C000002F7FF4E0AEE4E601463246204601F058
:10C8D00013FC029B0190012B40F38F800026019AEC
:10C8E000136902EB8303186901F0D0FAC0F120004C
:10C8F00049E60199284601F0D1FC0028BFF66CAE4C
:10C90000294600230A222046099D01F015FA089BBA
:10C9100005F1FF380546002B7FF4FAAE0C9B002B87
:10C9200040F3C081099A02929B4660E6B24B0393A2
:10C93000033360E4049B002B7FF424AEDDE9041292
:10C94000C2F31303002B7FF41DAEAC4B13402BB18D
:10C95000079B0133079308F101080123002E40F0E3
:10C960008C811E460EE63FF421AEC0F13C03A7E6E3
:10C9700001230893099B4B4403F1010BBBF1010F09
:10C98000DC460C93B8BF4FF0010CBCF1170F40F31D
:10C99000A381012204235B0003F1140060451146CA
:10C9A00002F10102F7D9E1635CE401230893B9F1D4
:10C9B000000F3ADDCDF83090CB46CC46E5E70023BA
:10C9C0000893D7E700230893F1E739461A46204633
:10C9D00001F0ECFB0746ADE6A2EB0A031E44079B01
:10C9E0000A935B4407930023D844924601930121A4
:10C9F000204601F09DFA074699E5049B002B7FF441
:10CA00006DAFDDE90401C1F313030A46002B7FF487
:10CA100065AF9AE70221B0EE484B4BE47FF403AFD9
:10CA20001AF0010F7FF4F9AEFDE64FF00109CB4695
:10CA300014E403D11AF0010F7FF406AE424618F851
:10CA4000013D302BFAD00EE6019A002A00F08E80CC
:10CA500003F23343079A0A929844D3180793CDF808
:10CA600004A0C4E7029B03990133029331230B70A6
:10CA7000F9E500F0E980099B614A5B4203F00F0190
:10CA800002EBC10292ED006B1B1128EE066BB0EEBB
:10CA9000465B00F01E815B4A00200221DF0705D5BE
:10CAA00092ED007B0131012025EE075B5B1002F166
:10CAB0000802F3D1002806FE055B0AE4C0F1010379
:10CAC0004FF000080793CDF82C80FFF7B9BB039A0D
:10CAD000E8E4099A38EE088B0132B4EEC83BF1EE77
:10CAE00010FA0292944608D4B4EE483BF1EE10FAE4
:10CAF00005D117EE102AD20701D5039879E41A461A
:10CB0000C7E57968204601F0E7F80646002800F0FE
:10CB1000FE803B6902339A0007F10C010C30FAF7F2
:10CB2000C7F831460122204601F040FB814605E668
:10CB3000099B01333E4602934F4679E51A46394632
:10CB4000204601F0D9FA2A4601460746204601F060
:10CB50001DFA29460D90204601F0E4F8019BBAEB3E
:10CB6000030A0D9B1D463FF401ADF9E40E9BC3F192
:10CB700036036FE7039824EE033B012B077000F0A8
:10CB8000A680B2EE044B0398034427EE047BFDEE2F
:10CB9000C76B16EE907A303702F8017B9A42B8EEF6
:10CBA000E65B37EE457BF0D1B6EE006B33EE065B0D
:10CBB000B4EEC57BF1EE10FA67DC36EE436BB4EEF3
:10CBC000C67BF1EE10FA0DD40F9B002BFFF6A9AC3B
:10CBD000099B0E2B3FF7A5AC099B0EEBC30090ED14
:10CBE000003B64E41A46013B12F8011C3029F9D0DD
:10CBF0000CF1010302934CE5480E00200000F07F89
:10CC0000E0020020D0030020BBF1000F3FF408AC8D
:10CC10000C9B002B7FF725ACB2EE044B25EE045B9A
:10CC2000013107EE901A0999B8EEE76BB1EE0C7B73
:10CC3000A5EE067B17EE902A01F1FF3C51EC170B95
:10CC4000A2F15071FFF764BB0221B0EE485BFFF721
:10CC500040BB0CF1010C3121FFF7D2BB099B0399BA
:10CC6000B0460133029339233E4608F8013B4F4654
:10CC7000EFE4002301931F4612E61E462FE6079BB2
:10CC80000A935B44D8440793B1E603980CF1010C76
:10CC9000FFF7AFBBBAF1390FE0D0B8F1000F3FF7A3
:10CCA000C0ADC0E5029B022B04DC099BDDF830B06F
:10CCB00002939CE4DDF830B0CDF82480DEE5029BE1
:10CCC000022BF7DCDDF830B0CDF824802EE51346DA
:10CCD0006AE70221FFF7FDBA0021E163FFF7C2BA5C
:10CCE000144B0393FFF7E8B90027E7633946204662
:10CCF00000F0F2FF039088B90F4B1048002240F279
:10CD0000AF1100F0C3FF002A3FF77BAD8BE50A4B64
:10CD10000A48324640F2EF2100F0B8FF039BA363BC
:10CD200001224FF0FF33B9460C9308929B46FFF760
:10CD300098BB00BF3C0E0020F40D00204C0E0020DC
:10CD40002DE9F84306460820894600F01BFBDFF872
:10CD5000A4800546304600F035FDD8F808305F68FD
:10CD600027F00307A7F11104A4EB09042C44B4FB3A
:10CD7000F5F4013C05FB04F4A54208DC0021304633
:10CD800000F062FED8F808303B44984205D03046A7
:10CD900000F01AFD0020BDE8F8836142304600F043
:10CDA00053FE01300FD0114AD8F808303F1B47F02E
:10CDB00001075F60136830461B1B136000F004FD21
:10CDC0000120BDE8F8830021304600F03DFED8F890
:10CDD0000820831A0F2BDADD43F001035360044B64
:10CDE00002491B68C01A0860D1E700BF3053002019
:10CDF000F8190020F015002000297CD02DE9F04121
:10CE00000C46804600F0DEFC54F8043C754FA4F15B
:10CE1000080523F001016818BE684268864222F0C6
:10CE2000030200F08380DE07426000EB020C33D483
:10CE300054F8084CDCF804302D1B2144AC6807F191
:10CE4000080C644503F0010364D0D5F80CE0C4F885
:10CE50000CE0CEF80840002B00F0818041F0010387
:10CE60006B600160B1F5007F22D27868CB080122A7
:10CE7000490901338A40024357F833107A6007EBBF
:10CE8000C302083AC5E9021247F83350CD60404664
:10CE9000BDE8F04100F098BCDCF80430DB072BD58E
:10CEA00041F00103B1F5007F44F8043C0160DCD39C
:10CEB000B1F5206F4FEA512353D28B0903F13900AA
:10CEC00003F13802C300F818FB580838984203D120
:10CED00061E09B68984204D05A6822F003028A42BB
:10CEE000F7D8D868C5E902308560DD604046BDE806
:10CEF000F04100F069BC7047114407F1080C8368E9
:10CF000063453FD0C268DA60936041F001036B6013
:10CF10006950A7E7002B5FD10A44D0E90213CB6028
:10CF2000996042F001036B60AA50B0E7DB070A4446
:10CF300007D454F8083CED1A1A44D5E90213CB6023
:10CF4000996042F001036B60274BBD601B68934200
:10CF50009DD8264B40461968FFF7F2FE97E711442B
:10CF6000CDE7142B08D9542B1DD80B0B03F16F0000
:10CF700003F16E02C300A6E703F15C0003F15B025C
:10CF8000C300A0E741F00103C7E90455C5E902CC9D
:10CF90006B6069507BE779689210012404FA02F211
:10CFA0000A437A609EE7B3F5AA7F06D8CB0B03F15C
:10CFB000780003F17702C30085E740F254529342B0
:10CFC00006D88B0C03F17D0003F17C02C3007AE7E5
:10CFD0004FF47E737E2276E741F001036B600160BF
:10CFE00055E700BFF0150020FC1900202C5300204D
:10CFF00018B3F0B407468C4617F8015B01E0A54270
:10D0000014D01CF8014B002CF9D1DDB13E460C4682
:10D0100016F8015B00E063B114F8013B9D42FAD1C0
:10D020004DB100233B701660F0BC704773B13846B9
:10D03000E0E73746EAE72E46F5E710680028D8D142
:10D040000020704715600020F0BC70471760037027
:10D05000EAE700BF0123FFF7CBBF00BF13460A4634
:10D060000146022000F0C4B90A22002100F0AEB847
:10D070000A23002200F09CB8242B2DE9F84F43D856
:10D08000012B41D0804649481F468E4675461EF802
:10D0900001BB10F80B4014F00804F7D1BBF12D0FC1
:10D0A0006FD0BBF12B0F08BF9EF800B06FF00049A6
:10D0B00008BF05F1020E73BBBBF1300F4BD00A273E
:10D0C0003B460025B9FBF7F6284607FB169A05E014
:10D0D0003AD007FB00C001251EF801BBABF1300CB4
:10D0E000BCF1090F06D9ABF1410CBCF1190F19D8ED
:10D0F000ABF1370C63451EDDB5F1FF3FECD0864246
:10D10000E6D24FF0FF35E7E7FEF71EFC162303607B
:10D110000020BDE8F88F102BD3D1BBF1300F23D006
:10D120001F46CEE7ABF1610CBCF1190F03D8ABF190
:10D13000570C6345E0DC6B1C2BD054B9002AE8D0B7
:10D1400085BB1160BDE8F88FE245C2DA4FF0FF35CC
:10D15000C2E74042F2E79EF8003003F0DF03582BAD
:10D1600008D008273B46ACE79EF8000000F0DF003F
:10D170005828D5D110279EF801B03B460EF1020E7B
:10D180009FE79EF800B04FF0004905F1020E012420
:10D1900091E72223C8F8003032B10EF1FF31484642
:10D1A0001160CFE78146F8E74846B2E771050020F5
:10D1B00062E700BF10B4044C8446134620685DF853
:10D1C000044B0A46614657E7C814002010B4044CCB
:10D1D0008446134620685DF8044B0A4661464BE7D7
:10D1E000C814002010B4034CD4F8E040A4465DF805
:10D1F000044B6047041A002049B1FF2A02D80A7084
:10D20000012070478A2303604FF0FF3070470846C3
:10D21000704700BF38B511F0FF040CD0034600255D
:10D2200001E0431C054621461846FCF72FFB002869
:10D23000F7D1284638BD2146BDE83840FCF726BB6B
:10D24000024B0344587800F04400704770050020FA
:10D2500008B410B5002A9DB0044636DB4FF40273C3
:10D26000ADF814304FF000031B930291069120ABF0
:10D2700017D0013A4FF6FF7104920792ADF81610DD
:10D280001F9A019302A9FCF76BFB421C01DA8B2366
:10D290002360029B00221A701DB0BDE8104001B04F
:10D2A00070474FF6FF7104920792ADF816101F9A5F
:10D2B000019302A9FCF754FB431C01DA8B23236082
:10D2C0001DB0BDE8104001B070478B2303604FF0E4
:10D2D000FF30F5E70CB410B5214B00291C689CB059
:10D2E00038DB4FF000034FF402721B93ADF81420AB
:10D2F000029006901FAB18D001394FF6FF720491CF
:10D300000791ADF8162002A91E9A01932046FCF75A
:10D3100027FB421C01DA8B232360029B00221A7038
:10D320001CB0BDE8104002B070474FF6FF72049188
:10D330000791ADF8162002A91E9A01932046FCF72A
:10D340000FFB431C01DA8B2323601CB0BDE81040A7
:10D3500002B070478B2323604FF0FF30F5E700BF2A
:10D36000C8140020024B01461868FEF729BB00BF15
:10D37000C8140020024B01461868FFF73DBD00BFEE
:10D38000C8140020082802D14FF48050704708B517
:10D39000FEF7DAFA162303604FF0FF3008BD00BF36
:10D3A00070B50F4B0F4DAB42A3EB050607D0B6107F
:10D3B000002455F8043B01349847A642F9D802F0FE
:10D3C000DBFE094D094B5E1BAB424FEAA60606D0B9
:10D3D000002455F8043B01349847A642F9D870BDA3
:10D3E000D81D0060D81D0060D81D0060E81D0060D9
:10D3F00070B4164D2C681CB365681F2D23DC38B93A
:10D40000AB1C0135656044F82310002070BC7047E8
:10D4100004EB850C0228CCF88820D4F888614FF002
:10D42000010202FA05F246EA0206C4F88861CCF865
:10D430000831E5D1D4F88C311343C4F88C31DFE7DF
:10D44000034C2C60D8E74FF0FF30DFE72C5600206C
:10D45000605300202DE9F84F1646002900F0968011
:10D460000C46804606F10B0500F0ACF954F8041C9C
:10D47000162DA4F1080921F0030758D81025AE4253
:10D4800058D8AF4260DABE4B9A6809EB070C624588
:10D49000DCF8040000F0908020F0010363445B6836
:10D4A000DB0768D420F003003B189D4247DDCB0723
:10D4B00012D454F8083CA9EB030BDBF8043023F03A
:10D4C0000302104400EB070A554540F3F68007EBD2
:10D4D000020A554540F3CC8031464046FEF770FACB
:10D4E0000646002800F0208154F8043C23F0010394
:10D4F0004B44A0F10802934200F0B4803A1F242A62
:10D5000000F2D780132A00F2A28003462246116857
:10D5100019605168596092689A6021464046FFF749
:10D520006BFC404600F050F93046BDE8F88F35F00E
:10D530000705A4D50C23C8F80030002618E01F46C4
:10D54000DCE90223D3609A60D9F804307A1B0F2AF1
:10D5500003F0010309EB07001DD83B43C9F8043071
:10D56000436843F001034360404600F02DF926462E
:10D570003046BDE8F88FC907AED454F8083CA9EB93
:10D58000030BDBF8043023F00302A0E7BDE8F84FFB
:10D590001146FEF715BA09EB05012B4342F00102D3
:10D5A000C9F804304A60436843F00103436008311E
:10D5B0004046FFF721FCD7E720F00300C21905F130
:10D5C000100C624580F29180CA0785D454F8082C6B
:10D5D000A9EB020BDBF8042022F00302104400EB5D
:10D5E000070AD4453FF773AF5E46DBF80C1056F8D8
:10D5F000080F3A1F242AC160886000F2AE80132A07
:10D6000040F2A9802168CBF808106168CBF80C10B3
:10D610001B2A00F2A88008340BF110022168116067
:10D6200061685160A16891600BEB0501AAEB0502EE
:10D6300042F0010299604A60DBF8043003F0010314
:10D640002B434046CBF8043000F0BEF890E7236847
:10D650000360636843601B2A3CD804F1080200F1B0
:10D66000080354E750F8043C23F003031F446BE71E
:10D670003A1F5E46DBF80C3056F8081F242ACB60B0
:10D68000996022D8132A1ED92368CBF80830636822
:10D69000CBF80C301B2A3BD808340BF1100322685E
:10D6A0001A6062685A60A2689A6034465746D94642
:10D6B0004AE72146FEF7C8F82FE7DCE902133A1FD4
:10D6C000CB609960D5E73346E9E721463046FEF75F
:10D6D000BBF8EAE7A3688360E368C360242A27D025
:10D6E00004F1100200F1100311E709EB0501996044
:10D6F000531B43F001034B6054F8043C03F0010357
:10D700002B43404644F8043C00F05EF826462FE7E1
:10D71000A368CBF81030E368CBF81430242A10D07B
:10D7200010340BF11803BAE7404600F04DF804E757
:10D73000236903616169416104F1180200F1180372
:10D74000E5E62369CBF818306369CBF81C30183450
:10D750000BF12003A3E7324660E721463046FEF78F
:10D7600073F8074B60E7A168CBF81010E168CBF8BD
:10D770001410242A06D010340BF118024EE700BF13
:10D78000F01500202269CBF818206269CBF81C2024
:10D7900018340BF1200241E738B50C46084D844699
:10D7A000114620461A4600232B606446F8F7DEFD3A
:10D7B000431C00D038BD2B68002BFBD0236038BD44
:10D7C00030560020704700BF704700BF00207047F0
:10D7D000024A0349034800F0D1BF00BF701B00207C
:10D7E00095CA0000D01400200C4B4168994210B536
:10D7F000044601D001F0C6F8A168094B994202D055
:10D80000204601F0BFF8E168064B994204D020465B
:10D81000BDE8104001F0B6B810BD00BFF0540020C4
:10D8200058550020C0550020002070472DE9F843CE
:10D830002A4C2B49DFF8BC90DFF8BC80294FC4F894
:10D840003811002504230822294604F15C00264EE5
:10D85000E360C4E90055C4E90455A5606566A561A7
:10D86000FAF712FF214B63670822294604F1C4002E
:10D87000C4E90749C4E90987C4E91A55C4E91E5532
:10D880002567C4F8CC50C4F88050E662FAF7FCFE75
:10D89000174BC4F8DC30294604F16803082204F56C
:10D8A0009670C4F88430C4E92298C4E92476C4E9A7
:10D8B0003455C4E93855C4F8D850C4F83451C4F8C4
:10D8C000E850FAF7E1FE04F1D003C4E93C98C4E95A
:10D8D0003E76C4F8EC30BDE8F88300BFF054002079
:10D8E000E1B800008DCB0000B1CB000009000100C1
:10D8F0001200020025CB00004DCB0000F8B5254BEF
:10D90000D3F838310646002B3CD0234FD7E90134F9
:10D91000013B04D51DE05A1C04F1680419D0B4F988
:10D920000C50013B002DF6D11C4BE360C4E90155BE
:10D93000C4E9045565662560A5610822294604F1FD
:10D940005C00FAF7A1FEC4E90C55C4E91155204664
:10D95000F8BD3D680DB12F46D8E74FF4D67130467B
:10D96000FEF72EF8044680B10423C0E900530C30C2
:10D970002946A0604FF4D0722546FAF785FE3C6038
:10D980002F46C3E7FFF752FFBFE70C233860336031
:10D99000DDE700BFF0540020701B00200100FFFFF6
:10D9A000436B03B17047044B044AD3F838314263E8
:10D9B000002BF7D13AE700BFF0540020F9B800007F
:10D9C000704700BF704700BF024A0349002000F0C3
:10D9D000D5BE00BF701B0020DDB80000024A03491D
:10D9E000002000F0CBBE00BF701B002039B9000042
:10D9F0002DE9F843154692682C68FAB180468946AD
:10DA0000083401E00834CFB16B68591E002B17466B
:10DA1000696013DD54F8046C002EF3D0334654F8DB
:10DA2000082C4946404600F02BFF431C07D0AA684B
:10DA3000921B1746AA600834002FE5D1002000236E
:10DA4000C5E90133BDE8F88338B5074D0022044627
:10DA500008462A60F9F7E8FB431C00D038BD2B6864
:10DA6000002BFBD0236038BD3056002010B4046872
:10DA7000013409E014F8013BA3F1410CBCF1190F8A
:10DA800098BF2033934208D111F8012B002AF1D11D
:10DA9000046001205DF8044B704700205DF8044BE2
:10DAA000704700BF09682DE9F04F4B1102EB83036B
:10DAB00011F01F0B07460CBF1846181D3C680CBF21
:10DAC0001D1F1D46002340F8043C617885B00134D9
:10DAD000002900F0A8809E469A461E460B46014645
:10DAE0001046DFF8889101975A46A846AC4683460F
:10DAF00010E0202B00F28F80564508DDE04502D96A
:10DB0000BEF1070F5FDDE34554D34FF0080E14F864
:10DB1000013FB3B119F80370002FEAD00EF1010EE6
:10DB2000BEF1080F06F101063ADCDCF800301B01FB
:10DB300007F00F071F43CCF8007014F8013F002BCB
:10DB4000E8D15B46084693461A46002E6BD0C44582
:10DB500002D2BEF1070F73DD62454DD2111F63463D
:10DB600053F8044B41F8044FAB42F9D9A5EB0C0331
:10DB700023F00303691C04330CF1010C8C4588BFAE
:10DB800004231344002143F8041BAB42FBD950F893
:10DB9000043C002B4DD1AA4249D055F8043DF8E78A
:10DBA000E345B4D200234CF8043C4FF0010EACF135
:10DBB000040CBDE70023ACF104084CF8043CB24669
:10DBC000C4469E46A3E7CEF108008000CDE9022CB2
:10DBD000DCF800306746C0F1200E8446786800FA11
:10DBE0000EF21A4320FA0CF33A6047F8043FB845A6
:10DBF000F4D8DDE9022C86E750F8043CBBF1000FB5
:10DC0000C7D0CBF1200B4FF0FF3121FA0BF10B40C5
:10DC100040F8043CBDE70846194629295B46019FA8
:10DC200093461A4609D0042005B0BDE8F08F0123C1
:10DC30002B60052005B0BDE8F08F01343C6084E71F
:10DC4000CEF10803DCF800109B00C3F1200E6646FD
:10DC50000C46776807FA0EF1214327FA03F4316086
:10DC600046F8044FB045F4D876E700BF70040020B2
:10DC70009FED010B704700BF000000000000F87F1F
:10DC80009FED010A704700BF0000C07F00B50B4C3C
:10DC900025681446EE681A4685B003460D464CB119
:10DCA00007490095CDE901143046064900F056FEBB
:10DCB000F9F7E4FA04490C46F3E700BFC814002062
:10DCC000780E0020880E0020840E002008B5134630
:10DCD0000022FFF7DBFF00BF436C70B505460C4622
:10DCE0004BB153F8240080B1026843F8242000238C
:10DCF000C0E9033370BD21220421FDF72BFE03464A
:10DD000068640028EDD1002070BD012101FA04F6FD
:10DD1000721D92002846FDF71DFE0028F3D0C0E9D1
:10DD20000146E4E731B1436C4A6853F822000860C9
:10DD300043F82210704700BF2DE9F0410D690746F6
:10DD40000E461C4601F1140E0020DEF800108BB2C6
:10DD500002FB03434FEA134C090C02FB01CC0130D8
:10DD60009BB203EB0C4385424EF8043B4FEA1C4444
:10DD7000EBDC3CB1B368AB4207DD06EB8503013554
:10DD80005C6135613046BDE8F0817168384601312B
:10DD9000FFF7A2FF8046A8B13269023206F10C01FA
:10DDA00092000C30F8F784FF7B6C726853F82210F5
:10DDB000316043F82260464606EB850301355C611D
:10DDC0003561DFE7024B03484246BA21FFF75EFFA9
:10DDD000F40D0020B80E00202DE9F8431746284A1C
:10DDE0001E4608330C46092E82FB03124FEAE373EA
:10DDF0000546C3EB62033ADD4FF0010C00214FEA08
:10DE00004C0C634501F10101F9DC2846FFF764FF82
:10DE1000014670B3089B4361092F4FF00103036172
:10DE200012DC0A340927BE420BDDF61B264414F827
:10DE3000013B0A22303B2846FFF77EFFB4420146F1
:10DE4000F5D10846BDE8F88304F1090804EB070999
:10DE5000444614F8013B0A22303B2846FFF76CFF8A
:10DE60004C450146F5D1A7F108044444DBE7002105
:10DE7000CBE70A46034B0448D321FFF707FF00BF57
:10DE8000398EE338F40D0020B80E0020B0F5803F45
:10DE9000034636BF030400201020B3F1807F3CBF4F
:10DEA0001B020830B3F1805F3CBF1B010430B3F1AB
:10DEB000804F03D3002B06DB013070479B0003D457
:10DEC0005B0003D420207047023070470330704756
:10DED000036813F00702014607D0DA071FD498073A
:10DEE00021D55B080B600120704798B2A0B11046A5
:10DEF000DAB20AB908301B0A1A0704BF1B0904303A
:10DF00009A0704BF9B080230DA0703D45B0800F1CC
:10DF1000010006D00B6070471B0C1020E8E70020C2
:10DF20007047202070479B080B600220704700BF9D
:10DF300038B5436C04460D464BB15868B0B1026821
:10DF40005A6000220123C0E90323456138BD212224
:10DF50000421FDF7FFFC034660640028EDD1094B66
:10DF60000948002240F24511FFF790FE1C220121D2
:10DF70002046FDF7EFFC0028F1D001220223C0E982
:10DF80000123DEE7F40D0020B80E00202DE9F04F4C
:10DF9000D1F810801569A84585B00E46924605DB7C
:10DFA0002A46534645468A4690461E46DAF80830C9
:10DFB000DAF8041005EB0804A342B8BF0131FFF7FB
:10DFC0008BFE8446002800F08B8000F1140707EBDD
:10DFD000840E774505D23B46002243F8042B9E452C
:10DFE000FBD8143606EB88080AF11409464509EBFC
:10DFF000850566D2A5EB0A03153B23F003030AF15E
:10E00000150A043355452CBF9B464FF0040BCDF841
:10E0100008E00394AE46E24605E0090C2AD1B0457B
:10E0200007F104074AD956F8041B8DB2002DF4D02D
:10E03000CC463C46002301965CF8040B216886B26E
:10E040008AB2000C05FB0622090C1A4405FB0011DC
:10E0500001EB124192B242EA0142E64544F8042B38
:10E060004FEA1143E8D8019E47F80B3056F8041CDC
:10E07000090CD4D03B68002248461D463C469446D5
:10E08000028801FB02C202EB15429BB243EA024343
:10E0900044F8043B50F8043B25684FEA134CABB2FC
:10E0A00001FB0C3303EB124370454FEA134CE7D3EB
:10E0B000B04547F80B3007F10407B4D8DDE902E4B6
:10E0C000D446002C02DC05E0013C03D05EF8043DA0
:10E0D000002BF9D06046CCF8104005B0BDE8F08FB9
:10E0E000034B044862464FF4B171FFF7CFFD00BF08
:10E0F000F40D0020B80E002012F003032DE9F041CA
:10E10000144607462CD10D46A4101CD03E6C86B395
:10E11000E3074FF0000806D4641014D03068A8B1AB
:10E120000646E307F8D5324629463846FFF72EFF64
:10E1300035B17B6C696853F821202A6043F821507F
:10E1400064100546EAD12846BDE8F08132463146E2
:10E150003846FFF71BFF3060C0F800800646E0E756
:10E16000013B0F4A52F823200023FFF7E5FD054647
:10E17000CAE701213846FFF7AFFD064640B101234B
:10E1800040F27122C0E90432002338640360BFE723
:10E19000044B0548324640F24511FFF777FD00BFBA
:10E1A000D0020020F40D0020B80E00202DE9F04729
:10E1B0000C4690462769A368496807EB62177D1CE7
:10E1C0009D4206464FEA621904DD5B009D4201F163
:10E1D0000101FADC3046FFF77FFD8446002851D06C
:10E1E000B9F1000F00F114000EDD09F105024FEA4C
:10E1F000820E03460CEB8202002143F8041B93427B
:10E20000FBD1AEF114031844216904F1140318F092
:10E210001F0803EB81012DD0C8F1200986464FF07D
:10E22000000A1A6802FA08F242EA0A024EF8042BBF
:10E2300053F8042B994222FA09FAF2D80B1B153B2A
:10E2400023F00303043304F11502914238BF042381
:10E2500040F803A0BAF1000F00D13D46736C62682C
:10E26000CCF8105053F822102160604643F8224049
:10E27000BDE8F087043853F8042B40F8042F994286
:10E28000F9D8EAE7034B044862464FF4EF71FFF711
:10E29000FDFC00BFF40D0020B80E00200B69844681
:10E2A0000069C01A16D10CF1140C14310CEB830266
:10E2B00010B401EB830301E0944508D252F8044DF9
:10E2C00053F8041D8C42F7D005D24FF0FF305DF8B3
:10E2D000044B7047704701205DF8044B704700BF46
:10E2E0002DE9F04F15460A692B69D21A002A83B02E
:10E2F000884640F0878001F1140605F1140101EB16
:10E30000830106EB830301E09E427ED253F8044D65
:10E3100051F8042D9442F7D075D32B46002445467E
:10E3200098466968FFF7D8FC8146002800F089808C
:10E330002E69C460D8F8100005F1140B08F1140E12
:10E3400009F1140A05F110020EEB80000BEB8601B7
:10E3500057464FF0000CCDF804B05EF8044B52F86D
:10E36000045F1FFA84FBABB2A3EB0B03240C6344E2
:10E37000C4EB154404EB23449BB243EA04437045C9
:10E3800047F8043B4FEA244CE7D8A0EB080208F119
:10E3900015084045A2F1150234BF00200120920863
:10E3A0000028DDF804B002F101044FEA840408BF3C
:10E3B00004240BEB0405A942544433D927462846CC
:10E3C00050F8043B1CFA83FE1A0C634402EB2E4205
:10E3D0009BB243EA0243814247F8043B4FEA224C96
:10E3E000EED80139491B21F003010C4423B954F83C
:10E3F000043D013E002BFAD04846C9F8106003B036
:10E40000BDE8F08F89DA01248BE70021FFF764FC77
:10E41000814678B101220023C0E90423484603B0B5
:10E42000BDE8F08F00284FEA820208BF00220AEB05
:10E430000204DBE7064B07484A4640F23721FFF764
:10E4400025FC034B03484A4640F24521FFF71EFCDA
:10E45000F40D0020B80E002082B08DED000B164B9D
:10E46000019A1340A3F15073002B06DD00221946D8
:10E47000104641EC100B02B070475B42B3F1A07F35
:10E480004FEA235209DA4FF40023134100221946C0
:10E49000104641EC100B02B07047A2F114031E2B82
:10E4A000DABF4FF00042DA4001220023194610463D
:10E4B00041EC100B02B070470000F07FF8B5046922
:10E4C00000F1140606EB8404271F54F8045C284668
:10E4D000FFF7DCFCC0F120030A280B6033DDBE42ED
:10E4E000A0F10B0119D254F8080C21B3C1F1200797
:10E4F0008D4020FA07F215438840A4F1080145F049
:10E500007F538E4243F4401319D254F80C1CF94047
:10E510000843024643EC102BF8BD0B280AD005FA3D
:10E5200001F141F07F53002043F44013024643ECD5
:10E53000102BF8BD002045F07F5343F440130246F2
:10E5400043EC102BF8BDC0F10B0C25FA0CF1BE42C8
:10E5500041F07F5338BF54F8081C00F1150034BF58
:10E5600021FA0CF1002105FA00F0084343F44013AE
:10E57000024643EC102BF8BD2DE9F0430E4683B064
:10E58000012159EC108B1546FFF7A6FB0446002825
:10E5900046D0C9F30A57C9F313030FB143F48013EC
:10E5A0000193B8F1000313D101A8FFF791FC019B7F
:10E5B00063610122203022610FB3A7F23347074481
:10E5C000C0F1350037602860204603B0BDE8F08315
:10E5D00068460093FFF77CFC019BF8B10099C0F1FD
:10E5E000200203FA02F2C3400A430193002B626146
:10E5F0000CBF01220222A3612261002FDDD104EBB6
:10E600008203A0F2324030601869FFF73FFCC0EB94
:10E6100042102860204603B0BDE8F083009AE5E789
:10E62000034B0448224640F20F31FFF72FFB00BF97
:10E63000F40D0020B80E0020F0B583B00E466946F8
:10E640000746FFF73BFF01A9304655EC104BB0EEF3
:10E65000407BFFF733FF33693A69D21ADDE90031B5
:10E660005B1A03EB4213002B09DD17EE902A02EB35
:10E67000035545EC174B87EE000B03B0F0BD10EED1
:10E68000902A51EC100BC3EB033302EB035141EC26
:10E69000100B87EE000B03B0F0BD00BF172808DD9C
:10E6A000B7EE000BB2EE047B013820EE070BFBD176
:10E6B0007047034B03EBC00393ED040B704700BF9F
:10E6C000D00200200139491101F1010C116902F158
:10E6D000140303EB81018B4200EB8C0C16D210B5B6
:10E6E000A0F1040E53F8044B4EF8044F9942F9D8A8
:10E6F0008B1A153B23F0030304331844844504D9D3
:10E70000002340F8043B8445FBD810BD844505D95F
:10E71000002340F8043B8445FBD87047704700BF96
:10E7200003694A11934200F1140009DA00EB8303F4
:10E7300002E053F8042DAAB98342FAD800207047AA
:10E7400000EB8203F8DD11F01F01F5D010B450F892
:10E75000224024FA01F28A40944209D001205DF857
:10E76000044B70470120704753F8042D002AF5D15F
:10E770008342F9D800205DF8044B70472DE9F84337
:10E780000746884616464FF00009D6E90154013D78
:10E7900010D4A389012B08D9B4F90E3001332146D6
:10E7A000384602D0C04749EA0009013D6B1C04F11C
:10E7B0006804EED13668002EE7D14846BDE8F883FC
:10E7C000F030704700487047F41A00200048704746
:10E7D000F41A00200000000000000000000000000B
:10E7E00001F0FF01102A2BDB10F0070F08D010F802
:10E7F000013B013A8B422DD010F0070F42B3F6D106
:10E80000F0B441EA012141EA014122F007047FF01E
:10E8100000070023F0E80256083C85EA010586EA75
:10E82000010685FA47F5A3FA87F586FA47F6A5FAB1
:10E8300087F68EB9EED1F0BC01F0FF0102F00702BD
:10E8400032B110F8013B013A83EA010313B1F8D168
:10E850000020704701387047002D06BF3546033849
:10E86000073815F0010F07D1013015F4807F02BF82
:10E87000013015F4C03F0130F0BC0138704700BFD3
:10E880002DE9F0478F681D46AF420B680C461646CF
:10E8900036D8B1F90CC01CF4906F0ED13D46184625
:10E8A00031462A46FCF7D0FFA368DF1B2368A76028
:10E8B0002B4400202360BDE8F0874A69096902EB18
:10E8C00042025F1A02EBD2726B1C52103B4493421D
:10E8D00092BF914699461A461CF4806F804611D02B
:10E8E0001146FDF76DF8824600B321693A46F8F704
:10E8F000DFF9A38923F4906343F08003A38105E04B
:10E900002F46CCE7FEF7A6FD824658B10AEB070377
:10E91000A9EB0707A760C4F810A0C4F814902360FF
:10E920002F46BCE721694046FEF766FAA3890C2210
:10E9300043F04003C8F800204FF0FF30A381BAE74E
:10E940000CB400B583B004AB53F8042B019300F072
:10E9500093F903B05DF804EB02B070470EB410B544
:10E9600083B005AB064C53F8042B01930146206895
:10E9700000F082F903B0BDE8104003B0704700BF5B
:10E98000C814002070B539B106460C4608B1436B77
:10E9900083B3B4F90C3013B90025284670BD214665
:10E9A000304600F093F8E36A054633B1E16930463A
:10E9B00098470028B8BF4FF0FF35A3891B061CD429
:10E9C000216B41B104F14003994202D03046FEF779
:10E9D00013FA00232363616C21B13046FEF70CFA71
:10E9E00000236364FEF7ECFF0023A381FEF7EAFF38
:10E9F000284670BDFEF7D4FFCBE721693046FEF70D
:10EA0000FBF9DDE7024B01461868FFF7BBBF00BF0B
:10EA1000C814002010B50C46B1F90E1000F0CEFE5F
:10EA2000002803DB236D0344236510BDA38923F471
:10EA30008053A38110BD00BF002070472DE9F04135
:10EA40000C46B1F90C101F46CB05054616460BD4F3
:10EA500021F48051A1813B46B4F90E10324628467C
:10EA6000BDE8F041FEF798BEB4F90E100223002273
:10EA700000F01CFFB4F90C10EAE700BF10B50C461B
:10EA8000B1F90E1000F012FFB4F90C30421C0EBFA9
:10EA900023F4805343F480532065A38110BD00BF4D
:10EAA000B1F90E1000F000B838B5074D0022044649
:10EAB00008462A60F8F7D2FB431C00D038BD2B680B
:10EAC000002BFBD0236038BD30560020B1F90C205C
:10EAD0002DE9F04116070C4680464ED4496842F4B1
:10EAE00000630029A38163DDA56A002D42D00021C7
:10EAF00012F48052D8F80060C8F80010E16964D1BF
:10EB000001234046A847451C02466ED0B4F90C309C
:10EB1000A56AE169580705D56368D21A236B0BB162
:10EB2000E36BD21A00234046A847431C4FD1D8F8C4
:10EB30000010B4F90C301D2940D8314ACA40D7071B
:10EB40003CD52269226023F40062A281DD044FF0EB
:10EB50000002626001D5002945D0216BC8F8006031
:10EB600041B104F14003994202D04046FEF744F916
:10EB7000002323630020BDE8F0810E69002EF9D048
:10EB80000D680E6092070CBF4B690023AD1B8B60B4
:10EB90000BE02B463246E169676A4046B847B0F160
:10EBA000000CA5EB0C05664406DD002DF1DCE1E769
:10EBB000E16B002998DCDDE7B4F90C3043F0400349
:10EBC000A3814FF0FF30BDE8F081226DA2E7B4F9D8
:10EBD0000C302269226023F40062A281DB044FF032
:10EBE00000026260B9D52065B7E7D8F80030002B85
:10EBF0008CD01D2B01D0162BDED1C8F80060B9E7F0
:10EC00000100402010B5044682B008B1436B53B1F7
:10EC1000B1F90C0008B902B010BD204602B0BDE841
:10EC20001040FFF753BF0191FEF7BAFE0199EFE7DD
:10EC3000A0B138B50C4B1D6804460DB16B6B4BB1E0
:10EC4000B4F90C0000B938BD21462846BDE838406B
:10EC5000FFF73CBF2846FEF7A3FEF1E7034A04494D
:10EC60000448FFF78BBD00BFC8140020701B0020B4
:10EC700015CD0000D01400202DE9F04FADB0CDE946
:10EC800007301C460291934618B1436B002B00F0ED
:10EC900003850299B1F90C204B6E950405D442F41A
:10ECA000005223F400538A814B66980400F12485B6
:10ECB000029BB3F90C20110740F1D3801B69002B94
:10ECC00000F0CF8002F01A020A2A00F0D980002357
:10ECD000CDE910330DF17009CDF83C900993CA4687
:10ECE00005939BF80030002B00F0F4805C4604E0B4
:10ECF00014F8013F002B00F0D280252BF8D1B4EBA3
:10ED00000B0540F0CF802378002B00F0E3804FF01C
:10ED100000038DF837304FF0FF320023CDE9032395
:10ED2000617804F1010B98460BF1010BA1F120036E
:10ED3000582B00F2DC80DFE813F0B201DA00DA00D1
:10ED4000AD01DA00DA00DA00DA00DA00DA00760182
:10ED5000A701DA0081018601DA00A20159005900F9
:10ED60005900590059005900590059005900DA005A
:10ED7000DA00DA00DA00DA00DA00DA00DA00DA00C3
:10ED8000DA006800DA00DA00DA00DA00DA00DA0025
:10ED9000DA00DA00DA00DA001902DA00DA00DA0062
:10EDA000DA00DA00EA01DA00DA001D04DA00DA003B
:10EDB000DA00DA00DA00DA00DA00DA00DA00DA0083
:10EDC000DD016A00DA00DA00DA00D8016A00DA0050
:10EDD000DA00CB01DA00BD011B047F027A02DA00FF
:10EDE0005902DA001904DA00DA004204A1F1300312
:10EDF00000221BF8011B02EB820203EB4202A1F18D
:10EE00003003092BF5D9049290E748F0100818F068
:10EE1000200F00F0D780079B073323F007031A4623
:10EE2000596852F8083B07920A460029C0F2DE8072
:10EE300003999DF837500029C0F2E38053EA02019C
:10EE400028F0800840F0DD80039B002B40F05984BF
:10EE500001934C46002D00F0BE81019A01320192CF
:10EE6000B9E1029D0898294600F0BEFC002840F058
:10EE70004384B5F90C2002F01A020A2A7FF427AF66
:10EE8000029BB3F90E30002BFFF621AF02990898D0
:10EE900023465A462DB0BDE8F04F00F059BCB4EB04
:10EEA0000B0517D0119B2B441193109B0133072B9B
:10EEB000CAE900B5109305DC0AF1080A059B2B444A
:10EEC000059320E7029908980FAA00F005FD28B9DC
:10EED000CA46F3E7119B002B40F00084029B9B89FC
:10EEE0005B0600F1098405982DB0BDE8F08F00297C
:10EEF000F0D000238DF8373001238DF848100193AE
:10EF000012AC00220392069218F08407DDE910216A
:10EF100005D10498019D451B002D00F34F829DF8FB
:10EF2000370080B101320DF137000131CAF800001D
:10EF3000072A4FF00100CDE91021CAF8040000F3C0
:10EF400077820AF1080A069878B101320EA80231D8
:10EF5000CAF80000072A4FF00200CDE91021CAF8D4
:10EF6000040000F373820AF1080A802F00F09B81ED
:10EF70000398C51A002D00F3D58101321944072AE0
:10EF8000CDE91021CAF80040CAF8043000F302822B
:10EF90000AF1080A18F0040F05D0049B019A9C1A84
:10EFA000002C00F36182DDE9042301988242ACBFAA
:10EFB0009B181B180593002940F0F781002310933C
:10EFC000CA468EE6079A18F0100F52F8043B0792D3
:10EFD00007D118F0400F04D043F3C03211461BB2E2
:10EFE00023E7DA1711460029BFF622AF03995B42E7
:10EFF00062EB42022D2500298DF8375001DB28F005
:10F0000080080A2B72F1000180F0F3823033DBB20A
:10F010008DF86F30039B012BB8BF012301930DF1D5
:10F020006F04012316E7079B53F8042B0492002A70
:10F0300080F28882049A0793524204929BF800104F
:10F0400048F0040870E6584610F8011B2A2900F021
:10F050005A83A1F13003092B98BF002200F24783A5
:10F0600010F8011B02EB820203EB4202A1F1300314
:10F07000092BF5D942EAE2730393834656E69BF8DF
:10F08000001048F080084FE62B239BF800108DF805
:10F09000373049E69BF8001048F0010844E69DF837
:10F0A00037309BF80010002B7FF43EAE20238DF804
:10F0B000373039E618F0200F00F04D82079B059A93
:10F0C0001B681A60D2175A60079B0433079308E63F
:10F0D0009BF800106C2903BF9BF8011048F0200832
:10F0E0000BF1010B48F010081EE69BF8001048F0E9
:10F0F000400819E6079B00228DF8372053F8042BAF
:10F10000079301238DF84820019312ACF9E648F0EB
:10F11000100111F0200200F0DE81079B073323F07D
:10F12000070318465A6850F8083B079003980025D3
:10F13000A8428DF83750C0F2A782012553EA020099
:10F1400021F0800840F094800398002840F09E82CF
:10F15000002D40F0F38111F0010300F0F88130221E
:10F160008DF86F2001930DF16F0434E048F0100129
:10F1700011F0200200F0BE81079B073323F0070344
:10F1800018465A6850F8083B079003980025A84293
:10F190008DF83750D2DA88464C4603F00701DB0879
:10F1A00043EA4273D208303153EA0205204604F89C
:10F1B000011DF2D118F0010F6DD030296BD0039AE8
:10F1C0000238302304F8013CA9EB00039A42B8BF8F
:10F1D0001A460446019218F0020206923FF494AED9
:10F1E000019A02320192022206928DE6079D039B4C
:10F1F00055F8044B00218DF83710002C00F05E828A
:10F20000002BC0F2DF811A462046FFF7E9FA0028FA
:10F2100000F06B82031B9DF8372023EAE371019114
:10F22000002A00F0528200220795039215E69BF80F
:10F23000001048F0200877E5079A52F8043B07923F
:10F2400047F63002ADF83820B24A099248F0020879
:10F25000002200218DF83710039900290DDB41466B
:10F2600053EA02004FF0020521F080083FF46CAF32
:10F27000012D00F05482022D8ED109984C4603F0E6
:10F280000F011B09415C04F8011D43EA02731209D6
:10F2900053EA0201F3D1039AA9EB04039A42B8BFDF
:10F2A0001A46019297E70498019D451B002D7FF7B0
:10F2B0005FAE102D984E23DD06945046089C102713
:10F2C0009A4604E0103D102D00F1080015DD0132D2
:10F2D0001031072AC0E90067CDE91021F2DD02995B
:10F2E0000FAA204600F0F8FA00287FF4F7AD103D91
:10F2F000102DDDE910214846E9DC069C5346824684
:10F3000001322944072ACDE91021CAF80060CAF861
:10F31000045000F3C5810398C51A002D0AF1080AAC
:10F320007FF72BAE102D7C4E26DD03945046089CB3
:10F33000B24610271E4604E0103D102D00F10800D3
:10F3400016DD0132744B1031072AC0E90037CDE9D0
:10F350001021F1DD02990FAA204600F0BDFA002825
:10F360007FF4BCAD103D102DDDE910214846E8DCEE
:10F37000039C33465646824601322944072ACDE98A
:10F380001021CAF80060CAF8045000F3C9800AF1DD
:10F39000080AF2E5029908980FAA00F09DFA0028E1
:10F3A0007FF49CAD1199CA46F4E5029908980FAA1A
:10F3B00000F092FA00283FF401AE8FE5102D574E71
:10F3C00028DDCDE90A7450463746089C029E9A46CD
:10F3D00004E0103D102D00F1080016DD013210315F
:10F3E0001023072ACDE9102107604360F1DD0FAA41
:10F3F0003146204600F070FA00287FF46FAD103DD2
:10F40000102DDDE910214846E8DC3E460B9C0A9FA2
:10F410005346824601322944072ACDE91021CAF811
:10F420000060CAF8045000F321810AF1080A76E569
:10F43000029908980A930FAA00F04EFA00287FF468
:10F440004DADDDE910210A9BCA467CE5029908987A
:10F4500006930FAA00F040FA00287FF43FADDDE9E3
:10F460001021069BCA4680E5102C109B2B4E1FDDF9
:10F47000089FDDF80880102504E0103C102C0AF1EC
:10F48000080A15DD01331031072BCAE90065CDE903
:10F490001031F2DD0FAA4146384600F01DFA00286F
:10F4A0007FF41CAD103C102CDDE91031CA46E9DCBC
:10F4B00001332144072BCAE90064CDE910317FF7FD
:10F4C00072AD029908980FAA00F006FA00287FF49E
:10F4D00005AD119967E5079850F8043B079011F0C6
:10F4E00010007FF423AE11F040023FF41FAE9BB238
:10F4F00002461BE6079850F8043B079011F01000F5
:10F500007FF443AE11F040023FF43FAE9BB202469F
:10F510003BE600BFD80D00208406002074060020C2
:10F520000299089803930FAA00F0D6F900287FF4F7
:10F53000D5ACDDE91021039BCA461EE5039B019370
:10F540004C4648E69BF800100793FFF7EDBB039A83
:10F5500001924C463FE618F0100F38D118F0400FDA
:10F5600035D0079B059A1B681A80ADE54146D0E56A
:10F570004146FDE56B4B099318F020022CD0079B08
:10F58000073323F0070318465A6850F8083B0790E2
:10F5900018F0010F3FF45DAE53EA02003FF459AE9C
:10F5A0008DF8391030218DF8381000218DF8371082
:10F5B0000399002980F28D8048F002085DE65A4BDD
:10F5C0000993D9E72046F8F7F3FF034623E6079BA4
:10F5D000059A1B681A6077E5079850F8043B079076
:10F5E00018F01000D4D118F040021CBF9BB20246A4
:10F5F000CEE74E4ECDF804A04C464FF0050E9918BC
:10F6000041F10001A6FB010727F0030000EB970082
:10F61000091A581A9A46944662F100034FF0CC3208
:10F6200002FB00F206FB0322A0FB063003F00107F9
:10F630000244A7FB0E074018BAF10A0F4FEA530322
:10F6400000F130007CF1000C43EAC27304F8010DB4
:10F650004FEA5202D3D2039ADDF804A0A9EB0403C7
:10F660009A42B8BF1A460192FFF7F4BB0299089874
:10F670000A930FAA00F030F900287FF42FACDDE9DF
:10F6800010210A9BCA464AE48846BAE4012D7FF459
:10F69000F2AD00253023BBE4FEF782F9FFF7F9BA9B
:10F6A0000299089806930FAA00F016F900287FF433
:10F6B00015ACDDE91021069BCA4659E4062B28BF8C
:10F6C00006231B4C079501931BE4CDE90625039205
:10F6D0001AE428F0800141F00208CEE5029908986A
:10F6E0000FAA00F0F9F8FFF7F9BB039B93E500239D
:10F6F00083460393FFF71ABB4FF0FF330593FFF7E1
:10F70000F2BB302384E4079B9BF8011053F8042BD1
:10F71000079342EAE27283460392FFF705BB002596
:10F720006FE400BFC40D0020D80D0020CDCCCCCCA0
:10F73000EC0D002010B4054C8446134620685DF89B
:10F74000044B0A466146FFF797BA00BFC814002071
:10F7500070B50C468989ADF58D6D21F00201ADF8CB
:10F760000C101AA9009104914FF480610291059147
:10F77000616E1991E189ADF80E10E1690791616A36
:10F7800009910021069169460646FFF775FA051EA4
:10F7900007DB69463046FFF735FA002818BF4FF0FF
:10F7A000FF35BDF80C305B0603D5A38943F0400359
:10F7B000A38128460DF58D6D70BD00BF38B50C4690
:10F7C000084D8446114620461A4600232B606446A5
:10F7D000F7F742FD431C00D038BD2B68002BFBD04F
:10F7E000236038BD3056002038B52F4B1B680546C6
:10F7F0000C4613B15A6B002A4BD0B4F90C301807E1
:10F800001CD5226922B313F0010107D061690020E1
:10F810004942A060A1613AB1002038BD980758BFA5
:10F820006169A160002AF7D1190658BF1046F4D5C6
:10F8300043F04003A3814FF0FF3038BDD9062CD5EB
:10F840005A0712D4226943F00803A381002ADAD1AF
:10F8500003F42071B1F5007FD5D02146284600F091
:10F860004BF8B4F90C302269CDE7216B51B104F1AA
:10F870004002914204D02846FDF7BEFAB4F90C309C
:10F880000022226322690021C4E9002123F024031D
:10F89000D9E71846FEF784F8AFE7092243F04003A2
:10F8A0002A60A381C7E700BFC814002038B50C4602
:10F8B000084D8446114620461A4600232B606446B4
:10F8C000F7F7D8FC431C00D038BD2B68002BFBD0C9
:10F8D000236038BD30560020936810B514461BB91C
:10F8E00018460023636010BD00F0CCF80023A3602D
:10F8F0000023636010BD00BF2DE9F041B1F90C3069
:10F900000C46990796B008D504F143030122C4E9D7
:10F910000432236016B0BDE8F081B4F90E1000295E
:10F92000064626DB6A4600F085F800281FDB019DAD
:10F9300005F47045A5F50055B5FA85F54FF48068D6
:10F940006D094FF4006741463046FCF739F8E8B1DD
:10F95000B4F90C30C4F8148043F0800320602061B7
:10F96000A3813DBB3B43A38116B0BDE8F081B4F950
:10F970000C3013F0800519D04FF0400800254146A7
:10F9800030462F46FCF71CF80028E1D1B4F90C30C2
:10F990009A05BFD423F0030304F1430243F00203AA
:10F9A0000121C4E90421A3812260B3E74FF48068F8
:10F9B0002F46C8E7B4F90E10304600F051F810B9E0
:10F9C000B4F90C30CEE7A38923F0030343F001031D
:10F9D0001BB2C7E770B50C46B1F90E10002996B0FE
:10F9E00015461E4614DB6A4600F024F800280FDB9B
:10F9F000019901F47041A1F50051B1FA81F14FF480
:10FA0000806349094FF4006031602B6016B070BD0F
:10FA1000A18911F0800106D0002140230846316001
:10FA20002B6016B070BD4FF48063084631602B60C8
:10FA300016B070BD70B50C46084D03460026204632
:10FA400011461C462E60F7F70DFC431C00D070BD1C
:10FA50002B68002BFBD0236070BD00BF3056002008
:10FA600038B5074D0022044608462A60F7F700FC27
:10FA7000431C00D038BD2B68002BFBD0236038BD61
:10FA8000305600209368002B00F0F8802DE9F04FED
:10FA9000B1F90CC01CF0080F83B0904681460C46AB
:10FAA00031D00B697BB31CF00207D8F8006038D066
:10FAB0000027D4F824B0E169DFF8C4A23D465545DB
:10FAC0002B463A4628BF53464846C5B1D84700287A
:10FAD00040F3CA80D8F808301B1A07442D1AC8F81A
:10FAE0000830002B00F0B68055452B46D4F824B0E2
:10FAF000E16928BF53463A464846002DE6D1D6E98B
:10FB000000750836DBE721464846FFF76DFE002802
:10FB100040F0AF80B4F90CC0D8F800601CF00207C8
:10FB2000C6D11CF0010A63D12368A1685746184664
:10FB30008B46002F58D01CF4007F00F0B580B942EE
:10FB40000A4600F2E1801CF4906F2FD021696269AF
:10FB50005D1A02EB420202EBD2726B1C52103B4464
:10FB6000934292BF93469B461A461CF4806F00F066
:10FB7000EA8011464846FBF723FF002800F0F98091
:10FB80002A4621690090F7F793F8A289009B22F496
:10FB9000906242F08002A2815819ABEB0505C4F8CF
:10FBA00014B02361A5602060BB463A4651460092DE
:10FBB000FBF74AFEA1682368009AA1EB0B011A44E7
:10FBC0003D46A16022600027D8F808305B1BAA449C
:10FBD000C8F80830002B3DD02368A168B4F90CC0E8
:10FBE00018468B46002FA6D1D6E900A708369EE717
:10FBF0003846BB463D460097002D41D0002846D0F0
:10FC0000009A2068A168D4E90473AA4228BF2A4652
:10FC1000B84204D901EB030A524500F385809342B0
:10FC200075DCE169676A5A464846B847B0F1000A90
:10FC30001ADD009BB3EB0A0300930FD00120D8F824
:10FC40000830A3EB0A03D344A5EB0A05C8F8083033
:10FC5000002BD1D1002003B0BDE8F08F21464846EB
:10FC6000FEF7D0FF0028EAD0B4F90C3043F040038F
:10FC7000A3814FF0FF3003B0BDE8F08F0020704744
:10FC8000756833460836002DFAD0D3F800B02A46FE
:10FC90000A215846FEF7A4FD002867D00130A0EBEA
:10FCA0000B0300931A46ACE722699A4214D36269A7
:10FCB000BA4211D86FF00043BB4228BF3B46656A89
:10FCC00093FBF2F3E16902FB03F348465246A8476F
:10FCD000051EC9DD7F1B77E7B94228BF39460D46AF
:10FCE00018460A465146FBF7AFFDA1682368491B39
:10FCF0002B44A16023600029ECD121464846FEF741
:10FD000081FF0028E6D0AFE7BB463A464EE75946AA
:10FD10000192FBF799FD019AA3689B1AA3602368DF
:10FD200013442360924684E759465246FBF78CFD04
:10FD300023685344236021464846FEF763FF0028AA
:10FD40003FF477AF90E74846FDF784FB0346002871
:10FD50007FF422AF21694846FDF74EF8B4F90C3024
:10FD60000C22C9F8002023F080037FE76A1C009270
:10FD700047E70C22B4F90C30C9F8002076E700BF41
:10FD800000FCFF7F81F0004102E000BF83F00043F0
:10FD900030B54FEA41044FEA430594EA050F08BF26
:10FDA00090EA020F1FBF54EA000C55EA020C7FEAEA
:10FDB000645C7FEA655C00F0E2804FEA5454D4EB67
:10FDC0005555B8BF6D420CDD2C4480EA020281EA31
:10FDD000030382EA000083EA010180EA020281EA69
:10FDE0000303362D88BF30BD11F0004F4FEA0131BB
:10FDF0004FF4801C4CEA113102D0404261EB4101CA
:10FE000013F0004F4FEA03334CEA133302D052424F
:10FE100063EB430394EA050F00F0A780A4F101040B
:10FE2000D5F1200E0DDB02FA0EFC22FA05F2801845
:10FE300041F1000103FA0EF2801843FA05F359412B
:10FE40000EE0A5F120050EF1200E012A03FA0EFCAA
:10FE500028BF4CF0020C43FA05F3C01851EBE371D4
:10FE600001F0004507D54FF0000EDCF1000C7EEBF1
:10FE700000006EEB0101B1F5801F1BD3B1F5001F2F
:10FE80000CD349085FEA30004FEA3C0C04F101044E
:10FE90004FEA445212F5800F80F09A80BCF1004F77
:10FEA00008BF5FEA500C50F1000041EB045141EAF9
:10FEB000050130BD5FEA4C0C404141EB0101013CC2
:10FEC00028BFB1F5801FE9D291F0000F04BF0146B1
:10FED0000020B1FA81F308BF2033A3F10B03B3F183
:10FEE00020020CDA0C3208DD02F1140CC2F10C0213
:10FEF00001FA0CF021FA02F10CE002F11402D8BF71
:10FF0000C2F1200C01FA02F120FA0CFCDCBF41EA3C
:10FF10000C019040E41AA2BF01EB0451294330BD0B
:10FF20006FEA04041F3C1CDA0C340EDC04F11404E8
:10FF3000C4F1200220FA04F001FA02F340EA0300BF
:10FF400021FA04F345EA030130BDC4F10C04C4F105
:10FF5000200220FA02F001FA04F340EA03002946E5
:10FF600030BD21FA04F0294630BD94F0000F83F42F
:10FF7000801306BF81F480110134013D4EE77FEA12
:10FF8000645C18BF7FEA655C29D094EA050F08BF5E
:10FF900090EA020F05D054EA000C04BF194610463F
:10FFA00030BD91EA030F1EBF0021002030BD5FEA83
:10FFB000545C05D14000494128BF41F0004130BDAB
:10FFC00014F580043CBF01F5801130BD01F00045FF
:10FFD00045F0FE4141F470014FF0000030BD7FEA72
:10FFE000645C1ABF194610467FEA655C1CBF0B466D
:10FFF000024650EA013406BF52EA033591EA030F84
:02000004600199
:1000000041F4002130BD00BF90F0000F04BF00217B
:10001000704730B54FF4806404F132044FF00005AE
:100020004FF0000150E700BF90F0000F04BF002127
:10003000704730B54FF4806404F1320410F000458D
:1000400048BF40424FF000013EE700BF42004FEA88
:10005000E2014FEA31014FEA02701FBF12F07F4305
:1000600093F07F4F81F06051704732F07F4208BFBC
:10007000704793F07F4F04BF41F40021704730B5C3
:100080004FF4607401F0004521F000411CE700BF0F
:1000900050EA010208BF704730B54FF000050AE092
:1000A00050EA010208BF704730B511F0004502D593
:1000B000404261EB41014FF4806404F132045FEA95
:1000C000915C3FF4D8AE4FF003025FEADC0C18BF3E
:1000D00003325FEADC0C18BF033202EBDC02C2F130
:1000E000200300FA03FC20FA02F001FA03FE40EAC2
:1000F0000E0021FA02F11444BDE600BF08B5024625
:100100000B4643EC172BB5EEC07BF1EE10FA03D48F
:10011000BDE8084000F00CB8B1EE477B51EC170B7E
:1001200000F006F8404261EB410108BD000000000C
:100130009FED0B6B41EC170B9FED0B5B27EE066BF6
:10014000BCEEC66BB8EE464BA4EE457BFCEEC77B1F
:1001500016EE101A17EE900A704700BFAFF300803A
:10016000000000000000F03D000000000000F04131
:100170005FF800F0351D00605FF800F0891D006039
:04018000F8B500BF0F
:080184006C83FF7F0100000005
:10018C000000000000000000000000000000000063
:10019C000000000000000000000000000000000053
:1001AC000000000000000000000000000000000043
:1001BC000000000000000000000000000000000033
:1001CC000000000000000000000000000000000023
:1001DC000000000000000000000000000000000013
:1001EC000000000000000000000000000000000003
:1001FC0000000000000000000000000000000000F3
:10020C0000000000000000000000000000000000E2
:10021C0000000000000000000000000000000000D2
:10022C0000000000000000000000000000000000C2
:10023C0000000000000000000000000000000000B2
:10024C0000000000000000000000000000000000A2
:10025C000000000000000000000000000000000092
:10026C000000000000000000000000000000000082
:10027C000000000000000000000000000000000072
:10028C000000000000000000000000000000000062
:10029C000000000000000000000000000000000052
:1002AC000000000000000000000000000000000042
:1002BC000000000000000000000000000000000032
:1002CC000000000000000000000000000000000022
:1002DC000000000000000000000000000000000012
:1002EC000000000000000000000000000000000002
:1002FC0000000000000000000000000000000000F2
:10030C0000000000000000000000000000000000E1
:10031C0000000000000000000000000000000000D1
:10032C0000000000000000000000000000000000C1
:10033C0000000000000000000000000000000000B1
:10034C0000000000000000000000000000000000A1
:10035C000000000000000000000000000000000091
:10036C000000000000000000000000000000000081
:10037C000000000000000000000000000000000071
:10038C000000000000000000000000000000000061
:10039C000000000000000000000000000000000051
:1003AC000000000000000000000000000000000041
:1003BC000000000000000000000000000000000031
:1003CC000000000000000000000000000000000021
:1003DC000000000000000000000000000000000011
:1003EC000000000000000000000000000000000001
:1003FC0000000000000000000000000000000000F1
:10040C0035000000CEFBFFFFCB0300000100000015
:10041C000000000034000000CEFBFFFFCB03000007
:10042C000100000000000000BC89D897B2D29C3CAF
:10043C0033A7A8D523F649393DA7F444FD0FA532BF
:10044C009D978CCF08BA5B25436FAC642806681166
:10045C0005000000190000007D00000000000000F5
:10046C00000000000000F03F0000000000002440ED
:10047C0000000000000059400000000000408F40C8
:10048C00000000000088C34000000000006AF84033
:10049C000000000080842E4100000000D012634157
:1004AC000000000084D797410000000065CDCD41CD
:1004BC00000000205FA00242000000E876483742AE
:1004CC00000000A2941A6D42000040E59C30A2424C
:1004DC000000901EC4BCD64200003426F56B0C43C1
:1004EC000080E03779C3414300A0D8855734764368
:1004FC0000C84E676DC1AB43003D9160E458E143C9
:10050C00408CB5781DAF154450EFE2D6E41A4B443D
:10051C0092D54D06CFF08044F64AE1C7022DB54482
:10052C00B49DD9794378EA44BC89D897B2D29C3C23
:10053C0033A7A8D523F649393DA7F444FD0FA532BE
:10054C009D978CCF08BA5B25436FAC642806C80A0C
:10055C000080E03779C34143176E05B5B5B89346B3
:10056C00F5F93FE9034F384D321D30F94877825A7F
:10057C003CBF737FDD4F15750000010100010101C7
:10058C000102010102020102030102030202040240
:10059C000205020205030206030207030207040315
:1005AC0007040307050407050407060507060607E5
:1005BC000606070707070700000000000000000000
:1005CC000000000800000000000000000000000017
:1005DC00202020202020202020202020202020200F
:1005EC0030303030303030303030303030303030FF
:1005FC0000000000000000000000000000000000EF
:10060C0000000000000000000000000000000000DE
:10061C0000000000000000000000000000000000CE
:10062C0010111213141516171819000000000000F1
:10063C00001A1B1C1D1E1F00000000000000000003
:10064C00000000000000000000000000000000009E
:10065C00001A1B1C1D1E1F000000000000000000E3
:10066C00000000000000000000000000000000007E
:10067C00000000000000000000000000000000006E
:10068C00000000000000000000000000000000005E
:10069C00000000000000000000000000000000004E
:1006AC00000000000000000000000000000000003E
:1006BC00000000000000000000000000000000002E
:1006CC00000000000000000000000000000000001E
:1006DC00000000000000000000000000000000000E
:1006EC0000000000000000000000000000000000FE
:1006FC0000202020202020202020282828282820E6
:10070C0020202020202020202020202020202020DD
:10071C002088101010101010101010101010101045
:10072C001004040404040404040404101010101035
:10073C0010104141414141410101010101010101FF
:10074C000101010101010101010101011010101051
:10075C0010104242424242420202020202020202D1
:10076C000202020202020202020202021010101025
:10077C00200000000000000000000000000000004D
:10078C00000000000000000000000000000000005D
:10079C00000000000000000000000000000000004D
:1007AC00000000000000000000000000000000003D
:1007BC00000000000000000000000000000000002D
:1007CC00000000000000000000000000000000001D
:1007DC00000000000000000000000000000000000D
:1007EC0000000000000000000000000000000000FD
:1007FC00000000002020202020202020202020206D
:10080C00202020203030303030303030303030301C
:10081C0030303030080D0020140D0020240D002045
:10082C00340D0020480D00205C0D0020740D0020BC
:10083C00E40C0020EC0C0020F40C0020F80C002040
:10084C00BC0A0020000D0020CC0C002065727265E3
:10085C007572206D6F746575720000003F000000AA
:10086C0001020304050600002A253032580A000054
:10087C00312E302E300000004F52494F4E2D362075
:10088C0050524F0045565420424F4F542025732050
:10089C006D69742D62726964676525732061786572
:1008AC00733D256400000000535420257320256CF3
:1008BC007500000020252E33660000002025303204
:1008CC006C58203030000000455654204641554CA1
:1008DC0054202573000000006469720063616E5F30
:1008EC00696400007761746368646F6700000000DE
:1008FC0073747265616D5F64656C617900000000F2
:10090C004F4B2053455420257320257500000000C3
:10091C006374726C5F687A0066625F74696D656F90
:10092C00757400006D61785F74656D700000000077
:10093C004F4B20534554206D61785F74656D70206A
:10094C002575000045525220332061786520312EE8
:10095C002E2564206F75202A00000000705F6D61E9
:10096C0078000000765F6D6178000000745F6D6147
:10097C00780000006B705F6D617800006B645F6DD8
:10098C0061780000455252203320636C6520696EFB
:10099C00636F6E6E75652025730000006F6666735D
:1009AC006574000045525220342064657361637491
:1009BC0069766572206C6573206D6F7465757273E2
:1009CC002028454E203029006B645F64616D7000F7
:1009DC004F4B2053455420257320257320252E354D
:1009EC0067000000455252203320257320686F7237
:1009FC007320706C616765205B302C206D61785DB5
:100A0C0020284A25642900006D696E004552522049
:100A1C0033206D696E203E3D206D617820284A257B
:100A2C00642900004552522033206D6178203C3DF2
:100A3C00206D696E20284A2564290000766D617846
:100A4C00000000007461755F6D61780045525220A2
:100A5C003320257320646F69742065747265203EA1
:100A6C00203000004F4B20257500000045525220CD
:100A7C00332047455420636C652061786528312EFE
:100A8C002E256429000000004F4B20252E356700D1
:100A9C004F4B202564000000455252203520666CD7
:100AAC007578203A204A2564206120252E31662055
:100ABC00646567206465206C6120706F736974696C
:100ACC006F6E206D65737572656500006175637579
:100ADC006E0000004F4B20534156450045525220AA
:100AEC003820454550524F4D20696E646973706FC4
:100AFC006E69626C650000004F4B204C4F41440006
:100B0C004F4B2044454641554C54530045525220BE
:100B1C003120736F6D6D6520646520636F6E747228
:100B2C006F6C65002009000050494E470000000022
:100B3C004F4B20504F4E47202573206D69742D620A
:100B4C007269646765257320617865733D2564005F
:100B5C00564552004F4B205645522025730000003D
:100B6C005354415400000000464C54004F4B204657
:100B7C004C542025730000004F4B204642000000CF
:100B8C0020252E31662F252E32662F25752F2575A3
:100B9C002F25580053545245414D00004F4B2053C4
:100BAC00545245414D202575000000004F4B204507
:100BBC0053544F5000000000434C520045525220F9
:100BCC0037206172726574206427757267656E6375
:100BDC0065206163746966004F4B20434C520000E2
:100BEC0045525220342064656661757420616374CB
:100BFC0069662028434C52290000000045525220BF
:100C0C0036206D6F74657572204A2564206D75658C
:100C1C0074202843414E2C20616C696D656E7461A3
:100C2C0074696F6E2C204944290000004F4B2045FD
:100C3C004E2031004F4B20454E20300044414D504A
:100C4C00000000004552522034206D6F746575729F
:100C5C007320696E61637469667300004F4B2044A6
:100C6C00414D50004F4B2053544F50005A45524F5A
:100C7C0000000000455252203420726F626F7420C5
:100C8C00656E206D6F7576656D656E740000000085
:100C9C004552522036206D6F74657572204A25645A
:100CAC00206D7565740000004F4B205A45524F2043
:100CBC00285341564520706F757220636F6E7365B3
:100CCC0072766572290000004D5A45524F000000A3
:100CDC004F4B204D5A45524F2030782530326C58AE
:100CEC0000000000455252203420657461742025A8
:100CFC00730000004552522033204D432073657120
:100D0C0020742071312E2E712564205B76312E2EAD
:100D1C00762564205B746175312E2E7461752564A3
:100D2C005D5D000053455400474554005341564502
:100D3C000000000045525220332053455420636C70
:100D4C0065206178652076616C657572207C204722
:100D5C00455420636C652061786500004552522033
:100D6C00332076616C65757220696E76616C69648E
:100D7C00650000004C4F41440000000044454641D2
:100D8C00554C545300000000455252203220636FE2
:100D9C006D6D616E646520696E636F6E6E75652036
:100DAC0025730000455252203820636F6E666967C8
:100DBC0075726174696F6E20454550524F4D2069B4
:100DCC006E76616C696465004552522033206C6903
:100DDC00676E652074726F70206C6F6E677565003E
:100DEC0043414E203A204A2564206E65207265707E
:100DFC006F6E6420706C7573000000004A256420CF
:100E0C003A202573000000004A2564203A207465BE
:100E1C006D706572617475726520257520430000D4
:100E2C004A256420686F727320627574656573203F
:100E3C0028252E316629000045565420574154432D
:100E4C0048444F4700000000455654204553544F2A
:100E5C00500000004556542044495341424C4544EF
:100E6C000000000049444C4500000000524541443C
:100E7C005900000052554E00484F4C4400000000F1
:100E8C004641554C5400000073757274656E73695D
:100E9C006F6E0000736F75732D74656E73696F6E72
:100EAC0000000000737572696E74656E7369746509
:100EBC000000000073757263686175666665204D8D
:100ECC004F53464554000000737572636861756634
:100EDC00666520626F62696E616765007065727429
:100EEC006520646520636F6D6D756E6963617469EF
:100EFC006F6E000073757263686172676500000045
:100F0C006B7000006B6400007265665F706F7365D8
:100F1C00000000002E0000006E660000696E69740F
:100F2C0079000000616E000043000000504F5349EF
:100F3C0058000000494E4600696E66004E414E0056
:100F4C006E616E00303132333435363738394142C8
:100F5C0043444546000000003031323334353637D7
:100F6C00383961626364656600000000286E756C38
:100F7C006C29000042616C6C6F6320737563636550
:100F8C0065646564000000002E2E2F2E2E2F2E2E51
:100F9C002F2E2E2F2E2E2F2E2E2F6E65776C6962F4
:100FAC002F6C6962632F7374646C69622F6764744D
:100FBC006F612D6765746865782E6300496E66698C
:100FCC006E697479000000004E614E002E2E2F2E9B
:100FDC002E2F2E2E2F2E2E2F2E2E2F2E2E2F6E65A9
:100FEC00776C69622F6C6962632F7374646C6962CD
:100FFC002F64746F612E63002C2066756E637469A8
:10100C006F6E3A2000000000617373657274696F33
:10101C006E2022257322206661696C65643A206615
:10102C00696C6520222573222C206C696E65202545
:10103C0064257325730A00002E2E2F2E2E2F2E2E94
:10104C002F2E2E2F2E2E2F2E2E2F6E65776C696243
:10105C002F6C6962632F7374646C69622F6D70728C
:10106C0065632E6300000000B1430000B54300002F
:10107C00B9430000BD430000000016430000F042DD
:10108C00000016430000B4430000B4430000B44316
:10109C000000A0400000A0400000A0400000004064
:1010AC00CDCCCC3F0000803F00000000000020C1F0
:1010BC0000005C420000000000000C420000000038
:1010CC000000204000006040000020400000803FF5
:1010DC00CDCC4C3F0000003F0000A0420000F0428D
:1010EC000000A0420000F0410000C8410000704127
:1010FC0000002A43000002430000704200002A4313
:10110C000000E6420000344300002AC3000002C382
:10111C0000002AC300002AC30000E6C2000034C34A
:10112C0001010101010100000000D8410000D8417B
:10113C000000D8410000E0400000E0400000E0402A
:10114C00000048410000484100004841000048416F
:10115C0000004841000048410000E0410000E0412F
:10116C000000E0410000204100002041000020412F
:10117C000000004100000041000000410000F0416F
:10118C000000F0410000F0410000A0400000A04031
:10119C000000A0400000A0400000A0400000A040C3
:1011AC000000FA430000FA430000FA430000FA433F
:1011BC000000FA430000FA430000000000000000A9
:1011CC00B1150000C5000000790300003D020000CD
:1011DC00010C00004102000045020000000000006C
:1011EC0000000000A9430000595D0000555D00009F
:1011FC00515D00004D5D0000994400009D440000CD
:10120C00495D0000000000000000000039020000F1
:10121C006D020000F90C000039150000A905000052
:10122C00C10000007105000049020000800D002083
:10123C00840D0020480800201C080020880800208D
:10124C00C8080020BC080020C4080020880D00201D
:10125C0000000042C8801F40B8821F4008000000F8
:10126C0000000042C4801F40B4821F4004000000F4
:10127C0000C0004224801F4014821F401000000058
:10128C0000C0004228801F4018821F402000000030
:10129C0000C000422C801F401C821F4040000000F8
:1012AC0000C0004234801F4024821F400001000017
:1012BC000040004264811F4054831F400004000022
:1012CC000040004280811F4070831F4000000200DC
:1012DC00004000427C811F406C831F4000000100D5
:1012EC000040004268811F4058831F4000080000E6
:1012FC00004000423C811F402C831F400100000035
:10130C000040004244811F4034831F400400000011
:10131C000040004240811F4030831F40020000000B
:10132C000040004248811F4038831F4008000000E5
:10133C000000004204811F40F4821F4000000400A2
:10134C000000004208811F40F8821F400000080086
:10135C000000004218811F4008831F4000008000DD
:10136C000000004214811F4004831F400000400015
:10137C000000004200811F40F0821F40000002006C
:10138C0000000042FC801F40EC821F400000010066
:10139C000000004224811F4014831F400000000401
:1013AC000000004228811F4018831F4000000008E5
:1013BC00000000421C811F400C831F4000000001F4
:1013CC000000004220811F4010831F4000000002DB
:1013DC0000000042EC801F40DC821F400010000027
:1013EC0000000042F0801F40E0821F4000200000FF
:1013FC000000004234811F4024831F400000004045
:10140C000000004238811F4028831F4000000080EC
:10141C000080004294801F4084821F400000040022
:10142C0000C0004290801F4080821F40000000805E
:10143C0000800042A8801F4098821F40000080005E
:10144C0000800042A4801F4094821F400000400096
:10145C00004000426C811F405C831F400010000064
:10146C0000C0004230801F4020821F4080000000DE
:10147C0000400042B0811F40A0831F4000000020AC
:10148C0000400042AC811F409C831F4000000010B4
:10149C000040004284811F4074831F400000040000
:1014AC000040004288811F4078831F4000000800E4
:1014BC00000000422C811F401C831F4000000010C4
:1014CC000000004230811F4020831F40000000209C
:1014DC00000000420C811F40FC821F4000001000E5
:1014EC000000004210811F4000831F4000002000BC
:1014FC0000800042C8811F40B8831F40008000005C
:10150C0000800042C4811F40B4831F400040000093
:10151C0000800042C0811F40B0831F4000200000AB
:10152C0000800042BC811F40AC831F4000100000B3
:10153C0000800042D0811F40C0831F400000020089
:10154C0000800042CC811F40BC831F400000010082
:10155C0000C0004274801F4064821F4000000001E4
:10156C0000C0004280801F4070821F4000000008B5
:10157C0000C0004284801F4074821F400000001095
:10158C0000C000426C801F405C821F400000400085
:10159C0000C000427C801F406C821F400000000491
:1015AC0000C0004278801F4068821F40000000028B
:1015BC0000C0004288801F4078821F40000000203D
:1015CC0000010000AC1B002012000000000600000F
:1015DC00E41E00600A00000000020000801E006093
:1015EC0062000000000700001C1E0060620000008A
:1015FC00EE030000E81B002012000000000004EEC7
:10160C00C01B00202800000000030000181E006012
:10161C000000000001030904001E0060000000002F
:10162C0002030904E81D0060000000000303090424
:10163C00FC1B002000000000000000000000000067
:10164C000000000000000000D0140020000000008A
:10165C0000000000F054002058550020C055002018
:10166C00000000000000000000000000000000006E
:10167C00000000000000000000000000000000005E
:10168C00000000000000000000000000000000004E
:10169C00000000000000000000000000000000003E
:1016AC00000000000000000000000000000000002E
:1016BC00000000000000000000000000000000001E
:1016CC00000000000000000000000000000000000E
:1016DC0000000000000000000000000000000000FE
:1016EC0000000000000000000100000000000000ED
:1016FC000E33CDAB34126DE6ECDE05000B000000B2
:10170C0000000000000000000000000000000000CD
:10171C0000000000000000000000000000000000BD
:10172C0000000000000000000000000000000000AD
:10173C00000000000000000000000000000000009D
:10174C00000000000000000000000000000000008D
:10175C00000000000000000000000000000000007D
:10176C00000000000000000000000000000000006D
:10177C000000000000000000F0150020F015002013
:10178C00F8150020F8150020001600200016002087
:10179C000816002008160020101600201016002035
:1017AC0018160020181600202016002020160020E5
:1017BC002816002028160020301600203016002095
:1017CC003816002038160020401600204016002045
:1017DC0048160020481600205016002050160020F5
:1017EC0058160020581600206016002060160020A5
:1017FC006816002068160020701600207016002055
:10180C007816002078160020801600208016002004
:10181C0088160020881600209016002090160020B4
:10182C009816002098160020A0160020A016002064
:10183C00A8160020A8160020B0160020B016002014
:10184C00B8160020B8160020C0160020C0160020C4
:10185C00C8160020C8160020D0160020D016002074
:10186C00D8160020D8160020E0160020E016002024
:10187C00E8160020E8160020F0160020F0160020D4
:10188C00F8160020F8160020001700200017002082
:10189C000817002008170020101700201017002030
:1018AC0018170020181700202017002020170020E0
:1018BC002817002028170020301700203017002090
:1018CC003817002038170020401700204017002040
:1018DC0048170020481700205017002050170020F0
:1018EC0058170020581700206017002060170020A0
:1018FC006817002068170020701700207017002050
:10190C0078170020781700208017002080170020FF
:10191C0088170020881700209017002090170020AF
:10192C009817002098170020A0170020A01700205F
:10193C00A8170020A8170020B0170020B01700200F
:10194C00B8170020B8170020C0170020C0170020BF
:10195C00C8170020C8170020D0170020D01700206F
:10196C00D8170020D8170020E0170020E01700201F
:10197C00E8170020E8170020F0170020F0170020CF
:10198C00F8170020F817002000180020001800207D
:10199C00081800200818002010180020101800202B
:1019AC0018180020181800202018002020180020DB
:1019BC00281800202818002030180020301800208B
:1019CC00381800203818002040180020401800203B
:1019DC0048180020481800205018002050180020EB
:1019EC00581800205818002060180020601800209B
:1019FC00681800206818002070180020701800204B
:101A0C0078180020781800208018002080180020FA
:101A1C0088180020881800209018002090180020AA
:101A2C009818002098180020A0180020A01800205A
:101A3C00A8180020A8180020B0180020B01800200A
:101A4C00B8180020B8180020C0180020C0180020BA
:101A5C00C8180020C8180020D0180020D01800206A
:101A6C00D8180020D8180020E0180020E01800201A
:101A7C00E8180020E8180020F0180020F0180020CA
:101A8C00F8180020F8180020001900200019002078
:101A9C000819002008190020101900201019002026
:101AAC0018190020181900202019002020190020D6
:101ABC002819002028190020301900203019002086
:101ACC003819002038190020401900204019002036
:101ADC0048190020481900205019002050190020E6
:101AEC005819002058190020601900206019002096
:101AFC006819002068190020701900207019002046
:101B0C0078190020781900208019002080190020F5
:101B1C0088190020881900209019002090190020A5
:101B2C009819002098190020A0190020A019002055
:101B3C00A8190020A8190020B0190020B019002005
:101B4C00B8190020B8190020C0190020C0190020B5
:101B5C00C8190020C8190020D0190020D019002065
:101B6C00D8190020D8190020E0190020E019002015
:101B7C00E8190020E8190020FFFFFFFF0000020019
:101B8C000000000043000000000000000000000006
:101B9C000000000000000000000000000000000039
:101BAC0000000000430000000000000000000000E6
:101BBC000000000000000000000000000000000019
:101BCC0000000000430000000000000000000000C6
:101BDC0000000000000000000000000000000000F9
:101BEC0000000000430000000000000000000000A6
:101BFC0000000000000000000000000000000000D9
:101C0C000000000043000000000000000000000085
:101C1C0000000000000000000000000000000000B8
:101C2C000000000043000000000000000000000065
:101C3C000000000000000000000000000000000098
:101C4C000000000043000000000000000000000045
:101C5C000000000000000000000000000000000078
:101C6C000000000009B300008D9800000000000087
:101C7C0070050020940D0020840E0020840E00209E
:101C8C00840E0020840E0020840E0020840E002080
:101C9C00840E0020840E0020840E0020FFFFFFFF26
:101CAC00FFFFFFFFFFFFFFFFFFFF0000010041539D
:101CBC004349490000000000000000000000000043
:101CCC000000000000000000000000000000415374
:101CDC004349490000000000000000000000000023
:101CEC0000000000000000000000000000000000E8
:101CFC000000000003000000F05400200029DE0763
:101D0C00007B9A176410002000000000E80300001C
:101D1C000000000000000000800000008C1000207B
:101D2C0001000000FFFFFFFF8030202012010002A5
:101D3C00EF020140C016830480020102030100007F
:101D4C002800000000010400010000000000000059
:101D5C00020157494E55534200000000000000009C
:101D6C00000000000000000012034D00530046006C
:101D7C005400310030003000F80000000C0300006B
:101D8C000000000000000000000000000000000047
:101D9C000000000000000000000000000000000037
:101DAC000000000000000000000000000000000027
:101DBC000000000000000000000000000000000017
:101DCC000000000000000000000000000000000007
:101DDC0000000000000000000000000000000000F7
:101DEC0000000000000000000000000000000000E7
:101DFC0000000000000000000000000000000000D7
:101E0C0000000000000000000000000000000000C6
:101E1C0000000000000000000000000000000000B6
:101E2C0000000000000000000000000000000000A6
:101E3C000000000000000000000000000000000096
:101E4C000000000000000000000000000000000086
:101E5C000000000000000000000000000000000076
:101E6C000000000000000000000000000000000066
:101E7C000000000000000000000000000000000056
:101E8C000000000000000000000000000000000046
:101E9C000000000000000000000000000000000036
:101EAC000000000000000000000000000000000026
:101EBC000000000000000000000000000000000016
:101ECC000000000000000000000000000000000006
:101EDC0000000000000000000000000000000000F6
:101EEC0000000000000000000000000000000000E6
:101EFC0000000000000000000000000000000000D6
:101F0C0000000000000000000000000000000000C5
:101F1C0000000000000000000000000000000000B5
:101F2C0000000000000000000000000000000000A5
:101F3C000000000000000000000000000000000095
:101F4C000000000000000000000000000000000085
:101F5C000000000000000000000000000000000075
:101F6C000000000000000000000000000000000065
:101F7C000000000000000000000000000000000055
:101F8C000000000000000000000000000000000045
:101F9C000000000000000000000000000000000035
:101FAC000000000000000000000000000000000025
:101FBC000000000000000000000000000000000015
:101FCC000000000000000000000000000000000005
:101FDC0000000000000000000000000000000000F5
:101FEC0000000000000000000000000000000000E5
:101FFC0000000000000000000000000000000000D5
:10200C0000000000000000000000000000000000C4
:10201C0000000000000000000000000000000000B4
:10202C0000000000000000000000000000000000A4
:10203C000000000000000000000000000000000094
:10204C000000000000000000000000000000000084
:10205C000000000000000000000000000000000074
:10206C000000000000000000000000000000000064
:10207C000000000000000000000000000000000054
:10208C000000000000000000000000000000000044
:10209C000000000000000000000000000000000034
:1020AC000000000000000000000000000000000024
:1020BC000000000000000000000000000000000014
:1020CC000000000000000000000000000000000004
:1020DC0000000000000000000000000000000000F4
:1020EC0000000000000000000000000000000000E4
:1020FC0000000000000000000000000000000000D4
:10210C0000000000000000000000000000000000C3
:10211C0000000000000000000000000000000000B3
:10212C0000000000000000000000000000000000A3
:10213C000000000000000000000000000000000093
:10214C000000000000000000000000000000000083
:10215C000000000000000000000000000000000073
:10216C000000000000000000000000000000000063
:10217C000000000000000000000000000000000053
:10218C000000000000000000000000000000000043
:10219C000000000000000000000000000000000033
:1021AC000000000000000000000000000000000023
:1021BC000000000000000000000000000000000013
:1021CC000000000000000000000000000000000003
:1021DC0000000000000000000000000000000000F3
:1021EC0000000000000000000000000000000000E3
:1021FC0000000000000000000000000000000000D3
:10220C0000000000000000000000000000000000C2
:10221C0000000000000000000000000000000000B2
:10222C0000000000000000000000000000000000A2
:10223C000000000000000000000000000000000092
:10224C000000000000000000000000000000000082
:10225C000000000000000000000000000000000072
:10226C000000000000000000000000000000000062
:10227C000000000000000000000000000000000052
:10228C000000000000000000000000000000000042
:10229C000000000000000000000000000000000032
:1022AC000000000000000000000000000000000022
:1022BC000000000000000000000000000000000012
:1022CC000000000000000000000000000000000002
:1022DC0000000000000000000000000000000000F2
:1022EC0000000000000000000000000000000000E2
:1022FC0000000000000000000000000000000000D2
:10230C0000000000000000000000000000000000C1
:10231C0000000000000000000000000000000000B1
:10232C0000000000000000000000000000000000A1
:10233C000000000000000000000000000000000091
:10234C000000000000000000000000000000000081
:10235C000000000000000000000000000000000071
:10236C000000000000000000000000000000000061
:10237C000000000000000000000000000000000051
:10238C000000000000000000000000000000000041
:10239C000000000000000000000000000000000031
:1023AC000000000000000000000000000000000021
:1023BC000000000000000000000000000000000011
:1023CC000000000000000000000000000000000001
:1023DC0000000000000000000000000000000000F1
:1023EC0000000000000000000000000000000000E1
:1023FC0000000000000000000000000000000000D1
:10240C0000000000000000000000000000000000C0
:10241C0000000000000000000000000000000000B0
:10242C0000000000000000000000000000000000A0
:10243C000000000000000000000000000000000090
:10244C00FFFFFFFFFFFFFFFFFFFFFFFFFFFFFFFF90
:10245C00FFFFFFFFFFFFFFFFFFFFFFFFFFFFFFFF80
:10246C00FFFFFFFFFFFFFFFFFFFFFFFFFFFFFFFF70
:10247C00FFFFFFFFFFFFFFFFFFFFFFFFFFFFFFFF60
:10248C00FFFFFFFFFFFFFFFFFFFFFFFFFFFFFFFF50
:10249C00FFFFFFFFFFFFFFFFFFFFFFFFFFFFFFFF40
:1024AC00FFFFFFFFFFFFFFFFFFFFFFFFFFFFFFFF30
:1024BC00FFFFFFFFFFFFFFFFFFFFFFFFFFFFFFFF20
:1024CC00FFFFFFFFFFFFFFFFFFFFFFFFFFFFFFFF10
:1024DC00FFFFFFFFFFFFFFFFFFFFFFFFFFFFFFFF00
:1024EC00FFFFFFFFFFFFFFFFFFFFFFFFFFFFFFFFF0
:1024FC00FFFFFFFFFFFFFFFFFFFFFFFFFFFFFFFFE0
:10250C00FFFFFFFFFFFFFFFFFFFFFFFFFFFFFFFFCF
:10251C00FFFFFFFFFFFFFFFFFFFFFFFFFFFFFFFFBF
:10252C00FFFFFFFFFFFFFFFFFFFFFFFFFFFFFFFFAF
:10253C00FFFFFFFFFFFFFFFFFFFFFFFFFFFFFFFF9F
:10254C00FFFFFFFFFFFFFFFFFFFFFFFFFFFFFFFF8F
:10255C00FFFFFFFFFFFFFFFFFFFFFFFFFFFFFFFF7F
:10256C00FFFFFFFFFFFFFFFFFFFFFFFFFFFFFFFF6F
:10257C00FFFFFFFFFFFFFFFFFFFFFFFFFFFFFFFF5F
:10258C00FFFFFFFFFFFFFFFFFFFFFFFFFFFFFFFF4F
:10259C00FFFFFFFFFFFFFFFFFFFFFFFFFFFFFFFF3F
:1025AC00FFFFFFFFFFFFFFFFFFFFFFFFFFFFFFFF2F
:1025BC00FFFFFFFFFFFFFFFFFFFFFFFFFFFFFFFF1F
:1025CC00FFFFFFFFFFFFFFFFFFFFFFFFFFFFFFFF0F
:1025DC00FFFFFFFFFFFFFFFFFFFFFFFFFFFFFFFFFF
:1025EC00FFFFFFFFFFFFFFFFFFFFFFFFFFFFFFFFEF
:1025FC00FFFFFFFFFFFFFFFFFFFFFFFFFFFFFFFFDF
:10260C00FFFFFFFFFFFFFFFFFFFFFFFFFFFFFFFFCE
:10261C00FFFFFFFFFFFFFFFFFFFFFFFFFFFFFFFFBE
:10262C00FFFFFFFFFFFFFFFFFFFFFFFFFFFFFFFFAE
:10263C00FFFFFFFFFFFFFFFFFFFFFFFFFFFFFFFF9E
:10264C00FFFFFFFFFFFFFFFFFFFFFFFFFFFFFFFF8E
:10265C00FFFFFFFFFFFFFFFFFFFFFFFFFFFFFFFF7E
:10266C00FFFFFFFFFFFFFFFFFFFFFFFFFFFFFFFF6E
:10267C00FFFFFFFFFFFFFFFFFFFFFFFFFFFFFFFF5E
:10268C00FFFFFFFFFFFFFFFFFFFFFFFFFFFFFFFF4E
:10269C00FFFFFFFFFFFFFFFFFFFFFFFFFFFFFFFF3E
:1026AC00FFFFFFFFFFFFFFFFFFFFFFFFFFFFFFFF2E
:1026BC00FFFFFFFFFFFFFFFFFFFFFFFFFFFFFFFF1E
:1026CC00FFFFFFFFFFFFFFFFFFFFFFFFFFFFFFFF0E
:1026DC00FFFFFFFFFFFFFFFFFFFFFFFFFFFFFFFFFE
:1026EC00FFFFFFFFFFFFFFFFFFFFFFFFFFFFFFFFEE
:1026FC00FFFFFFFFFFFFFFFFFFFFFFFFFFFFFFFFDE
:10270C00FFFFFFFFFFFFFFFFFFFFFFFFFFFFFFFFCD
:10271C00FFFFFFFFFFFFFFFFFFFFFFFFFFFFFFFFBD
:10272C00FFFFFFFFFFFFFFFFFFFFFFFFFFFFFFFFAD
:10273C00FFFFFFFFFFFFFFFFFFFFFFFFFFFFFFFF9D
:10274C00FFFFFFFFFFFFFFFFFFFFFFFFFFFFFFFF8D
:10275C00FFFFFFFFFFFFFFFFFFFFFFFFFFFFFFFF7D
:10276C00FFFFFFFFFFFFFFFFFFFFFFFFFFFFFFFF6D
:10277C00FFFFFFFFFFFFFFFFFFFFFFFFFFFFFFFF5D
:10278C00FFFFFFFFFFFFFFFFFFFFFFFFFFFFFFFF4D
:10279C00FFFFFFFFFFFFFFFFFFFFFFFFFFFFFFFF3D
:1027AC00FFFFFFFFFFFFFFFFFFFFFFFFFFFFFFFF2D
:1027BC00FFFFFFFFFFFFFFFFFFFFFFFFFFFFFFFF1D
:1027CC00FFFFFFFFFFFFFFFFFFFFFFFFFFFFFFFF0D
:1027DC00FFFFFFFFFFFFFFFFFFFFFFFFFFFFFFFFFD
:1027EC00FFFFFFFFFFFFFFFFFFFFFFFFFFFFFFFFED
:1027FC00FFFFFFFF000000000000000000000000D1
:10280C0000000000000000000000000000000000BC
:10281C0000000000000000000000000000000000AC
:10282C00000000000000000000000000000000009C
:10283C00000000000000000000000000000000008C
:10284C00000000000000000000000000000000007C
:10285C00000000000000000000000000000000006C
:10286C00000000000000000000000000000000005C
:10287C00000000000000000000000000000000004C
:10288C00000000000000000000000000000000003C
:10289C00000000000000000000000000000000002C
:1028AC00000000000000000000000000000000001C
:1028BC00000000000000000000000000000000000C
:1028CC0000000000000000000000000000000000FC
:1028DC0000000000000000000000000000000000EC
:1028EC0000000000000000000000000000000000DC
:1028FC0000000000000000000000000000000000CC
:10290C0000000000000000000000000000000000BB
:10291C0000000000000000000000000000000000AB
:10292C00000000000000000000000000000000009B
:10293C00000000000000000000000000000000008B
:10294C00000000000000000000000000000000007B
:10295C00000000000000000000000000000000006B
:10296C00000000000000000000000000000000005B
:10297C00000000000000000000000000000000004B
:10298C00000000000000000000000000000000003B
:10299C00000000000000000000000000000000002B
:1029AC00000000000000000000000000000000001B
:1029BC00000000000000000000000000000000000B
:1029CC0000000000000000000000000000000000FB
:1029DC0000000000000000000000000000000000EB
:1029EC0000000000000000000000000000000000DB
:1029FC0000000000000000000000000000000000CB
:102A0C0000000000000000000000000000000000BA
:102A1C0000000000000000000000000000000000AA
:102A2C00000000000000000000000000000000009A
:102A3C00000000000000000000000000000000008A
:102A4C00000000000000000000000000000000007A
:102A5C00000000000000000000000000000000006A
:102A6C00000000000000000000000000000000005A
:102A7C00000000000000000000000000000000004A
:102A8C00000000000000000000000000000000003A
:102A9C00000000000000000000000000000000002A
:102AAC00000000000000000000000000000000001A
:102ABC00000000000000000000000000000000000A
:102ACC0000000000000000000000000000000000FA
:102ADC0000000000000000000000000000000000EA
:102AEC0000000000000000000000000000000000DA
:102AFC0000000000000000000000000000000000CA
:102B0C0000000000000000000000000000000000B9
:102B1C0000000000000000000000000000000000A9
:102B2C000000000000000000000000000000000099
:102B3C000000000000000000000000000000000089
:102B4C000000000000000000000000000000000079
:102B5C000000000000000000000000000000000069
:102B6C000000000000000000000000000000000059
:102B7C000000000000000000000000000000000049
:102B8C000000000000000000000000000000000039
:102B9C000000000000000000000000000000000029
:102BAC000000000000000000000000000000000019
:102BBC000000000000000000000000000000000009
:102BCC0000000000000000000000000000000000F9
:102BDC0000000000000000000000000000000000E9
:102BEC0000000000000000000000000000000000D9
:102BFC0000000000000000000000000000000000C9
:102C0C0000000000000000000000000000000000B8
:102C1C0000000000000000000000000000000000A8
:102C2C000000000000000000000000000000000098
:102C3C000000000000000000000000000000000088
:102C4C000000000000000000000000000000000078
:102C5C000000000000000000000000000000000068
:102C6C000000000000000000000000000000000058
:102C7C000000000000000000000000000000000048
:102C8C000000000000000000000000000000000038
:102C9C000000000000000000000000000000000028
:102CAC000000000000000000000000000000000018
:102CBC000000000000000000000000000000000008
:102CCC0000000000000000000000000000000000F8
:102CDC0000000000000000000000000000000000E8
:102CEC0000000000000000000000000000000000D8
:102CFC0000000000000000000000000000000000C8
:102D0C0000000000000000000000000000000000B7
:102D1C0000000000000000000000000000000000A7
:102D2C000000000000000000000000000000000097
:102D3C000000000000000000000000000000000087
:102D4C000000000000000000000000000000000077
:102D5C000000000000000000000000000000000067
:102D6C000000000000000000000000000000000057
:102D7C000000000000000000000000000000000047
:102D8C000000000000000000000000000000000037
:102D9C000000000000000000000000000000000027
:102DAC000000000000000000000000000000000017
:102DBC000000000000000000000000000000000007
:102DCC0000000000000000000000000000000000F7
:102DDC0000000000000000000000000000000000E7
:102DEC0000000000000000000000000000000000D7
:102DFC0000000000000000000000000000000000C7
:102E0C0000000000000000000000000000000000B6
:102E1C0000000000000000000000000000000000A6
:102E2C000000000000000000000000000000000096
:102E3C000000000000000000000000000000000086
:102E4C000000000000000000000000000000000076
:102E5C000000000000000000000000000000000066
:102E6C000000000000000000000000000000000056
:102E7C000000000000000000000000000000000046
:102E8C000000000000000000000000000000000036
:102E9C000000000000000000000000000000000026
:102EAC000000000000000000000000000000000016
:102EBC000000000000000000000000000000000006
:102ECC0000000000000000000000000000000000F6
:102EDC0000000000000000000000000000000000E6
:102EEC0000000000000000000000000000000000D6
:102EFC0000000000000000000000000000000000C6
:102F0C0000000000000000000000000000000000B5
:102F1C0000000000000000000000000000000000A5
:102F2C000000000000000000000000000000000095
:102F3C000000000000000000000000000000000085
:102F4C000000000000000000000000000000000075
:102F5C000000000000000000000000000000000065
:102F6C000000000000000000000000000000000055
:102F7C000000000000000000000000000000000045
:102F8C000000000000000000000000000000000035
:102F9C000000000000000000000000000000000025
:102FAC000000000000000000000000000000000015
:102FBC000000000000000000000000000000000005
:102FCC0000000000000000000000000000000000F5
:102FDC0000000000000000000000000000000000E5
:102FEC0000000000000000000000000000000000D5
:102FFC0000000000000000000000000000000000C5
:10300C0000000000000000000000000000000000B4
:10301C0000000000000000000000000000000000A4
:10302C000000000000000000000000000000000094
:10303C000000000000000000000000000000000084
:10304C000000000000000000000000000000000074
:10305C000000000000000000000000000000000064
:10306C000000000000000000000000000000000054
:10307C000000000000000000000000000000000044
:10308C000000000000000000000000000000000034
:10309C000000000000000000000000000000000024
:1030AC000000000000000000000000000000000014
:1030BC000000000000000000000000000000000004
:1030CC0000000000000000000000000000000000F4
:1030DC0000000000000000000000000000000000E4
:1030EC0000000000000000000000000000000000D4
:1030FC0000000000000000000000000000000000C4
:10310C0000000000000000000000000000000000B3
:10311C0000000000000000000000000000000000A3
:10312C000000000000000000000000000000000093
:10313C000000000000000000000000000000000083
:10314C000000000000000000000000000000000073
:10315C000000000000000000000000000000000063
:10316C000000000000000000000000000000000053
:10317C000000000000000000000000000000000043
:10318C000000000000000000000000000000000033
:10319C000000000000000000000000000000000023
:1031AC000000000000000000000000000000000013
:1031BC000000000000000000000000000000000003
:1031CC0000000000000000000000000000000000F3
:1031DC0000000000000000000000000000000000E3
:1031EC0000000000000000000000000000000000D3
:1031FC0000000000000000000000000000000000C3
:10320C0000000000000000000000000000000000B2
:10321C0000000000000000000000000000000000A2
:10322C000000000000000000000000000000000092
:10323C000000000000000000000000000000000082
:10324C000000000000000000000000000000000072
:10325C000000000000000000000000000000000062
:10326C000000000000000000000000000000000052
:10327C000000000000000000000000000000000042
:10328C000000000000000000000000000000000032
:10329C000000000000000000000000000000000022
:1032AC000000000000000000000000000000000012
:1032BC000000000000000000000000000000000002
:1032CC0000000000000000000000000000000000F2
:1032DC0000000000000000000000000000000000E2
:1032EC0000000000000000000000000000000000D2
:1032FC0000000000000000000000000000000000C2
:10330C0000000000000000000000000000000000B1
:10331C0000000000000000000000000000000000A1
:10332C000000000000000000000000000000000091
:10333C000000000000000000000000000000000081
:10334C000000000000000000000000000000000071
:10335C000000000000000000000000000000000061
:10336C000000000000000000000000000000000051
:10337C000000000000000000000000000000000041
:10338C000000000000000000000000000000000031
:10339C000000000000000000000000000000000021
:1033AC000000000000000000000000000000000011
:1033BC000000000000000000000000000000000001
:1033CC0000000000000000000000000000000000F1
:1033DC0000000000000000000000000000000000E1
:1033EC0000000000000000000000000000000000D1
:0433FC0000000000CD
:040000056000100087
:00000001FF
