:0200000460009A
:100000004643464200000156000000000101020084
:1000100000000000000000000000000000000000E0
:1000200000000000000000000000000000000000D0
:1000300000000000000000000000000000000000C0
:1000400000000000010406010000000000000000A4
:100050000000800000000000000000000000000020
:100060000000000000000000000000000000000090
:100070000000000000000000000000000000000080
:10008000EB04180AFF1E04320126000000000000E5
:100090000000000000000000000000000000000060
:1000A0000000000000000000000000000000000050
:1000B0000000000000000000000000000000000040
:1000C0000000000000000000000000000000000030
:1000D0000000000000000000000000000000000020
:1000E0000000000000000000000000000000000010
:1000F0000000000000000000000000000000000000
:1001000000000000000000000000000000000000EF
:1001100000000000000000000000000000000000DF
:1001200000000000000000000000000000000000CF
:1001300000000000000000000000000000000000BF
:1001400000000000000000000000000000000000AF
:10015000000000000000000000000000000000009F
:10016000000000000000000000000000000000008F
:10017000000000000000000000000000000000007F
:10018000000000000000000000000000000000006F
:10019000000000000000000000000000000000005F
:1001A000000000000000000000000000000000004F
:1001B000000000000000000000000000000000003F
:1001C000000100000010000001000000000000001D
:1001D000000001000000000000000000000000001E
:1001E000000000000000000000000000000000000F
:1001F00000000000000000000000000000000000FF
:10020000FFFFFFFFFFFFFFFFFFFFFFFFFFFFFFFFFE
:10021000FFFFFFFFFFFFFFFFFFFFFFFFFFFFFFFFEE
:10022000FFFFFFFFFFFFFFFFFFFFFFFFFFFFFFFFDE
:10023000FFFFFFFFFFFFFFFFFFFFFFFFFFFFFFFFCE
:10024000FFFFFFFFFFFFFFFFFFFFFFFFFFFFFFFFBE
:10025000FFFFFFFFFFFFFFFFFFFFFFFFFFFFFFFFAE
:10026000FFFFFFFFFFFFFFFFFFFFFFFFFFFFFFFF9E
:10027000FFFFFFFFFFFFFFFFFFFFFFFFFFFFFFFF8E
:10028000FFFFFFFFFFFFFFFFFFFFFFFFFFFFFFFF7E
:10029000FFFFFFFFFFFFFFFFFFFFFFFFFFFFFFFF6E
:1002A000FFFFFFFFFFFFFFFFFFFFFFFFFFFFFFFF5E
:1002B000FFFFFFFFFFFFFFFFFFFFFFFFFFFFFFFF4E
:1002C000FFFFFFFFFFFFFFFFFFFFFFFFFFFFFFFF3E
:1002D000FFFFFFFFFFFFFFFFFFFFFFFFFFFFFFFF2E
:1002E000FFFFFFFFFFFFFFFFFFFFFFFFFFFFFFFF1E
:1002F000FFFFFFFFFFFFFFFFFFFFFFFFFFFFFFFF0E
:10030000FFFFFFFFFFFFFFFFFFFFFFFFFFFFFFFFFD
:10031000FFFFFFFFFFFFFFFFFFFFFFFFFFFFFFFFED
:10032000FFFFFFFFFFFFFFFFFFFFFFFFFFFFFFFFDD
:10033000FFFFFFFFFFFFFFFFFFFFFFFFFFFFFFFFCD
:10034000FFFFFFFFFFFFFFFFFFFFFFFFFFFFFFFFBD
:10035000FFFFFFFFFFFFFFFFFFFFFFFFFFFFFFFFAD
:10036000FFFFFFFFFFFFFFFFFFFFFFFFFFFFFFFF9D
:10037000FFFFFFFFFFFFFFFFFFFFFFFFFFFFFFFF8D
:10038000FFFFFFFFFFFFFFFFFFFFFFFFFFFFFFFF7D
:10039000FFFFFFFFFFFFFFFFFFFFFFFFFFFFFFFF6D
:1003A000FFFFFFFFFFFFFFFFFFFFFFFFFFFFFFFF5D
:1003B000FFFFFFFFFFFFFFFFFFFFFFFFFFFFFFFF4D
:1003C000FFFFFFFFFFFFFFFFFFFFFFFFFFFFFFFF3D
:1003D000FFFFFFFFFFFFFFFFFFFFFFFFFFFFFFFF2D
:1003E000FFFFFFFFFFFFFFFFFFFFFFFFFFFFFFFF1D
:1003F000FFFFFFFFFFFFFFFFFFFFFFFFFFFFFFFF0D
:10040000FFFFFFFFFFFFFFFFFFFFFFFFFFFFFFFFFC
:10041000FFFFFFFFFFFFFFFFFFFFFFFFFFFFFFFFEC
:10042000FFFFFFFFFFFFFFFFFFFFFFFFFFFFFFFFDC
:10043000FFFFFFFFFFFFFFFFFFFFFFFFFFFFFFFFCC
:10044000FFFFFFFFFFFFFFFFFFFFFFFFFFFFFFFFBC
:10045000FFFFFFFFFFFFFFFFFFFFFFFFFFFFFFFFAC
:10046000FFFFFFFFFFFFFFFFFFFFFFFFFFFFFFFF9C
:10047000FFFFFFFFFFFFFFFFFFFFFFFFFFFFFFFF8C
:10048000FFFFFFFFFFFFFFFFFFFFFFFFFFFFFFFF7C
:10049000FFFFFFFFFFFFFFFFFFFFFFFFFFFFFFFF6C
:1004A000FFFFFFFFFFFFFFFFFFFFFFFFFFFFFFFF5C
:1004B000FFFFFFFFFFFFFFFFFFFFFFFFFFFFFFFF4C
:1004C000FFFFFFFFFFFFFFFFFFFFFFFFFFFFFFFF3C
:1004D000FFFFFFFFFFFFFFFFFFFFFFFFFFFFFFFF2C
:1004E000FFFFFFFFFFFFFFFFFFFFFFFFFFFFFFFF1C
:1004F000FFFFFFFFFFFFFFFFFFFFFFFFFFFFFFFF0C
:10050000FFFFFFFFFFFFFFFFFFFFFFFFFFFFFFFFFB
:10051000FFFFFFFFFFFFFFFFFFFFFFFFFFFFFFFFEB
:10052000FFFFFFFFFFFFFFFFFFFFFFFFFFFFFFFFDB
:10053000FFFFFFFFFFFFFFFFFFFFFFFFFFFFFFFFCB
:10054000FFFFFFFFFFFFFFFFFFFFFFFFFFFFFFFFBB
:10055000FFFFFFFFFFFFFFFFFFFFFFFFFFFFFFFFAB
:10056000FFFFFFFFFFFFFFFFFFFFFFFFFFFFFFFF9B
:10057000FFFFFFFFFFFFFFFFFFFFFFFFFFFFFFFF8B
:10058000FFFFFFFFFFFFFFFFFFFFFFFFFFFFFFFF7B
:10059000FFFFFFFFFFFFFFFFFFFFFFFFFFFFFFFF6B
:1005A000FFFFFFFFFFFFFFFFFFFFFFFFFFFFFFFF5B
:1005B000FFFFFFFFFFFFFFFFFFFFFFFFFFFFFFFF4B
:1005C000FFFFFFFFFFFFFFFFFFFFFFFFFFFFFFFF3B
:1005D000FFFFFFFFFFFFFFFFFFFFFFFFFFFFFFFF2B
:1005E000FFFFFFFFFFFFFFFFFFFFFFFFFFFFFFFF1B
:1005F000FFFFFFFFFFFFFFFFFFFFFFFFFFFFFFFF0B
:10060000FFFFFFFFFFFFFFFFFFFFFFFFFFFFFFFFFA
:10061000FFFFFFFFFFFFFFFFFFFFFFFFFFFFFFFFEA
:10062000FFFFFFFFFFFFFFFFFFFFFFFFFFFFFFFFDA
:10063000FFFFFFFFFFFFFFFFFFFFFFFFFFFFFFFFCA
:10064000FFFFFFFFFFFFFFFFFFFFFFFFFFFFFFFFBA
:10065000FFFFFFFFFFFFFFFFFFFFFFFFFFFFFFFFAA
:10066000FFFFFFFFFFFFFFFFFFFFFFFFFFFFFFFF9A
:10067000FFFFFFFFFFFFFFFFFFFFFFFFFFFFFFFF8A
:10068000FFFFFFFFFFFFFFFFFFFFFFFFFFFFFFFF7A
:10069000FFFFFFFFFFFFFFFFFFFFFFFFFFFFFFFF6A
:1006A000FFFFFFFFFFFFFFFFFFFFFFFFFFFFFFFF5A
:1006B000FFFFFFFFFFFFFFFFFFFFFFFFFFFFFFFF4A
:1006C000FFFFFFFFFFFFFFFFFFFFFFFFFFFFFFFF3A
:1006D000FFFFFFFFFFFFFFFFFFFFFFFFFFFFFFFF2A
:1006E000FFFFFFFFFFFFFFFFFFFFFFFFFFFFFFFF1A
:1006F000FFFFFFFFFFFFFFFFFFFFFFFFFFFFFFFF0A
:10070000FFFFFFFFFFFFFFFFFFFFFFFFFFFFFFFFF9
:10071000FFFFFFFFFFFFFFFFFFFFFFFFFFFFFFFFE9
:10072000FFFFFFFFFFFFFFFFFFFFFFFFFFFFFFFFD9
:10073000FFFFFFFFFFFFFFFFFFFFFFFFFFFFFFFFC9
:10074000FFFFFFFFFFFFFFFFFFFFFFFFFFFFFFFFB9
:10075000FFFFFFFFFFFFFFFFFFFFFFFFFFFFFFFFA9
:10076000FFFFFFFFFFFFFFFFFFFFFFFFFFFFFFFF99
:10077000FFFFFFFFFFFFFFFFFFFFFFFFFFFFFFFF89
:10078000FFFFFFFFFFFFFFFFFFFFFFFFFFFFFFFF79
:10079000FFFFFFFFFFFFFFFFFFFFFFFFFFFFFFFF69
:1007A000FFFFFFFFFFFFFFFFFFFFFFFFFFFFFFFF59
:1007B000FFFFFFFFFFFFFFFFFFFFFFFFFFFFFFFF49
:1007C000FFFFFFFFFFFFFFFFFFFFFFFFFFFFFFFF39
:1007D000FFFFFFFFFFFFFFFFFFFFFFFFFFFFFFFF29
:1007E000FFFFFFFFFFFFFFFFFFFFFFFFFFFFFFFF19
:1007F000FFFFFFFFFFFFFFFFFFFFFFFFFFFFFFFF09
:10080000FFFFFFFFFFFFFFFFFFFFFFFFFFFFFFFFF8
:10081000FFFFFFFFFFFFFFFFFFFFFFFFFFFFFFFFE8
:10082000FFFFFFFFFFFFFFFFFFFFFFFFFFFFFFFFD8
:10083000FFFFFFFFFFFFFFFFFFFFFFFFFFFFFFFFC8
:10084000FFFFFFFFFFFFFFFFFFFFFFFFFFFFFFFFB8
:10085000FFFFFFFFFFFFFFFFFFFFFFFFFFFFFFFFA8
:10086000FFFFFFFFFFFFFFFFFFFFFFFFFFFFFFFF98
:10087000FFFFFFFFFFFFFFFFFFFFFFFFFFFFFFFF88
:10088000FFFFFFFFFFFFFFFFFFFFFFFFFFFFFFFF78
:10089000FFFFFFFFFFFFFFFFFFFFFFFFFFFFFFFF68
:1008A000FFFFFFFFFFFFFFFFFFFFFFFFFFFFFFFF58
:1008B000FFFFFFFFFFFFFFFFFFFFFFFFFFFFFFFF48
:1008C000FFFFFFFFFFFFFFFFFFFFFFFFFFFFFFFF38
:1008D000FFFFFFFFFFFFFFFFFFFFFFFFFFFFFFFF28
:1008E000FFFFFFFFFFFFFFFFFFFFFFFFFFFFFFFF18
:1008F000FFFFFFFFFFFFFFFFFFFFFFFFFFFFFFFF08
:10090000FFFFFFFFFFFFFFFFFFFFFFFFFFFFFFFFF7
:10091000FFFFFFFFFFFFFFFFFFFFFFFFFFFFFFFFE7
:10092000FFFFFFFFFFFFFFFFFFFFFFFFFFFFFFFFD7
:10093000FFFFFFFFFFFFFFFFFFFFFFFFFFFFFFFFC7
:10094000FFFFFFFFFFFFFFFFFFFFFFFFFFFFFFFFB7
:10095000FFFFFFFFFFFFFFFFFFFFFFFFFFFFFFFFA7
:10096000FFFFFFFFFFFFFFFFFFFFFFFFFFFFFFFF97
:10097000FFFFFFFFFFFFFFFFFFFFFFFFFFFFFFFF87
:10098000FFFFFFFFFFFFFFFFFFFFFFFFFFFFFFFF77
:10099000FFFFFFFFFFFFFFFFFFFFFFFFFFFFFFFF67
:1009A000FFFFFFFFFFFFFFFFFFFFFFFFFFFFFFFF57
:1009B000FFFFFFFFFFFFFFFFFFFFFFFFFFFFFFFF47
:1009C000FFFFFFFFFFFFFFFFFFFFFFFFFFFFFFFF37
:1009D000FFFFFFFFFFFFFFFFFFFFFFFFFFFFFFFF27
:1009E000FFFFFFFFFFFFFFFFFFFFFFFFFFFFFFFF17
:1009F000FFFFFFFFFFFFFFFFFFFFFFFFFFFFFFFF07
:100A0000FFFFFFFFFFFFFFFFFFFFFFFFFFFFFFFFF6
:100A1000FFFFFFFFFFFFFFFFFFFFFFFFFFFFFFFFE6
:100A2000FFFFFFFFFFFFFFFFFFFFFFFFFFFFFFFFD6
:100A3000FFFFFFFFFFFFFFFFFFFFFFFFFFFFFFFFC6
:100A4000FFFFFFFFFFFFFFFFFFFFFFFFFFFFFFFFB6
:100A5000FFFFFFFFFFFFFFFFFFFFFFFFFFFFFFFFA6
:100A6000FFFFFFFFFFFFFFFFFFFFFFFFFFFFFFFF96
:100A7000FFFFFFFFFFFFFFFFFFFFFFFFFFFFFFFF86
:100A8000FFFFFFFFFFFFFFFFFFFFFFFFFFFFFFFF76
:100A9000FFFFFFFFFFFFFFFFFFFFFFFFFFFFFFFF66
:100AA000FFFFFFFFFFFFFFFFFFFFFFFFFFFFFFFF56
:100AB000FFFFFFFFFFFFFFFFFFFFFFFFFFFFFFFF46
:100AC000FFFFFFFFFFFFFFFFFFFFFFFFFFFFFFFF36
:100AD000FFFFFFFFFFFFFFFFFFFFFFFFFFFFFFFF26
:100AE000FFFFFFFFFFFFFFFFFFFFFFFFFFFFFFFF16
:100AF000FFFFFFFFFFFFFFFFFFFFFFFFFFFFFFFF06
:100B0000FFFFFFFFFFFFFFFFFFFFFFFFFFFFFFFFF5
:100B1000FFFFFFFFFFFFFFFFFFFFFFFFFFFFFFFFE5
:100B2000FFFFFFFFFFFFFFFFFFFFFFFFFFFFFFFFD5
:100B3000FFFFFFFFFFFFFFFFFFFFFFFFFFFFFFFFC5
:100B4000FFFFFFFFFFFFFFFFFFFFFFFFFFFFFFFFB5
:100B5000FFFFFFFFFFFFFFFFFFFFFFFFFFFFFFFFA5
:100B6000FFFFFFFFFFFFFFFFFFFFFFFFFFFFFFFF95
:100B7000FFFFFFFFFFFFFFFFFFFFFFFFFFFFFFFF85
:100B8000FFFFFFFFFFFFFFFFFFFFFFFFFFFFFFFF75
:100B9000FFFFFFFFFFFFFFFFFFFFFFFFFFFFFFFF65
:100BA000FFFFFFFFFFFFFFFFFFFFFFFFFFFFFFFF55
:100BB000FFFFFFFFFFFFFFFFFFFFFFFFFFFFFFFF45
:100BC000FFFFFFFFFFFFFFFFFFFFFFFFFFFFFFFF35
:100BD000FFFFFFFFFFFFFFFFFFFFFFFFFFFFFFFF25
:100BE000FFFFFFFFFFFFFFFFFFFFFFFFFFFFFFFF15
:100BF000FFFFFFFFFFFFFFFFFFFFFFFFFFFFFFFF05
:100C0000FFFFFFFFFFFFFFFFFFFFFFFFFFFFFFFFF4
:100C1000FFFFFFFFFFFFFFFFFFFFFFFFFFFFFFFFE4
:100C2000FFFFFFFFFFFFFFFFFFFFFFFFFFFFFFFFD4
:100C3000FFFFFFFFFFFFFFFFFFFFFFFFFFFFFFFFC4
:100C4000FFFFFFFFFFFFFFFFFFFFFFFFFFFFFFFFB4
:100C5000FFFFFFFFFFFFFFFFFFFFFFFFFFFFFFFFA4
:100C6000FFFFFFFFFFFFFFFFFFFFFFFFFFFFFFFF94
:100C7000FFFFFFFFFFFFFFFFFFFFFFFFFFFFFFFF84
:100C8000FFFFFFFFFFFFFFFFFFFFFFFFFFFFFFFF74
:100C9000FFFFFFFFFFFFFFFFFFFFFFFFFFFFFFFF64
:100CA000FFFFFFFFFFFFFFFFFFFFFFFFFFFFFFFF54
:100CB000FFFFFFFFFFFFFFFFFFFFFFFFFFFFFFFF44
:100CC000FFFFFFFFFFFFFFFFFFFFFFFFFFFFFFFF34
:100CD000FFFFFFFFFFFFFFFFFFFFFFFFFFFFFFFF24
:100CE000FFFFFFFFFFFFFFFFFFFFFFFFFFFFFFFF14
:100CF000FFFFFFFFFFFFFFFFFFFFFFFFFFFFFFFF04
:100D0000FFFFFFFFFFFFFFFFFFFFFFFFFFFFFFFFF3
:100D1000FFFFFFFFFFFFFFFFFFFFFFFFFFFFFFFFE3
:100D2000FFFFFFFFFFFFFFFFFFFFFFFFFFFFFFFFD3
:100D3000FFFFFFFFFFFFFFFFFFFFFFFFFFFFFFFFC3
:100D4000FFFFFFFFFFFFFFFFFFFFFFFFFFFFFFFFB3
:100D5000FFFFFFFFFFFFFFFFFFFFFFFFFFFFFFFFA3
:100D6000FFFFFFFFFFFFFFFFFFFFFFFFFFFFFFFF93
:100D7000FFFFFFFFFFFFFFFFFFFFFFFFFFFFFFFF83
:100D8000FFFFFFFFFFFFFFFFFFFFFFFFFFFFFFFF73
:100D9000FFFFFFFFFFFFFFFFFFFFFFFFFFFFFFFF63
:100DA000FFFFFFFFFFFFFFFFFFFFFFFFFFFFFFFF53
:100DB000FFFFFFFFFFFFFFFFFFFFFFFFFFFFFFFF43
:100DC000FFFFFFFFFFFFFFFFFFFFFFFFFFFFFFFF33
:100DD000FFFFFFFFFFFFFFFFFFFFFFFFFFFFFFFF23
:100DE000FFFFFFFFFFFFFFFFFFFFFFFFFFFFFFFF13
:100DF000FFFFFFFFFFFFFFFFFFFFFFFFFFFFFFFF03
:100E0000FFFFFFFFFFFFFFFFFFFFFFFFFFFFFFFFF2
:100E1000FFFFFFFFFFFFFFFFFFFFFFFFFFFFFFFFE2
:100E2000FFFFFFFFFFFFFFFFFFFFFFFFFFFFFFFFD2
:100E3000FFFFFFFFFFFFFFFFFFFFFFFFFFFFFFFFC2
:100E4000FFFFFFFFFFFFFFFFFFFFFFFFFFFFFFFFB2
:100E5000FFFFFFFFFFFFFFFFFFFFFFFFFFFFFFFFA2
:100E6000FFFFFFFFFFFFFFFFFFFFFFFFFFFFFFFF92
:100E7000FFFFFFFFFFFFFFFFFFFFFFFFFFFFFFFF82
:100E8000FFFFFFFFFFFFFFFFFFFFFFFFFFFFFFFF72
:100E9000FFFFFFFFFFFFFFFFFFFFFFFFFFFFFFFF62
:100EA000FFFFFFFFFFFFFFFFFFFFFFFFFFFFFFFF52
:100EB000FFFFFFFFFFFFFFFFFFFFFFFFFFFFFFFF42
:100EC000FFFFFFFFFFFFFFFFFFFFFFFFFFFFFFFF32
:100ED000FFFFFFFFFFFFFFFFFFFFFFFFFFFFFFFF22
:100EE000FFFFFFFFFFFFFFFFFFFFFFFFFFFFFFFF12
:100EF000FFFFFFFFFFFFFFFFFFFFFFFFFFFFFFFF02
:100F0000FFFFFFFFFFFFFFFFFFFFFFFFFFFFFFFFF1
:100F1000FFFFFFFFFFFFFFFFFFFFFFFFFFFFFFFFE1
:100F2000FFFFFFFFFFFFFFFFFFFFFFFFFFFFFFFFD1
:100F3000FFFFFFFFFFFFFFFFFFFFFFFFFFFFFFFFC1
:100F4000FFFFFFFFFFFFFFFFFFFFFFFFFFFFFFFFB1
:100F5000FFFFFFFFFFFFFFFFFFFFFFFFFFFFFFFFA1
:100F6000FFFFFFFFFFFFFFFFFFFFFFFFFFFFFFFF91
:100F7000FFFFFFFFFFFFFFFFFFFFFFFFFFFFFFFF81
:100F8000FFFFFFFFFFFFFFFFFFFFFFFFFFFFFFFF71
:100F9000FFFFFFFFFFFFFFFFFFFFFFFFFFFFFFFF61
:100FA000FFFFFFFFFFFFFFFFFFFFFFFFFFFFFFFF51
:100FB000FFFFFFFFFFFFFFFFFFFFFFFFFFFFFFFF41
:100FC000FFFFFFFFFFFFFFFFFFFFFFFFFFFFFFFF31
:100FD000FFFFFFFFFFFFFFFFFFFFFFFFFFFFFFFF21
:100FE000FFFFFFFFFFFFFFFFFFFFFFFFFFFFFFFF11
:100FF000FFFFFFFFFFFFFFFFFFFFFFFFFFFFFFFF01
:10100000D1002043F1150060000000000000000046
:101010002010006000100060001801600000000057
:10102000000000600024010000000000FFFFFFFF3F
:10103000FFFFFFFFFFFFFFFFFFFFFFFFFFFFFFFFC0
:10104000FFFFFFFFFFFFFFFFFFFFFFFFFFFFFFFFB0
:10105000FFFFFFFFFFFFFFFFFFFFFFFFFFFFFFFFA0
:10106000FFFFFFFFFFFFFFFFFFFFFFFFFFFFFFFF90
:10107000FFFFFFFFFFFFFFFFFFFFFFFFFFFFFFFF80
:10108000FFFFFFFFFFFFFFFFFFFFFFFFFFFFFFFF70
:10109000FFFFFFFFFFFFFFFFFFFFFFFFFFFFFFFF60
:1010A000FFFFFFFFFFFFFFFFFFFFFFFFFFFFFFFF50
:1010B000FFFFFFFFFFFFFFFFFFFFFFFFFFFFFFFF40
:1010C000FFFFFFFFFFFFFFFFFFFFFFFFFFFFFFFF30
:1010D000FFFFFFFFFFFFFFFFFFFFFFFFFFFFFFFF20
:1010E000FFFFFFFFFFFFFFFFFFFFFFFFFFFFFFFF10
:1010F000FFFFFFFFFFFFFFFFFFFFFFFFFFFFFFFF00
:10110000FFFFFFFFFFFFFFFFFFFFFFFFFFFFFFFFEF
:10111000FFFFFFFFFFFFFFFFFFFFFFFFFFFFFFFFDF
:10112000FFFFFFFFFFFFFFFFFFFFFFFFFFFFFFFFCF
:10113000FFFFFFFFFFFFFFFFFFFFFFFFFFFFFFFFBF
:10114000FFFFFFFFFFFFFFFFFFFFFFFFFFFFFFFFAF
:10115000FFFFFFFFFFFFFFFFFFFFFFFFFFFFFFFF9F
:10116000FFFFFFFFFFFFFFFFFFFFFFFFFFFFFFFF8F
:10117000FFFFFFFFFFFFFFFFFFFFFFFFFFFFFFFF7F
:10118000FFFFFFFFFFFFFFFFFFFFFFFFFFFFFFFF6F
:10119000FFFFFFFFFFFFFFFFFFFFFFFFFFFFFFFF5F
:1011A000FFFFFFFFFFFFFFFFFFFFFFFFFFFFFFFF4F
:1011B000FFFFFFFFFFFFFFFFFFFFFFFFFFFFFFFF3F
:1011C000FFFFFFFFFFFFFFFFFFFFFFFFFFFFFFFF2F
:1011D000FFFFFFFFFFFFFFFFFFFFFFFFFFFFFFFF1F
:1011E000FFFFFFFFFFFFFFFFFFFFFFFFFFFFFFFF0F
:1011F000FFFFFFFFFFFFFFFFFFFFFFFFFFFFFFFFFF
:10120000FFFFFFFFFFFFFFFFFFFFFFFFFFFFFFFFEE
:10121000FFFFFFFFFFFFFFFFFFFFFFFFFFFFFFFFDE
:10122000FFFFFFFFFFFFFFFFFFFFFFFFFFFFFFFFCE
:10123000FFFFFFFFFFFFFFFFFFFFFFFFFFFFFFFFBE
:10124000FFFFFFFFFFFFFFFFFFFFFFFFFFFFFFFFAE
:10125000FFFFFFFFFFFFFFFFFFFFFFFFFFFFFFFF9E
:10126000FFFFFFFFFFFFFFFFFFFFFFFFFFFFFFFF8E
:10127000FFFFFFFFFFFFFFFFFFFFFFFFFFFFFFFF7E
:10128000FFFFFFFFFFFFFFFFFFFFFFFFFFFFFFFF6E
:10129000FFFFFFFFFFFFFFFFFFFFFFFFFFFFFFFF5E
:1012A000FFFFFFFFFFFFFFFFFFFFFFFFFFFFFFFF4E
:1012B000FFFFFFFFFFFFFFFFFFFFFFFFFFFFFFFF3E
:1012C000FFFFFFFFFFFFFFFFFFFFFFFFFFFFFFFF2E
:1012D000FFFFFFFFFFFFFFFFFFFFFFFFFFFFFFFF1E
:1012E000FFFFFFFFFFFFFFFFFFFFFFFFFFFFFFFF0E
:1012F000FFFFFFFFFFFFFFFFFFFFFFFFFFFFFFFFFE
:10130000FFFFFFFFFFFFFFFFFFFFFFFFFFFFFFFFED
:10131000FFFFFFFFFFFFFFFFFFFFFFFFFFFFFFFFDD
:10132000FFFFFFFFFFFFFFFFFFFFFFFFFFFFFFFFCD
:10133000FFFFFFFFFFFFFFFFFFFFFFFFFFFFFFFFBD
:10134000FFFFFFFFFFFFFFFFFFFFFFFFFFFFFFFFAD
:10135000FFFFFFFFFFFFFFFFFFFFFFFFFFFFFFFF9D
:10136000FFFFFFFFFFFFFFFFFFFFFFFFFFFFFFFF8D
:10137000FFFFFFFFFFFFFFFFFFFFFFFFFFFFFFFF7D
:10138000FFFFFFFFFFFFFFFFFFFFFFFFFFFFFFFF6D
:10139000FFFFFFFFFFFFFFFFFFFFFFFFFFFFFFFF5D
:1013A000FFFFFFFFFFFFFFFFFFFFFFFFFFFFFFFF4D
:1013B000FFFFFFFFFFFFFFFFFFFFFFFFFFFFFFFF3D
:1013C000FFFFFFFFFFFFFFFFFFFFFFFFFFFFFFFF2D
:1013D000FFFFFFFFFFFFFFFFFFFFFFFFFFFFFFFF1D
:1013E000FFFFFFFFFFFFFFFFFFFFFFFFFFFFFFFF0D
:1013F000FFFFFFFFFFFFFFFFFFFFFFFFFFFFFFFFFD
:10140000824205D051F8043B40F8043B8242F9D8AF
:10141000704700BF044A05494FF0000342F8043BFF
:101420009142FBD8704700BFC0220020E03300206B
:1014300008B5BFF34F8F00F075F9544C544B08209A
:101440005449C3F85401544AC3F800115348C3F82F
:10145000F0405349FFF7D4FF524A53495348FFF72E
:10146000CFFF534CFFF7D6FF4FF470004FF0E02151
:101470000023504AC1F8880D44F823200133B02BD3
:10148000FAD14D4B80214D4A03F8011B9342FBD109
:101490004FF0E0254A4E4B4A4FF0FF31C5F8084D5A
:1014A000D5F8243D43F4E023C5F8243DF36923F047
:1014B0007F0343F04003F361736A23F07F0343F03B
:1014C000400373629166D1661167516700F032F98B
:1014D0003D4A3E4BA2636322E36300246A61032317
:1014E0003B4AAC612B61C5F8202DD5F8FC2D394B5A
:1014F00042F080723849C5F8FC2D1A6842F00102AA
:101500001A605B680B6000F0D9FA344800F044FCC4
:10151000F16E334B334A41F44051F1661C60C3F81D
:101520000841C3F81841C3F82841C3F83841936B08
:10153000DB0708D442F615632B4951651365936B9D
:1015400043F001039363274A284C936843F0011347
:10155000936000F079F900F05FF800F035FC00F0DE
:10156000DDFA00F0E1F82368132BFCD900F06EFBE4
:101570002368B3F5967FFBD300F0DAF800F0D6F8D5
:1015800000F01EFC00F018FC30BFFDE70C0D11133D
:1015900000800D401B101820B8D200000000000091
:1015A000F01E0060C0220020ACF1006000000020AE
:1015B000002000204941000000E400E0A0E400E039
:1015C00000C00F4000C00A40992E00009D2E000070
:1015D00000002020001000E0703300200046C323EC
:1015E0000040084000400D400000C0567433002009
:1015F000054B4FF42A01054A05485A641864054A08
:1016000099639546FFF714FF00C00A40AFAAAAAA43
:101610000700200000000720104BA020104AD96EC0
:1016200041F4403110B4D96640F23764D96E41F4C8
:101630004071D96654649064936C1B06FCD4094ACB
:1016400040F23761A02351649364936C13F08003DC
:10165000FBD1054A13705DF8044B704700C00F4082
:1016600000400C4000800C40993300202B4A0021A0
:10167000012310B4C2F8A000C2F8A410C2F8B03020
:101680005369DB07FCD501234FF4803423495361B0
:10169000C2F8A000C2F8A440C2F8B0304B69DC0721
:1016A000FCD501234FF400341C4A4B61C1F8A00063
:1016B000C1F8A440C1F8B0305369D907FCD5012363
:1016C000174C16495361C2F8A000C2F8A440C2F8F2
:1016D000B0304B69DB07FCD5D1F8003145F60D5031
:1016E00021249AB24C61824214D045F69D518A421F
:1016F0000CD1C3F34253032B0CD0A3F104035DF8C8
:10170000044BB3FA83F35B091801704700205DF8BE
:10171000044B704708205DF8044B704700402A4096
:1017200004000300704700BF704700BF704700BF50
:1017300000BF704710B44FF0E0230021102432485E
:10174000C3F8941DC3F89C4D1124C3F8A00D2F4875
:10175000C3F89C4D1224C3F8A00D2D48C3F89C4D2E
:101760002C4AC3F8A00D2C4C42F015022B48C3F8AC
:101770009C4DC3F8A00D2A4C2A48C3F89C4DC3F8D1
:10178000A00D294CC3F89C2D2848294AC3F8A04D28
:10179000C3F89C0DC3F8A02D02F5A022254C0C32F5
:1017A0002548C3F89C4DC3F8A02D244AC3F89C0DCE
:1017B000C3F8A02D02F14062214C02322148C3F847
:1017C0009C4DC3F8A02D0A32C3F89C0DC3F8A02D80
:1017D00000BF00BF00BF00BF00BF0122C3F8942DAF
:1017E000BFF34F8FBFF36F8FC3F8501FBFF34F8FFF
:1017F000BFF36F8FD3F8142D5DF8044B42F44032E1
:10180000C3F8142D704700BF3F00001025000807E3
:1018100009001000E033002013002000210002071F
:1018200014000020250008130900001016002020D5
:1018300027000B1317000040180000602F000B0753
:10184000190000701A000080F0B5824B1822824DFA
:101850000120824F83B0C3F85C528149C3F86072A3
:10186000804CC3F86452A5F530457F4EC3F86852EA
:1018700048F20C75C3F86C42C3F87042C3F8744266
:10188000C3F878424FF0FF34DA661A675A679A67EE
:10189000DA67C3F88020C3F88420C3F88820C1F831
:1018A0002C03724AC1F83003C1F83403C1F838037D
:1018B000C1F83C03C1F85003B1696D4B0A406D4853
:1018C0006D4913436D4AB361D6F8843043F00C037D
:1018D000C6F88430036843F00203036003682B40BA
:1018E00021251A43664B026044608A68654C1340A8
:1018F000654A43F000538360C36823F07803C360F4
:10190000036A134023430362036A13405F4A23437D
:1019100040F2056443628262C2620022D1F8B830AC
:1019200023F03F0343F00103C0F8B830D1F8BC30D6
:10193000574923F03F0343F00103C0F8BC30026174
:101940000567C0F880404567C0F8844002240368FA
:1019500023F00203036081614E4B4F49C46143F899
:10196000042B8B42FBD1434D2B6843F001032B60CA
:101970002C6814F00104FBD14549022340F2F562C2
:101980002046A96140F29941EB6140F26643C5F8F7
:10199000002242F20142C5F81032404BC5F8201235
:1019A000C5F8303240F23543C5F834223C49C5F819
:1019B00040323C4BC5F850123B4AC5F8543242F213
:1019C0000123C5F86022C5F86432FFF74FFE0646D2
:1019D000002836D083024FF480222B660123C5F8FD
:1019E000A040244CC5F8A420C5F8B0306369DA07DC
:1019F000FCD50125370565613846FFF737FE3218FB
:101A00002A4BD2B21A7078B180024FF48023194960
:101A10006066C4F8A070C4F8A430C4F8B0504B6934
:101A2000DB07FCD501234B61214900242148012318
:101A30000094401A00EB02521F4800F0C9F903B0AD
:101A4000F0BD1D4B194A18601070D860C3E9010041
:101A500003B0F0BD00801F40F9B00100F910010093
:101A600000841F40F970010000C00F40FFFCFF1F01
:101A70000003008000402A4000802A401200FFFF3F
:101A8000FF37F7004000008000FFF07CFF000F836D
:101A9000F05AF05A00422A4000432A409F0418306E
:101AA000EB06180A063201263806180A9A33002077
:101AB00000000070000000709432002070B4164ADC
:101AC0004FF480564FF400554FF440444FF48030AB
:101AD00043F24201136913F0020F0ED113F4005FB9
:101AE0000FD013F4805F0ED0002BF3DA13F4803F95
:101AF0000BD15B060DD570BC70479461506191614C
:101B0000E8E75561E6E75661E4E74FF48033936117
:101B1000E0E740235361DDE700800D403F4A0320AA
:101B20003F49F3EE095AD2F880304FF0000C9FED98
:101B30003D6A23F001039FED3C5A30B4C2F8803077
:101B4000C2F89000D1F8E010384DCBB2384C39488B
:101B50002B6007EE903A0B0DC1F30B21F8EEE77AFC
:101B600006EE903A07EE101A334BB8EEC77A2160B2
:101B7000F8EEE66A314937EEC66A37EEC55A76EEB8
:101B8000C76A77EEE57A26EE266AC3ED006A25EE8F
:101B9000265AD2F8803067EEA64AC0ED007AC6EE2B
:101BA000275A274885EE276AC4EEA76A75EE875A3A
:101BB000FCEEE55A36EE076A15EE904ABCEEC66AB0
:101BC00043EA045376EE877AC2F8803016EE103A74
:101BD000D2F89041FCEEE77A01EA0341214317EE87
:101BE000903AC2F89011C3F30B03D2F890110B4353
:101BF0001449C2F89031D2F8803043F00203C2F8A1
:101C00008030114B80F840C0C1F840314FF0E023E4
:101C1000012230BCC3F80821704700BF00810D408D
:101C200000441F400000AA420000B442E0320020FD
:101C3000DC320020E4320020E83200200000FF0FF8
:101C400000E400E00020002025430000314B40F676
:101C5000617210B5C3F8202140F2044400F0A0F8EE
:101C60002D4A2E49D2F880302D4843F00303C2F8A4
:101C700080302C4BC1F8604102681A4203D1D1F880
:101C8000A8319A071BD0254A4FF00041244B5963D5
:101C9000D2F8403143F00203C2F84031D2F840316B
:101CA0009B07FBD44FF400304FF0E0211C4B4FF06A
:101CB0000042C1F88C0219209A6300F075F8184BA5
:101CC00000214FF08042154C0A209A634FF4207295
:101CD0001960154BC4F8A801184600F069F84FF4D4
:101CE000800203464FF4810040F243111860C4F8AB
:101CF00058311A640D4B0E4AC4F84811C3F8042237
:101D00004FF0E0224FF400310123C2F80C11C4F867
:101D1000403110BD00800D4000C00F4000002E403B
:101D200000900D40001C1E0000000020002000203C
:101D30000945000008B50E4B1B6E9B0700D4FBBE87
:101D400072B60C4B00200C4AC3F8400103F160430B
:101D50000A49A3F55F2311649D46BFF34F8F4FF4EB
:101D600000130748074ADB6902609B68984700BF79
:101D700000441F4000002E4000C00A400300200025
:101D800000802020000012EBF8B500BFF8BC08BCB2
:101D90009E467047000000005FF800F055310000DB
:101DA0005FF800F0854C00005FF800F0653400003B
:101DB0005FF800F0595700005FF800F0D9390000D3
:101DC0005FF800F0CDA400005FF800F0513F000084
:101DD0005FF800F0D1400000890000000906000013
:081DE000ED3000003D31000070
:101DE800160355005300420020005300650072009E
:101DF800690061006C00000018035400650065006C
:101E08006E00730079006400750069006E006F0051
:101E18000403090409026200030100C032080B0030
:101E28000202020100090400000102020100052467
:101E380000100105240101010424020605240600FE
:101E4800010705820310001009040100020A0000BE
:101E5800000705030240000007058402400000094E
:101E680004020002FF6AFF00070581024000010723
:101E7800050102400001000009026200030100C0E0
:101E880032080B00020202010009040000010202EC
:101E980001000524001001052401010104240206A3
:101EA8000524060001070582031000050904010046
:101EB800020A000000070503020002000705840269
:101EC8000002000904020002FF6AC7000705810238
:101ED8000002010705010200020100000A060002D3
:081EE800EF02014001000000BF
:101EF00000000000000000000000000000000000E2
:101F000000000000000000000000000000000000D1
:101F10000348044B834202D0034B03B11847704778
:101F2000C0220020C0220020000000000548064B0F
:101F30001B1AD90F01EBA301491002D0034B03B1C7
:101F400018477047C0220020C02200200000000077
:101F500010B5064C237843B9FFF7DAFF044B13B1F1
:101F60000448AFF300800123237010BDE824002053
:101F7000000000000024016008B5044B1BB10449B7
:101F80000448AFF30080BDE80840CFE70000000040
:101F9000EC240020002401604FF084434FF4002221
:101FA00011B9C3F884207047C3F88820704700BF78
:101FB00008440079704700BF007C704709B172B6D1
:101FC000704762B6704700BF036818470B6803602C
:101FD000704700BF0B680360704700BF704700BFC9
:101FE000704700BF014802F0F3BD00BF1028002079
:101FF00072B1013A70B54C1EC1F101068D1830194D
:1020000003F0B0FA04F8010FAC42F8D1012070BD22
:1020100001207047064B5B5C362B07D8054A190137
:1020200002EB03135258DB68C2F88430704700BFDC
:102030000C100020C0100020064B5B5C362B07D82C
:10204000054A190102EB03135258DB68C2F88830C5
:10205000704700BF0C100020C0100020084B5B5CD4
:10206000362B0BD80749180101EB03130958DB681D
:1020700012B1C1F884307047C1F88830704700BF92
:10208000D40F0020C0100020044BC1EB01412120DF
:10209000A3FB0131890B03F0F7BD00BF5917B7D17E
:1020A00010B50446142103F0B1FC204610BD00BF5A
:1020B00010B5044602F05AFF204610BD07290FD87C
:1020C000084B5B5C362B0BD80749180101EB031357
:1020D0000958DB6812B1C1F884307047C1F8883004
:1020E000704700BF60060020C010002007290FD8ED
:1020F000094B5B5C362B0DD81901084A02EB031320
:102100005258DB6892681A420CBF012000207047C9
:10211000002070470120704758060020C0100020A2
:102120002448254A00F1060C70B5244C4FF0000EEF
:10213000234D20E0AE59CB68B168194214BF012687
:10214000002614F8013B12F8061C83F001039B1BC8
:10215000B3FA83F35B09994207D011780131C9B210
:102160000129117003D902F8063C82F800E0844589
:1021700002F1010209D010F8013B362B4FEA031699
:1021800005EB0311D6D90026DBE70E4B0E4A996802
:10219000137CC1F3C0518B4209D0537C0133DBB2B5
:1021A000012B537402D900231174537470BD0023A2
:1021B000537470BD141000206E1C0020B40F00205A
:1021C000C010002000800042641C0020C2B12DE934
:1021D000F04188468F180D4615F8016BA5EB0804F1
:1021E000013C204603F0BEF90346314620469E429C
:1021F00001D003F0C9FABD42EED10120BDE8F08163
:102200000120704738B508460C4605F0B1F9084B77
:102210001B78DB0700D438BD054605F01DF8854264
:10222000F9DC29462046BDE8384005F009B800BF72
:10223000A23300202DE9F043644D8DB0644C40F290
:10224000EE28644FDFF8CC912E6805F07BF82378F8
:10225000002B00F0AD803B78DB0740F1A9802B68B4
:10226000D9F800209B1A0E2B40F2A2805A4DDFF8BD
:10227000A8815A4F05F10609594E15F8014B012165
:10228000204603F0E7F8012118F8010B03F0E2F80B
:10229000544B362C4FEA041203EB041403D89B581A
:1022A000E268C3F8882016F8011B17F8010BC1F18A
:1022B0000301C9B203F0CEF8A945DED101210F20F8
:1022C000494C03F0C7F84FF084434FF4002204F167
:1022D000080502211E20C3F8842003F0BBF814F87F
:1022E000010B022103F0B6F8AC42F8D13F4D3D4E50
:1022F00005F1080715F8014F0121204603F0AAF85F
:10230000362C4FEA041206EB041303D8B258DB68EC
:10231000C2F88830AF42EDD101210D2003F09AF8C8
:10232000102003F007FE21209FED310A03F012FD7B
:10233000FFF7F6FEFFF7F4FEFFF7F2FE2D4800F080
:1023400013FC2D4B202118681971A0B12B4B2C4A7E
:1023500003442C4C1B11D15453781078917883424C
:10236000D27828BF03468B4228BF0B46934228BF32
:10237000134684F87A30244B02A9244A08A8009313
:1023800006930292FFF722FEEF2206A91A4802F0F6
:102390006BFD069B08A8DB689847009B02A8DB68DA
:1023A000984703F02DF81A4B18600DB0BDE8F08384
:1023B0002B6822789B1B32B1B3F5FA6F3FF656AF0C
:1023C00004F0C0FF41E74345FAD94FE774330020DA
:1023D000A3330020A23300200C1000201410002092
:1023E000B40F0020C0100020580600205F06002017
:1023F0000000484210280020781C002000BFF7BFD2
:10240000801C002000E400E0B0100020F500000077
:102410000C28002084330020D40F002070B5314CEC
:1024200006E004F0E7FE01462046C9B201F0F2FDE5
:1024300004F09CFE0028F4DC00242B4D294E05E01E
:102440002B60FFF76DFE304602F05AFB02F0D8FF1A
:102450002B68C01A03F57A73B0F57A7F14D3013470
:102460000B2CEDD102F0CCFF1E4B286093F82021FD
:10247000D3F82431032A10D9053A012A2BD81B4B53
:102480000822C3F8842070BD0A2CEBD0154B93F8BA
:102490002021D3F82431032AEED8012A0FD8D2B94B
:1024A000134A4FF4FA61A2FB0302D20901FB123373
:1024B000312B0BD80D4B0822C3F88420E3E70D4ADB
:1024C000A2FB0323C3F34013002BD8D1074B0822F0
:1024D000C3F8882070BD064AA2FB0323C3F3401350
:1024E000F2E700BF102800200C2800200040004226
:1024F000D34D62101F85EB5138B50A4C03F00EF82E
:10250000094D22460949284604F0E2FF29460848B9
:1025100000F06EF9224607490748BDE8384004F04C
:10252000D7BF00BFC81A0020641C0020F1000000C3
:1025300010280020C1010000781C0020704700BF57
:10254000C1B100F1FF3C4FF0FF320B4800B50CEB7E
:10255000010E1CF8013F08215A4042F300030139E3
:1025600003EA000383EA5202F7D1F445F1D1D043E4
:102570005DF804FB084670472083B8ED70B54FF452
:102580008E72002104465E4E05F05EF85D4A5E4B99
:102590005E4DC4E900230FCEA060E160226163615B
:1025A00003CE5B4EA061E1610FCD20626162A26249
:1025B000E36203CD574D206361630FCEA063E163F7
:1025C0002264636403CE544EA064E1640FCD2065A1
:1025D0006165A265E36503CD504D206661660FCE4F
:1025E000A066E1662267636704F17F034C4A03CE6D
:1025F00004F18506A0674B48E16715F8011B03F855
:10260000011F10F9011B0029B4BF4FF0FF31012158
:102610009E42997112F8011B83F88A10EDD1424B4A
:1026200004F1FF3C414D18689B88C4F80401A4F8EC
:1026300008313F4E0FCDC4F88C00C4F89010C4F898
:102640009420C4F8983003CD3A4DC4F89C00C4F8E7
:10265000A0100FCEC4F8A400C4F8A810C4F8AC2091
:10266000C4F8B03003CE344EC4F8B400C4F8B81087
:102670000FCDC4F8BC00C4F8C010C4F8C420C4F81E
:10268000C83003CD2D4DC4F8CC00C4F8D0100FCE07
:10269000C4F8D400C4F8D810C4F8DC20C4F8E03082
:1026A00003CE274EC4F8E400C4F8E810C4F8106163
:1026B0000FCDC4F8EC00C4F8F010C4F8F4204FF0CB
:1026C000FF32C4F8F83003CD04F21715C4F8FC004B
:1026D0001C48C4F80011C4F814011B481CF8013F41
:1026E00008215A4042F30003013903EA000383EA58
:1026F0005202F7D1AC45F1D1D243C4F8182170BDD4
:102700007C0F00204F49524F02001C01F40F0020A3
:10271000DC0F0020040F00201C0F0020FC0E002006
:10272000AC0F0020F40E00206C060020BC0F00202F
:102730004C0F0020340F0020940F0020640F002065
:10274000FA002800840334082083B8ED254B026882
:102750009A4243D1244B42689A423FD100F1FF3C58
:102760004FF0FF3230B5D0F8185100F2171E1F4C51
:102770001CF8013F08215A4042F30003013903EAE3
:10278000040383EA5202F7D1E645F1D1D2439542E0
:1027900026D100F108032030F3EC017AF5EEC07A7F
:1027A000F1EE10FA1CDDD3ED117AF5EEC07AF1EE00
:1027B00010FA15DDD3ED177AF5EEC07AF1EE10FAC6
:1027C0000EDD93ED057AD3ED0B7AB4EEE77AF1EEF8
:1027D00010FA05D58342DFD1012030BD00207047BB
:1027E000002030BD4F49524F02001C012083B8ED3C
:1027F00038B500240B460546302221460360C0E967
:10280000484400F5947004F01FFF002305F64811BA
:1028100005F64C12C5F85841281DC5F85C41C5F8AD
:102820006041C5F86441C5F86841C5F86C41C5F818
:10283000B841C5F8BC41C5F8C041C5F8C441C5F8A8
:10284000C841C5F8CC41C5F8D041C5F8D441C5E967
:102850005C44C5E95E44C5E96044C5E96244C5E934
:102860006444C5E96644C5E96844C5E96A44C5E904
:102870006C44C5F8D841C5F8DC41C5F83849C5F8FD
:10288000E041C5F83C49C5F8E441C5F84049C5F800
:10289000E841A5F84449A5F8EC41C5F8EE41A5F892
:1028A000F241C5F8F441A5F8F841C5F8FA41A5F898
:1028B000FE41C5E98044C5E98244C5E98444C5E9CF
:1028C0008644C5E98844C5E98A44C5E98C440B605F
:1028D000136005F66412C5F85049C5F85449C5F8A7
:1028E0005849C5F85C4985F860491360A5F86849FE
:1028F000C5F86C4985F8384A85F8394AC5F83A4A26
:10290000C5F83E4AFFF73AFE4FF4E062214605F56E
:102910000E7004F099FE284638BD00BF0EB410B505
:10292000B7B00446CB2139AB02A853F8042B01936E
:1029300004F0DCFE031E16DB02A8CA2BD4BFC018AD
:10294000CA303BB102AA002312F8011B904283EA6D
:102950000103F9D10521064A09F0CAFC206802A941
:102960000368DB6A984737B0BDE8104003B0704792
:102970007406002070B590F82261054690F8232176
:10298000764290F8213106F0020616430BB146F06C
:10299000040695F8203100242868052B036808BF39
:1029A00046F00806DB69984795F8573940425B4284
:1029B00000F0100003F020031E4306432868E1B234
:1029C000013403689B69984770B9062CF6D195F8D5
:1029D000560995F8553940425B4200F4807003F087
:1029E00080031843304370BD46F04006EFE700BF58
:1029F00090F82031062B2DE9F0410646B2B054D8AC
:102A00002B4A52F82330D6F8241102A8294A009103
:102A1000BE2109F06DFCAD28054622DC06F10C074D
:102A20000024DFF8A08001E0AD2D1ADC04F156038C
:102A3000F7EC016A0134C5F1BE0106EB830342469F
:102A4000D3ED007A02ABF8EEE77A581987EEA67A52
:102A5000B7EEC77A8DED007B09F04AFC052C0544E2
:102A6000E2DD00244FF0010827463068E1B2036838
:102A70009B6A984708FA04F3013400B11F43082CFD
:102A8000F3D13046FFF776FF034602A8C5F1BE0139
:102A9000094A2844009709F02BFC02AA074930464E
:102AA000FFF73CFF32B0BDE8F081054BABE700BF5C
:102AB0003C0600207C06002090060020400C0020F0
:102AC000680600208806002038B5002204460D461E
:102AD0000020134604F5B87C84F8212104EB830E12
:102AE0000133DEED567A062B9EED747AF8EEE77A26
:102AF00077EE877AECEC017ACCF81400EED1294617
:102B00002F2204F5947004F0E9FC05232A462046A0
:102B100084F820310249BDE83840FFF7FFBE00BF0E
:102B20009C06002038B5044600680D46036884F80A
:102B300023115B699847ADB904F5B8722B460020A4
:102B400084F8225184F8215104EB83010133C1F848
:102B5000B801062B9061D1ED567AF8EEE77AE2ECF7
:102B6000017AF1D138BD00BF30B504460068CBB062
:102B70004FF48E72036803A95B6B984748B103A8B2
:102B8000FFF7E4FD28B14FF48E7203A9201D02F077
:102B9000A3FE20460021FFF7C5FF20680022B4F8FD
:102BA0001A110368062584F820211B6A9847044BF4
:102BB000044A204604490095FFF7B0FE4BB030BDF3
:102BC000AC060020B4060020BC060020F8B5044680
:102BD0000068174F0E46036815469B6BBB4214D125
:102BE00004EB81040023C4F85821C4F8D031C4F8A0
:102BF000B83107EE905A0023F8EEE77AC4F888312E
:102C0000C4ED687AC4ED5C7AF8BD0121984720686C
:102C1000002204EB860403689B6BC4F85851BB4246
:102C2000C4F8D021C4F8B821E3D000219847E0E7E8
:102C30004D0600002DE9F041171E2DED028B82B0EC
:102C400027DD00250C1F1E469FED158AA84615E0BE
:102C5000CDF8048005F0AAFD2368F0EEC07A019952
:102C60000135A6EC010A8B420DD00B785BB9F4EE6E
:102C7000487AF1EE10FA06D8AF420AD054F8040FA1
:102C800001A90028E4D1002002B0BDEC028BBDE810
:102C9000F081012002B0BDEC028BBDE8F08100BFE5
:102CA000FFFF7F7F2DE9F04300248BB09846064656
:102CB000146091461C6000F10C030F46264D0093F2
:102CC00000F12403019300F13C03029300F154034B
:102CD000039300F16C03049300F19003059300F15A
:102CE000A803069300F1C003079300F1D8030893EB
:102CF00000F1F003099355F8041B384606F0D8FF9D
:102D0000E8B101340A2CF6D11449384606F0D0FF58
:102D100030B98436C9F8006000200BB0BDE8F083FC
:102D20000F49384606F0C4FF88B10E49384606F010
:102D3000BFFF0028F0D18A36C8F80060ECE70AAB84
:102D400003EB840454F8280C0BB0BDE8F08306F5BF
:102D50008776C9F80060DFE788100020D8060020D9
:102D6000E0060020E80600202DE9F04F0D4604465D
:102D7000B649164628462DED028B87B0B0EE408A44
:102D800006F096FFF8B9F3EE047AB4EEE78AF1EEB6
:102D900010FA0DD514239C46AC4AAD49A4F814C1D1
:102DA000204607B0BDEC028BBDE8F04FFFF7B6BD83
:102DB000DFEDA87AB4EEE78AF1EE10FA2CDD41F2ED
:102DC00088339C46E8E7A449284606F071FF03468D
:102DD00050B9B5EEC08AF1EE10FA25D59C469E4A50
:102DE0009B49A4F816C1DBE79C49284606F060FF22
:102DF00048BBDFED9B7AB4EEE78AF1EE10FA46D4D9
:102E0000DFED987AB4EEE78AF1EE10FA40F3D6805F
:102E100040F6C4139C463DE0BCEEC87A17EE103A6B
:102E20001FFA83FC6346B7E7DFED8F7AB4EEE78ADB
:102E3000F1EE10FA28DCBCEEC87A17EE103A1FFA51
:102E400083FC6346CBE78949284606F031FF30BB57
:102E5000DFED837AB4EEE78AF1EE10FA00F1B68086
:102E6000DFED807AB4EEE78AF1EE10FA00F33181FB
:102E7000BCEEC87A17EE103A1FFA83FC63467B4A11
:102E80007349A4F81AC18BE74FF4C873A6E74FF44F
:102E9000FA739C46714A6E49A4F818C180E705ABE5
:102EA00004AA29462046FFF7FDFE0290002800F004
:102EB0009C8033782A2B40F08D8096F801B0BBF1CE
:102EC000000F40F087804FF005086949284606F05A
:102ED000EFFE002840F09B80B5EEC08AF1EE10FABC
:102EE00040F3B18094F82121002A40F0FC80C345D2
:102EF00000F3E0800BF1090728465E4908F101085C
:102F000006F0D6FE2A4681463346B8005E464D4658
:102F100004EB87079A469146039000E01E46564907
:102F20003DB9D7ED067AF4EEC87AF1EE10FA40F327
:102F3000D480484606F0BCFE38B9D7ED007AF4EEEE
:102F4000C87AF1EE10FA40F1CB80731C0437984533
:102F5000E4D153460398B2464D461E46A0F12407DD
:102F6000029B1F44002B00F0C78004F10C08994617
:102F700007E00BF10103DA45A7EC018A9B4600F05C
:102F80009980C145F5D1D7ED007AF4EE487AF1EE9B
:102F900010FAEED088EE270A0BF1560304EB8303F8
:102FA000D3ED007AF8EEE77A27EE800A04F036FADD
:102FB000594602462046FFF709FEDAE7BCEEC87A1A
:102FC00017EE103A1FFA83FC634663E74FF4FA7377
:102FD0009C4654E7304609F055F800F1FF38B8F147
:102FE000050F00F2A080C3466FE7049800287FF425
:102FF00060AF059B002B7FF45CAF2A461F4920463B
:1030000007B0BDEC028BBDE8F04FFFF787BC1C4951
:10301000284606F04DFE80B11A49284606F048FEC3
:1030200058B11949284606F043FE30B117492846E1
:1030300006F03EFE00287FF45AAFB5EEC08AF1EEEE
:1030400010FA3FF754AF2A461149D8E7F40600209A
:103050001007002000409C450007002020070020AA
:103060000000FA4300401C450000C8432C07002024
:1030700068070020D4070020F00700203807002050
:103080007807002080070020880700209407002090
:10309000A00700209B46B5EEC08A059A0BF10103FC
:1030A000F1EE10FA4CBF4FF0FF300120DA455054DA
:1030B0001946EFD1B7EEC88A33462A461B49204647
:1030C0008DED008BFFF72AFC07B0BDEC028BBDE84D
:1030D000F08F40F6C4139C46D1E6721C14498EE76B
:1030E000721C14498BE71449204607B0BDEC028BD3
:1030F000BDE8F04FFFF712BC049859460BF10103ED
:103100000028C8D0B5EE408AF1EE10FA14BF0122B3
:103110000022DA4542541946CCD09B460BF10103FC
:103120000028EFD1B7E70622044968E70C08002021
:10313000D8070020F4070020B8070020500700201F
:1031400070B50C4682B0064637492046154606F053
:10315000AFFD68B33549204606F0AAFD002845D0EA
:103160003349204606F0A4FD002848D031492046C6
:1031700006F09EFD28B3214601AB6A463046FFF7B4
:1031800091FD0446284608F07DFF013814B3052858
:1031900024D804EB800428493046D4ED007AB7EEF9
:1031A000E77A53EC172B02B0BDE87040FFF7B6BBCF
:1031B000B6F814212149304602B0BDE87040FFF74F
:1031C000ADBBB6F81A2130461C4902B0BDE87040CC
:1031D000FFF7A4BB009BF3B1052819D906221849B3
:1031E000304602B0BDE87040FFF798BBB6F8162134
:1031F0003046124902B0BDE87040FFF78FBBB6F809
:10320000182130460D4902B0BDE87040FFF786BB7B
:103210001A5C0A49CFE7019B002BDFD00528DDD8D7
:103220001A560849C7E700BFF4060020000700202F
:10323000200700202C070020440800202008002040
:10324000280800204C0800200C3001F11802034629
:10325000F0EC016AB1EC017AD3ED067A90ED0B6ADD
:1032600066EEA77AB4EEE77AF1EE10FA07D466EECE
:10327000267AB4EEE77AF1EE10FA77FE877A914279
:1032800041ED017AE3D170472DE9F04100F12407C7
:103290002DED068BB0EE408A84B0EAB10C46DFED2E
:1032A000676A3B460022F3EC017A0132B4EC017A02
:1032B00077EEE67AB4EEE77AF1EE10FA00F1A98043
:1032C000D3ED057A77EEA67AB4EEE77AF1EE10FA4E
:1032D00000F39F80062AE6D1B5EEC08A00F10C0407
:1032E000B6EE08AA01F11808F4EE089A9FED549A78
:1032F000F1EE10FA25460E46D8BF9FED528A2B46B6
:1033000095ED596AF6EC017A0435D3ED006A86EE44
:10331000267A77EEC77AF0EEE77AF4EEC97AF1EE24
:1033200010FA1FD4D5ED176A95ED117A66EEA96AE9
:1033300027EE0A7A87EEA60AC7EE878AB5EE400A1C
:10334000F1EE10FA71D4F1EEC07AF4EE488AF1EEA3
:1033500010FA38FE888AB4EE678AF1EE10FA48BF98
:10336000B0EE678AB045CAD1D4ED597A2346043409
:10337000C4ED7C7AF1EC016AA74293ED007AD6EEB7
:10338000877AC4ED827AEFD1DFED2F7AD0F87031F1
:1033900028EE278AD0F87421C0F8A031D0F8803107
:1033A000BAFE488ABCEEC87AC0F8B031D0F87C11B9
:1033B00017EE103AC0F8A421D0F88421012BC0F8F0
:1033C000AC114FF00001C0F8B42138BF012340F226
:1033D0000312D0F8244107EE103AD0F8785180F863
:1033E0005619F8EE476A1949C0F83432A0F820217E
:1033F00086EEA77AC0F8A851C0F83042B7EEC77A77
:1034000053EC172B04B0BDEC068BBDE8F041FFF781
:1034100085BAB7EEC77A0E498DED007BFFF77EFACD
:1034200004B0BDEC068BBDE8F081CDE9021004F0DC
:1034300029F8F0EE407ADDE9021086E76F12833A50
:10344000BD3786350000000000007A447408002073
:10345000540800202DE9F0418EB000F10C0704461D
:103460000D46DDF850E00DF1040816469FED726A36
:10347000DFED726AF4460EF1180140463A460BE061
:103480009CED007A0CF1040C67EE877A8C4587EE90
:10349000A67A80ED057A12D0F2EC017AB3EC017ACB
:1034A00027EE277AA0EC017ABEF1000FE8D10CF1EB
:1034B000040CB0EE467A8C4580ED057AECD1BEF175
:1034C000000E01A9204618BF4FF0010E8DF834E020
:1034D000FFF7BAFE94F82131022B67D0B1EE046AEF
:1034E0000022D7ED596A3B46F8EC017A013293EDA0
:1034F000007A043777EEE67A27EE067AF0EEE77A7E
:10350000F4EEC77AF1EE10FA00F38F80062AE8D1C4
:103510000023002204F64811B6B2C4F83C399C4698
:103520000A600127C4F85439D4F874310092C4F801
:10353000A431D4F87021D4F87831C4F8A021C4F8AB
:10354000A831D4F88021D4F87C31C4F8B02140F2FD
:103550000322C4F8AC31D4F88431A4F82021C4F893
:10356000B431CCEBCC0CEE46ADB2A4F8446904EB1C
:10357000CC0CC4F840590CF50E7CD4F82451BEE8AC
:103580000F00ACE80F00BEE80F00ACE80F00BEE88B
:103590000F00ACE80F009EE803008CE80300C4F8BD
:1035A0003879C4F850590EB0BDE8F081D4F84039EC
:1035B000EB1A1BB2002BF6DDB6B2B4F84439D4F8DE
:1035C0003879F31A1BB223EAE37307EE903A7B1EB5
:1035D00003F01F03F8EEE77AC3EBC30304EBC30366
:1035E00093ED8E7AD4F83C3977EE877AFA1A1F2A4F
:1035F000CDED007A15D90133C4F83C3903F01F032F
:10360000C3EBC30304EBC303D3ED8E7A04F6481374
:1036100093ED007AB4EEE77AF1EE10FA01D5C3ED3E
:10362000007A07F01F0C01379BE7054920460EB0D2
:10363000BDE8F041FFF772B90000000000007A44D5
:103640008008002090F8213113F0FB0303D00323FE
:1036500080F82131704790F82011002280F8213144
:103660008B1EC0F88821C0F88C21012BC0F8902156
:10367000C0F89421C0F89821C0F89C21EAD890F8AD
:103680002231002B0CBF0123042380F82031704726
:103690004FF0000C0A46C0F8581940F20241C0F839
:1036A00088C1A0F82011C0F88CC10A49C0F890C1A7
:1036B000C0F894C1C0F898C1C0F89CC110B40024EF
:1036C000C0F85C4980F8604980F822415DF8044BFD
:1036D000FFF724B9C00800202DE9F04F0C4606463C
:1036E0002A2120462DED028BE3B008F0A1FD20B188
:1036F000054603F03DFF03287ED06022002103A889
:1037000003F0A2FFBF49204604F066F803460028F4
:103710006DD003AD0024DFF8EC8245F8043B414650
:103720000020274604F058F80134034608B1172C4E
:10373000F3DDDDF80C8098F8000038B1454603F061
:1037400001FF287015F8010F0028F8D1AE49404656
:1037500006F0AEFA002842D0AC49404606F0A8FA7E
:1037600000286BD0AA49404606F0A2FA002800F0D3
:103770008380A849404606F09BFA002874D0A649E9
:10378000404606F095FA0546002861D0A349404618
:1037900006F08EFA002800F01D81A149404606F08F
:1037A00087FA002870D130680368DB6998470028E1
:1037B00040F00D8196F82031A6F85509053B86F8B2
:1037C000570986F82801012B40F24A819549304675
:1037D00063B0BDEC028BBDE8F04FFFF79FB8062445
:1037E000914B924A304692490094FFF797F863B0A4
:1037F000BDEC028BBDE8F08F687808F02FFD002843
:103800003FF47BAFA87808F029FD00283FF475AF9E
:1038100010220021681C06F07BFF2A1B08D0631EC3
:103820009F18002213F8011F9F4282EA0102F9D17A
:10383000904240F0228100232B705EE77A4A7D4956
:10384000304663B0BDEC028BBDE8F04FFFF766B8C1
:10385000012C4DD12846D6F824312A467649A6F8BF
:103860006809C6F86C39EBE796F82831002B3DD093
:1038700006F594727149E3E7304663B0BDEC028B04
:10388000BDE8F04FFFF7B4B898F80050452D3CD193
:1038900098F801304E2B38D198F80290B9F1000F0A
:1038A00033D1012C00F0A080049808F0EBFB002835
:1038B00000F09A8030680368DB699847002840F080
:1038C000868096F82031053B012B40F2618196F805
:1038D000233133B901213046FFF724F9012386F85B
:1038E00020314FF001094A465549A9E7554AC1E739
:1038F000049808F0C7FB0028ACDBB0F5FA7FA8BF3E
:103900004FF4FA70054680B2A5E74F49404606F0ED
:10391000CFF90346002840F0B380012C00F011815C
:10392000049C002C00F00D8120461BA91B9304F081
:103930003DFF1B9B9C4200F004811B78002B40F054
:103940000081F0EEC07A9FED417AF4EE477AF1EE15
:1039500010FA00F2F680B5EEC00AF1EE10FA00F1AE
:103960001481DFED3B7AB4EE670AF1EE10FA37FE10
:10397000808AB6F81831DFED366A07EE103AB6F8ED
:103980001A31346807EE903AB8EE476AB8EEC77A53
:103990002368F8EE677A1D6A77EEC67A67EE887A52
:1039A00087EEA60A30EE070A03F038FD01462046EE
:1039B00089B2A847B7EEC87A2649304653EC172B90
:1039C00063B0BDEC028BBDE8F04FFEF7A7BF224904
:1039D0003046FDE601463046FFF7A4F806231F49AE
:1039E000304686F82031F3E696F82331002B3FF479
:1039F0007AAF00213046FFF795F8002386F8203192
:103A000071E700BF280900202C0900204C09002084
:103A10005C0900206409002074090020200D0020AA
:103A200098090020B8090020AC060020B406002048
:103A300034090020500900207C090020680900207A
:103A4000DC090020D0080020E8090020FFFF7F7F6C
:103A50000000C842080A00209C0900208C090020B0
:103A600096F82331002B6FD096F82231002B0CBF33
:103A70000123042386F82031A8E6AA493046A7E6A8
:103A8000442D63D0A849404606F012F905460028A7
:103A900000F09080A549404606F00AF9002800F0A1
:103AA000DE80A349404606F003F9002800F0E780D5
:103AB000A049404606F0FCF881469F49404606F082
:103AC000F7F896F821B10546B9F1000F00F0EB8147
:103AD000002800F0C7819949404606F0E9F800281F
:103AE00000F0B88196F823914046954906F0E0F839
:103AF000B9F1000F00F0468196F82051A5F10509B3
:103B0000022D18BFB9F1010F8CBF4FF001094FF022
:103B10000009002840F0D380B9F1000F00F0CA80FE
:103B2000012C00F0C58000220498114606F0F0FD3B
:103B30000146304663B0BDEC028BBDE8F04FFFF7A5
:103B4000A7BD8049304643E6002393E798F801304B
:103B50004F2B20D0442D95D198F80130492B91D18D
:103B600098F80250002D8DD12C4601273068E9B21B
:103B700003689B6A984707FA05F3013500B11C43B7
:103B8000082DF3D1224670495AE69FED708AF0E67F
:103B90006F4930461CE698F80230002BDAD1022C2F
:103BA00054DD049808F06EFA0728044633D96949B1
:103BB00030460DE6022F4CDD049C207848B12746A4
:103BC00006F018FE387017F8010F0028F8D1002D04
:103BD0004BD1069D002D3FD000231BA928461B93E7
:103BE00004F0E4FD1B9B9D4236D01B78002B33D1A3
:103BF000F0EEC07A9FED587AF4EE477AF1EE10FAC3
:103C00002AD8059A2146304663B0BDEC028BBDE848
:103C1000F04FFFF7A9B80598351908F033FA0246B6
:103C20003068E1B2003A036818BF01225B6A85F888
:103C30003A2A9847494995F83A3A2246304663B0BD
:103C4000BDEC028BBDE8F04FFEF768BE444930463C
:103C5000BEE544493046BBE543493046B8E5022C51
:103C6000F7DD049C20780028A9D1059A214630462A
:103C700063B0BDEC028BBDE8F04FFFF761BA341DB5
:103C80004FF48C712046FEF75BFC336821464FF4FD
:103C90008E721C68C6F81C011846236B9847334A7D
:103CA0000146334B304600290CBF114619468FE5BB
:103CB0003F213EE72F4B53F825202F49C0E52F49E0
:103CC000404605F0F5FF8246002863D1BBF1000FA6
:103CD00040F0C580053D012D40F2C18006F10C0485
:103CE000234694ED390A0434D3ED007A20EE270AF6
:103CF00003F094FB51460AF1010A02463046FEF7F2
:103D000065FFBAF1060FEBD1012296F820319342FC
:103D100086F8222102D1042386F820311849304642
:103D200056E500BF100900205C0A0020600A002050
:103D3000640A0020AC0A0020B40A00209009002088
:103D4000EC0A0020F0090020500A002000000000CA
:103D5000C0090020300A0020FFFF7F7F440A0020B6
:103D6000180A00206C0A0020940A0020E0080020B5
:103D7000D80800203C060020F40A0020200B002078
:103D8000580B002000284ED08E49404605F090FF89
:103D9000002864D08C49404605F08AFF002840F096
:103DA000B380012C46D0049808F06CF9B9F1000FEB
:103DB00046D0451E052D40D8022C3EDD012205A926
:103DC00002AB3046FEF736FFB8B39DED027AF3EE54
:103DD0000E7AF0EEC76AF4EEE76AF1EE10FA2CDC28
:103DE00006F10C031BAA06F124001946043391EDD9
:103DF000596A9842D1ED006AC6EE267AE2EC017A61
:103E0000F3D11BAB96F822219FED700A304603EBED
:103E100085051946D5ED007A77EE877AC5ED007AEB
:103E2000FFF732FAE3E496F82051062D7FF642AF11
:103E3000674A42E7B9F1000F02D006226549FFE464
:103E400096F82031062B00F2B380634A52F8232003
:103E50006249F5E43046FFF7F5FB6149B8E4614992
:103E60003046B5E4BBF1000F4BD11BA8FEF786FB33
:103E7000182206F10C011DA808F0D6F804464FF4EC
:103E80008E721BA9301D01F027FD54B196F8223126
:103E900033B196F820310022042B86F8222127D056
:103EA0000DBB514920E0BBF1000F2AD10028DCD026
:103EB00030684FF48E721BA903685B6B9847D8B1CA
:103EC0001BA8FEF743FCB8B1182206F10C011DA88F
:103ED00008F0AAF804464FF48E721BA9301D01F0B9
:103EE000FBFC002CD2D141493046FEF717FD7EE4A1
:103EF000012386F82031D3E73D493046FEF70EFD19
:103F000075E43C49304663E43B49404605F0D0FE49
:103F1000A8B9B9F1000F93D096F8223163B1082CFB
:103F200007D1072204A930461BABFEF783FE002809
:103F300040D10622314983E43149304648E43149D1
:103F4000404605F0B5FE054678BBB9F1000F3FF4D9
:103F500077AF96F822312BB34FF48243FB40DB0757
:103F60001BD53A4604A930461BABFEF763FEA0B151
:103F7000DDED1B7A0F2C9DED1C7AFCEEE77ABCEE92
:103F8000C77A00D123AD1DAB17EE102A17EE901A99
:103F900030460095FFF75EFA29E406231A493046B9
:103FA0001A464CE61949304612E44246184947E49D
:103FB000074A4DE701221CA99DED1B0A3046FFF779
:103FC00063F914E4200B0020600B002000000000C7
:103FD00068060020740B00203C060020640B0020C3
:103FE000E40A0020280B0020FC080020080900201B
:103FF000C00A0020B8070020980B0020CC0B00203E
:104000009C0B0020E00B0020040C0020E40B00209F
:10401000280C00200A2910B5044610D00D290ED016
:1040200090F8383AC62B06D85A1C034480F8382A30
:1040300083F8701910BD012380F8393A10BD94F847
:10404000393A7BB994F8382A1AB9002384F8383AF7
:1040500010BD224404F51761204682F87039FFF73D
:104060003BFBF2E700230549204684F8393AFEF786
:1040700055FC002384F8383AEAE700BF440C0020DE
:1040800030B5D0F83849002C00F0D280631EB0F86B
:10409000162100F6481503F01F0307EE902A90F84A
:1040A0005429C3EBC303F8EE676AD5ED007A00EB41
:1040B000C30393ED8E6AD0F83C3976EE675A9AB313
:1040C00000F64C1292ED007A35EEC75ADFED9A3ABF
:1040D000F7EE005A9FED994ADFED994AA5EE237A53
:1040E00082ED007A37EE667AF0EE656AE7EE046AF2
:1040F000F4EEE46AF1EE10FA00F19C809FED917A03
:10410000F4EE476AF1EE10FA77FE266A77EEA67AA9
:10411000B4EEE76AC5ED007AF1EE10FA00F2E38042
:104120004CBF012200220FE0F4EEE56AF1EE10FA36
:1041300076D9A4EB030CBCF10F0F71D8B4EEE76A8B
:10414000F1EE10FA00F2CF8080F8552985ED006A73
:104150005A1C944240F2CB8095ED007A05E0C0F8FD
:104160003C290132944240F2C68002F01F03C3EBA7
:10417000C30C1D464FEAC30E00EBCC0CDCED8E7A6F
:10418000F4EEC77AF1EE10FAE9D9531E944203F027
:104190001F034FEAC30E40F2AE80C3EBC304C5EB6E
:1041A000C50C00EBC40400EBCC0CD4ED8E6AEA0025
:1041B000DCED8E7A77EEE67AF5EEC07AF1EE10FA63
:1041C00040F3A98037EE667A94F86C42C7EE276A0E
:1041D000F5EEC06AF1EE10FA2FD5002C00F09E80AB
:1041E0009CF86C42DFED586AA4BBAEEB030E531B88
:1041F00001F1180200EBCE0E00EBC3030EF50F7EAB
:1042000003F50F73FEEC017AB3EC017A37EE677AAF
:10421000E7EE267AE1EC017A9142F3D1012030BD3C
:104220000122B0EE657A80F8542900F64C124BE773
:10423000204630BDF0EE646A68E7B7EE007AF4EE2F
:10424000C76AF1EE10FA6CDC002CCED09CF86C4200
:10425000002CCAD09FED3D7AF4EEC77AF1EE10FA49
:10426000C3D526EEA67AAEEB030EF0EE084A531B3A
:10427000B0EE005A00EBCE0227EE266A00EBC30335
:1042800067EE244A02F50F72F7EE003A03F50F735A
:10429000F0EE465A01F11800B0EE644AE6EE454AE7
:1042A000E7EE455A96EE054A36EE477A27EE276A3C
:1042B00035EEA67A34EE234A67EE877AB2EC015ADD
:1042C000F3EC015A92ED057AD3ED056A27EE877A71
:1042D000A5EE047AA5EEA47AA6EE267AA1EC017AE0
:1042E0008842EBD19AE7002280F8552930E703F0A5
:1042F0001F034FEAC30EAEEB030300EBC30301F150
:10430000180003F50F7353F8042B41F8042B88426F
:10431000F9D1012083E7F7EE006A66E7DFED0A6A6C
:1043200063E734B19CF86C42F0EE476A002C91D1FF
:104330005BE7F0EE476A58E70AD7A33B6F12033BEF
:104340003333733F6666863F0000000000007A4307
:1043500090F82131022B2DE9F04705462DED0C8B0D
:1043600088B06CD0032B14D0012B00F045810023C2
:10437000C0F88831C0F88C31C0F89031C0F8943161
:10438000C0F89831C0F89C3108B0BDEC0C8BBDE88A
:10439000F08700F10C03012124309FEDD86ADFED96
:1043A000D85A11E076EEE77AF5EE407A93ED587A36
:1043B000C3ED5E7A37EE877AF1EE10FA83ED587A24
:1043C00018BF0021984221D01A460433D2ED007A5A
:1043D00092ED187AD3ED5E6A27EE277AC7EE067A59
:1043E000F4EEE67AB1EE677AF1EE10FADAD4B4EED2
:1043F000E67AF1EE10FA1FDC93ED587A9842C3ED9D
:104400005E5A37EE257A83ED587ADDD10029BBD08C
:10441000002395F82221BB4928469A4285F821318C
:104420000CBF0123042385F8203108B0BDEC0C8BB0
:10443000BDE8F047FEF772BA77EEA67AB4E70DF161
:1044400008094946FFF71CFE00289DD0D5F8243105
:10445000D5F85019B5F814215B1A934200F22E8159
:1044600095F822314FF0000A002B40F00181B7EEA1
:1044700008DA05F10C044F469FEDA1AADFEDA2CAB0
:1044800005F124089FEDA1CA0026DFED9CBA9FED3F
:10449000A0BADFEDA0AAB4EC017AB7EC018A94EDE2
:1044A000176AD4ED116A27EE066AD4ED647A67EED6
:1044B000266AD4ED588A84ED648A86EE2B7AC6EE9D
:1044C000AC9A37EEE89A78EE677AF0EEC96A37EE82
:1044D000070A27EE0D7A20EE260A69EE8C9AB5EED1
:1044E000400AF1EE10FA00F1FB80F1EEC05A29EE1D
:1044F0000B9AF1EE656AB1EE696AB4EEE69AF1EEF6
:1045000010FA05D4B4EEE59AF1EE10FA75FE896A58
:10451000D4ED5E5A77EEA67A75EEC76AF4EEE76AD6
:10452000F1EE10FA08DC75EE876AF4EEE76AF1EE58
:1045300010FA58BFF0EE676AB4EEE66AF1EE10FAD0
:1045400005DCF4EEE96AF1EE10FA39FEA66A78EEBF
:10455000868A84ED5E6A76EE677A38EE688AC4ED04
:10456000588AF0EEE77AB0EEC88AF4EE6A7AF1EE95
:1045700010FAB4EE4A8AC8BF0126F1EE10FA38FEEE
:104580000AAA444587D116B1012385F85639BAF1F4
:10459000000F3FF4F9AEF6EE007AB4EEE7AAF1EEC2
:1045A00010FA7FF5F1AE00230422C5F88831C5F872
:1045B0008C31C5F89031C5F89431C5F89831C5F8FB
:1045C0009C31A5F82021B9E80F00C5F87001C5F8A5
:1045D0007411B9E80300C5F87821C5F880012846B0
:1045E000C5F884114C49C5F87C3108B0BDEC0C8B82
:1045F000BDE8F047FEF792B9D0F82431D0F8302268
:10460000D0ED8D7A9B1AB8EE677A07EE903AF8EE05
:10461000677A87EE876AB5EEC06AF1EE10FA2CD998
:10462000F7EE006AB4EEE66AF1EE10FA28DB0DF15F
:10463000080905F5007305F506714A46F3EC017AA1
:1046400093ED057A9942E7EE267AE2EC017AF5D10C
:10465000F7EE007A95F82231B4EEE76AF1EE10FA3F
:10466000ACBF4FF0010A4FF0000A002B3FF4FFAE41
:1046700049462846FEF7E8FDF9E6DFED216AD6E770
:10468000F5EE007AB4EEE76AF1EE10FA0FD4B6EE6A
:10469000087AB4EEC76AF1EE10FA18D876EE677AA7
:1046A0009FED1E7ADFED1E6AE7EE876ABFE7DFED5A
:1046B0001D6A66EE266A66EE866AB8E70122032363
:1046C0001949284685F8572985F821318DE736EEB6
:1046D000C67ADFED147A67EE277AE7EE676AA6E717
:1046E000CDED017A8DED007A02F0CCFEDDED017AA0
:1046F000F0EE405A9DED007AF9E600BF00247449BF
:10470000000000006C0C002000007A446666863FC2
:10471000CDCC4C3E6F12833A780C0020ABAAAA3F56
:10472000ABAA2A3EABAA2A405C0C0020D0F85C3928
:10473000052B2DE9F04104462DED068B8CB017DCDE
:1047400003F207114FF0010C014411F8012F052A63
:104750000CFA02F007DCD4F858592244284202D05F
:1047600092F80E21A2BB0133062BC4F85C39ECD1C0
:1047700001220023A349204684F8222184F8213114
:10478000FEF7CCF804F1240304F13C016A4693EDF2
:10479000337AF3EC017AB4EEE77AD3ED056AF1EE01
:1047A00010FA05D4B4EEE67AF1EE10FA76FE877AC6
:1047B0008B42E2EC017AEAD1012269469FED920A2E
:1047C0002046FEF761FD0CB0BDEC068BBDE8F08124
:1047D00023442068FFEE007A9FED8C6A93F808610D
:1047E000F7EE006A036804EB8605A2199B6931465F
:1047F000D5ED038A95ED307A92F98A2028EE877AF2
:10480000D5ED365A002A95ED2AAA68EEA59A87EECC
:10481000069A26FEA78A984794F860390746052B22
:10482000D1D8DFE803F03542617D9C03F0EE086AE1
:1048300095ED5C7A69EE487A04F66413A7EEA67AE1
:1048400085ED5C7AD3ED007AE9EE267AF4EE697AAA
:10485000C3ED007AF1EE10FA02DB002F00F0B28017
:104860009FED6B7A28EE877AF4EEC77AF1EE10FAB4
:10487000A9DD731C674A3021684607F039FD694697
:104880002046FEF721F90CB0BDEC068BBDE8F081A7
:1048900004F664130022C7F102001A6084F860096C
:1048A0000CB0BDEC068BBDE8F081F0EE086A95ED2A
:1048B0005C7A69EE487A04F66413A7EEA67A85ED71
:1048C0005C7AD3ED007AE9EE267AC3ED007A002F08
:1048D000C6D1F4EEE97AF1EE10FAC1DB0221002232
:1048E00084F860191A606EE72AEE28AADFED476A9D
:1048F00095ED5C7A04F66413CAEE267AA8EE277A60
:1049000085ED5C7A93ED007A77EE877AC3ED007AD5
:10491000002F42D00321002284F860191A6052E768
:10492000F0EE086A95ED5C7A69EE487A04F6641355
:10493000A7EEA67A85ED5C7AD3ED007AE9EE267AC9
:10494000F4EE697AC3ED007AF1EE10FA88DB002FFD
:1049500086D10421002284F860191A6033E7D5ED6E
:104960005C7A04F66418E8EE097AC5ED5C7AD8ED55
:10497000007A39EE279A88ED009A87BB78EEA88AEC
:10498000F0EE007AE9EEA78AB4EEE89AF1EE10FABA
:104990007FF719AF731C204A6DE795ED0F7AF3EEA0
:1049A000046A95ED096A37EE467A37EE267A27EEE5
:1049B000287AF4EEC77AF1EE10FA7FF704AF731C91
:1049C000164A58E7721C16492046FDF7A7FFD4F88F
:1049D0005C3984F860790133C4F85C39F3E695ED0D
:1049E000240A28EE800A02F019FD314602462046CC
:1049F000FEF7ECF80522002384F86029C8F800309F
:104A0000E1E600BF840C00200000000000007A44B2
:104A100000003442900C0020E40C0020B80C002070
:104A2000080D002090F82331002B55D000F5B87107
:104A30000023DFED2E5A9FED2E6A9FED2E5ADFEDFB
:104A40002E4A10B5FF244FF0010E00EB830291EDCA
:104A5000007AD2ED567AD2ED746AF8EEE77A77EE04
:104A6000A67A37EE677AC7EE257AF4EEC67AF1EECB
:104A700010FA17D4F4EEC57AF1EE10FA1FDCF4EE5A
:104A8000E47AF1EE10FA1CDC9FED1C7AF4EEC77AA2
:104A9000F1EE10FA08D401330431C2ED6E7A062B20
:104AA000D3D110BDF0EE467A00EB030C0133043194
:104AB000062B8CF8EE41C2ED6E7AC6D1F1E7F0EE2E
:104AC000457A00EB030C01330431062B8CF8EEE140
:104AD000C2ED6E7AB9D1E4E7002103F16E02013331
:104AE00000EB8202062B1160F7D170470000C8422C
:104AF0006666E6BE6666E63EBD378635BD3786B578
:104B000070B5D0F82431044600688AB001330268D9
:104B1000D269C4F82431904738B394F82031062B79
:104B200018D194F8233133B194F821312046042B65
:104B30003CD0FFF70DFC2046FFF774FFB4F868394E
:104B400033B1D4F82411D4F86C298A1A002A21DA56
:104B50000AB070BD00212046FDF7E4FF06231A4984
:104B6000204684F82031FDF7D9FE94F82031033B2C
:104B7000012BD6D804F20D16002516F8013FE9B234
:104B800023B1206803689B69984790B90135062DC9
:104B9000F3D1C6E74FF47A72B2FBF3F30B44C4F8D7
:104BA0006C390AB0BDE87040FDF722BFFFF7BEFDCB
:104BB000C1E76B1C054A2821684607F099FB694646
:104BC0002046FDF781FFACE71C0D0020280D0020DA
:104BD000F8B5074600242DED048BF0EE008AB8EE00
:104BE000009AF7EE009A13E03868E1B20368DB68D8
:104BF0009847002385F8FA31B4EEC98AF1EE10FA2D
:104C00003CD5B8EE008A013486ED748A062C40D07B
:104C100007EB84063D1996ED748AD6ED6E7A95F809
:104C2000FA3138EE278A002BDED195F8EE3195F86F
:104C3000E8219A4230D095F8EE316BB395F8EE3119
:104C4000E1B25BB285F8E8313B4695F8E82153F8CC
:104C5000840B52B21B5D002AD4BF00220122002B1C
:104C600018BF82F0010203681B699847B4EEC98A35
:104C70000123F1EE10FA85F8F431C2D4B4EE688A5B
:104C8000F1EE10FA38FE888A013486ED748A062C1B
:104C9000BED1BDEC048BF8BD95F8F43133B195F875
:104CA000F431013BDBB285F8F431A5E7B4EEE98AD3
:104CB000F1EE10FA1ADB95F8E8315BB2002BDDDD7E
:104CC000D6F8583138EE698AE1B20133C6F8583166
:104CD000386803689B689847B4EE688A0123F1EE50
:104CE00010FA85F8FA3138FE888ACDE7FFEE007AAF
:104CF000B4EEE78AF1EE10FA85D895F8E8311B0694
:104D000008D4F8EE007AB4EEE78AF1EE10FA7FF5F7
:104D10007AAF76E7D6F85831E1B238EE298A013B0E
:104D2000C6F85831386803689B689847F8EE007AEF
:104D30000123B4EEE78A85F8FA31F1EE10FA3FF577
:104D400060AF60E770B5EFF3108272B60C4C20686C
:104D500080B10C4E00254369236073B19D6102B997
:104D600062B6836845779847EFF3108272B6206881
:104D70000028F0D102B962B670BD3360EFE700BF22
:104D80005C32002058320020FFF7DCBF0449054A9E
:104D90004968054B1960136801331360704700BF01
:104DA000001000E07433002070330020084602F049
:104DB00031BA00BF704700BF704700BF704700BFE7
:104DC000704700BF70B51A4C1A4D2368AB4202D031
:104DD000194AD16829BBA369AB4202D0164AD169EE
:104DE000C9B9236BAB4202D0134AD16A69B9A36C2B
:104DF000AB4209D0104AD16B31B101211B680F4879
:104E0000D163BDE87040184770BD01211B680C4894
:104E1000D1629847EBE701211B680A48D1619847A6
:104E2000DFE701211B6804F10800D1609847D2E751
:104E3000C0220020E40E0020004108401023002082
:104E4000F8220020E022002038B5064CA4F16005CD
:104E500054F8083C2046183CDB689847AC42F7D130
:104E600038BD00BF1023002003682DE9F04304463D
:104E700087B09046002B4CD000229A600122DA6065
:104E8000304D02A8DFF8E0901D4451F8083B2D1189
:104E900000935B6805EB45069847F60006F10807A6
:104EA00059F806304F44DB6838469847009B264A3D
:104EB00002A9384649F8063000929B689847009B43
:104EC00002A8DB68984723680321204AC3F80080C2
:104ED000996023791E485355137851781D4C8B42A5
:104EE000C0F8284228BF0B469178D2788B4228BF61
:104EF0000B46934228BF1346174C4FF0E0224FF069
:104F00008061012084F87A30C2F80C1107B0BDE846
:104F1000F083124AD36E43F44053D3660122104B00
:104F20001A60104A13460260403298680028A7D0E1
:104F3000103393422360F8D100231846236007B052
:104F4000BDE8F08300BFF7BFE40E0020801C002006
:104F500000200020D52E000000E400E000C00F403B
:104F60000040084000410840C0220020F8B5036816
:104F700043B3154C0746154E1C44241104EB44055D
:104F8000ED00735905F10800DB6830449847104B79
:104F90000021012273513B689960DA60FF230D4ABA
:104FA0001355137850789478834228BF0346D078FD
:104FB000094AA34228BF2346834228BF034682F8FA
:104FC0007A303960F8BD00BF00BFF7BFC0220020B3
:104FD000E40E0020801C002000E400E010B4064B2A
:104FE0000020064C064A1C609C611C639C640549B9
:104FF0005DF8044B02F06CBAC0220020E40E0020E1
:10500000C81A0020592F0000054B022888BF03460C
:1050100010B41C68184663685DF8044B184700BF5D
:105020004C1C002002F0E6B802F07EB8024A0349A8
:10503000034802F04DBA00BFC81A0020C1010000A9
:105040005C1C0020A84AA94B90422DE9F047A84CCF
:105050005D699969E46800F2088103F1437303F51F
:10506000F4530333A3FB0023DB0D03EB830303EBB8
:10507000830202F2B63240F227639A4228BF1A46F0
:105080009C4BA2F54872A3FB0232D208974E04F063
:105090001F0CD6F88030944543F0C003C6F880302A
:1050A0000AD224F01F04A6F5F8261443F4603368EE
:1050B000002BFCDA04F01F0C15F0007325D18E4E86
:1050C00037698E4EBE4300F0FB8081F480562F4638
:1050D0004FF4805E17F0605F04D025F060551D43EB
:1050E000824B5D6116F4405F08D021F440517F4E41
:1050F00041EA0E01B161B36C1F07FCD445F00075A5
:105100007A494D618B6C9E06FCD47D49884200F241
:10511000E2800126B64610E0BEF1080F0DD1042E44
:1051200000F2928001364FF0020E06FB00F38B4234
:1051300000F2C3805B008B4207D80EF1010E06FB24
:105140000EF300FB03F38B42E6D9771E0EF1FF3915
:105150004FEA872885EA87276A4919446A4B9942AA
:105160007BD9DFF8E4A16C2368486349B0FBFEF00B
:10517000D1F800E0B0FBF6F0654E0EEA06065645A3
:1051800008D043F400534FF480560E600B600B6858
:10519000002BFCDA55490B6903F007034B4504D09B
:1051A000C1F810908B6CDB03FCD417F4E05F0AD0DD
:1051B00025F4E05508F4E0584C4948EA05054D61EE
:1051C0008B6C9E07FCD4534E534906448E4237D80D
:1051D000524BF609A3FB0636360B731E1B0285EAFB
:1051E000030111F4407F06D025F4407503F44073A9
:1051F0003E492B434B613D494B6923F000734B61A2
:105200008B6C9B06FCD4464B6245A3FB00134FF00E
:10521000FF314FEA9343B0FBF6F6B1FBF3F341499C
:10522000086041490E6041490B6007D224F01F0419
:105230002F491443CC600B68002BFCDABDE8F087E3
:105240004FF440730426CAE7771E2E494FF0070932
:105250004FEA8728194485EA8727294B99421CD8A9
:10526000DFF8E8A0362332487FE7324B984201D876
:105270000E220BE7304B984229D9304A904228D968
:10528000821A2F4B120AA3FB0232D20902EB8202CE
:1052900002EB820202F2E242EDE6A3F182532948D8
:1052A000DFF8ACA0A3F589337E3BA3FB01310B0DE6
:1052B00003FB00F043EA0A0A57E74FF0010E44E708
:1052C0009E4685F0C0570E464FF0C05302E70F22AE
:1052D000DCE61222DAE64FF00008012603462F46EC
:1052E000C146B64638E700BF001C4E0E00C00F4056
:1052F000000008401F85EB5100800D4040300080C9
:10530000FFB19F26808D5B00FF7EF64D00643F4D10
:105310007F3001807FD1F0087F17B42C9F10E5000B
:1053200083DE1B43481C0020441C0020EC3200207C
:1053300000B29F26FF0A6B1B00A4781F0046C32300
:1053400023B24C00001BB7006C2000803620008088
:105350000020008000B970472DE9F84F01218146F7
:10536000224C234D234E54E8003F2A68306844E81D
:105370000013002BF7D120494B684FF47A7BDFF8FC
:105380007CA01B1A01270BFB02F8DAF80020A2FB15
:1053900003235B4594BF9844D84454E8003F2A68EF
:1053A000306844E80073002BF7D14B68DAF800C08E
:1053B0001B1A0BFB02F2ACFB03C3B3F57A7F94BF5D
:1053C000D21802F57A72A2EB0802B2F57A7F08D3FE
:1053D000B9F1010F08F57A7809F1FF39DDD1BDE89F
:1053E000F88F01F0AFFF0449D7E700BF7833002002
:1053F0007433002070330020001000E0EC320020F5
:1054000030B40F4B4FF0010C0E4D0F4C53E8002FF2
:105410002868216843E800C2002AF7D10B4B5B687B
:105420000B4A5B1A4FF47A71126801FB00F0A2FB81
:10543000032330BC8B4294BFC0184018704700BF94
:10544000783300207433002070330020001000E017
:10545000EC320020362827D80201154B012903EB36
:1054600000109B5830B45A68D0E902540DD004297A
:105470000BD022EA04025A6099B1022915D00329FF
:105480000CBF0C4B0C4B2B6006E0224301295A60E9
:1054900007D040F638032B604368152230BC1A60F1
:1054A000704738232B60F7E77047044B2B60F3E716
:1054B000C0100020383001003800010038F0010031
:1054C00030B4124A0020124B0121124D124CC2F886
:1054D000F032C2F8F402C2F8B810C2F8A000C2F864
:1054E000A450C2F8B0105369DB07FCD55161237892
:1054F000DB07F0D41368054943F0010313600B6820
:10550000DB07FCD462B630BC704700BF00802A4085
:105510000504012401000F0000812A4070B50E4CE3
:105520004FF6FF7E0D4E04F17E05A6F58053002157
:1055300002E0B34281B204D21A88481C0233724599
:10554000F7D124F8021FAC4206F58056EDD1044B8A
:1055500001221A7070BD00BFEE32002000107C6086
:105560009B33002041F2BB0398422FD8184B10B553
:105570001B7804463BB3A008164B04F00301164CFD
:10558000A3FB0023C21A03EB5203144A5B09C3EBCB
:10559000831E9C46A0EB0E0341EA8C01FF2034F8E9
:1055A00013C01A444FEA4C0C13030CEB023CBCEB47
:1055B000023F07D91A880233D4B28C4208BF100ABE
:1055C0009C45F7D810BDFFF7A9FFD4E7FF2070472F
:1055D0009B33002005411004F0320020C007060074
:1055E000F8B50F46164672B6344B40F20641344ABF
:1055F00085199A610222DA610022C3F8A020C3F85B
:10560000F012C3F8F422C3F8F822C3F8FC224FF4D6
:105610007022C3F8A4200122C3F8B02020F01F0399
:10562000BFF34F8F4FF0E024C4F85C3F20339D421E
:10563000FAD8BFF34F8FBFF36F8F204D6B69DA0736
:10564000FCD501231F49B2B220F07F406B6142F4C8
:105650007022C5F8F01242F20121184CC5F8F4127C
:10566000C5F8BC30C5F8A000C5F8A420C5F8B03016
:1056700001E05B0609D4636913F00105F9D0412309
:105680006361BDE8F840FFF71BBF082E0BD836B1A9
:105690003246394637442E460B4800F01DF9074B79
:1056A00040225A61E7E7A6F1080508263946064870
:1056B0003246374400F010F92E46F0E700802A40C9
:1056C000F05AF05A3204180880812A4010B472B699
:1056D000284B0221284C00229C614FF47024D96190
:1056E00040F20641C3F8F0120121C3F8F422C3F8D6
:1056F000F822C3F8FC22C3F8A020204AC3F8A44033
:105700000240C3F8B010BFF34F8F02F1200302F53F
:1057100080514FF0E02C8B428CBF0121802102EBA5
:1057200041118B42CCF85C2F1A4603F12003F8D1CB
:10573000BFF34F8FBFF36F8F0E4A5369D907FCD564
:1057400001240F490F4B54610340C2F8F0124FF48B
:1057500070200849C2F8A030C2F8A400C2F8B040D6
:105760004B69DB07FCD501235DF8044B4B61FFF768
:10577000A7BE00BF00802A40F05AF05A00F0FFFF99
:105780002004180800F0FF0041F2BB03984200F229
:105790008C80484B2DE9F0471B78C2B005468946FE
:1057A000002B7FD0AB08444E05F00305434FA6FB0A
:1057B00003269A1B06EB5206760945EA8605C6EBD8
:1057C00086169E1B3E4B37F81640334460004FEA66
:1057D000033800EB0330B0EB033F67D943464FF08B
:1057E000FF0C1A880233D1B28D4208BF4FEA122C47
:1057F0008342F6D3E14544D0B4F5006F44D302AC04
:105800004FF48072FF21204601F01EFF08F10202D2
:1058100008F580532B48934234BF01234FF40063B3
:10582000424603EBC62318444000134602321B884D
:105830009042D9B24FEA13236354F6D104F805908D
:105840000DF107090DF2071A00254C464046FFF7F7
:105850003DFF14F801CF02220DF1060108EB4500CF
:10586000631EBCF1FF0FA3EB090306D043EA0C2330
:105870000135ADF80630FFF7B3FEA245E9D127F8B0
:10588000165042B0BDE8F08745EA092502A9022278
:105890000134ADF80850FFF7A3FE27F8164042B0D8
:1058A000BDE8F087FFF73AFE7CE770474FF0FF0C4A
:1058B000A0E700BF9B33002005411004F032002018
:1058C000C007060000003E3008B5FCF7B3FCFCF74B
:1058D000A5FD01F037FDFAE7844641EA000313F025
:1058E00003036DD1403A41D351F8043B40F8043BE7
:1058F00051F8043B40F8043B51F8043B40F8043BAA
:1059000051F8043B40F8043B51F8043B40F8043B99
:1059100051F8043B40F8043B51F8043B40F8043B89
:1059200051F8043B40F8043B51F8043B40F8043B79
:1059300051F8043B40F8043B51F8043B40F8043B69
:1059400051F8043B40F8043B51F8043B40F8043B59
:1059500051F8043B40F8043B51F8043B40F8043B49
:1059600051F8043B40F8043B403ABDD2303211D3E9
:1059700051F8043B40F8043B51F8043B40F8043B29
:1059800051F8043B40F8043B51F8043B40F8043B19
:10599000103AEDD20C3205D351F8043B40F8043BE9
:1059A000043AF9D2043208D0D2071CBF11F8013BE7
:1059B00000F8013B01D30B8803806046704700BFAD
:1059C000082A13D38B078DD010F003038AD0C3F1BC
:1059D0000403D21ADB071CBF11F8013B00F8013B9E
:1059E00080D331F8023B20F8023B7BE7043AD9D35D
:1059F000013A11F8013B00F8013BF9D20B78037032
:105A00004B7843708B7883706046704706F0C0BC5B
:105A100001F1FF3C70B5864666460846002100E06D
:105A20000131BEFBF2F502FB15E4E3B2092C03F1F0
:105A3000370403F130038CBFE3B2DBB29645AE46C8
:105A400006F8013FECD24B1C0022C418C25479B1B5
:105A500062461CF8015F14F8016DA0EB0C030232E2
:105A60008CF80060013B121A25700B449A42EFDB60
:105A700070BD00BF30B501EB4104012500EB4414BB
:105A800005FA01F1244DB4F80EC009B22D781FFAC1
:105A90008CFCB0F888E10CFB03331FFA8EFEEB4060
:105AA0000D01634505F0F00528BF63464EEA050E7B
:105AB000012AA0F888E101F00F0E20D0022A15D0AB
:105AC00062B9ACEB030C1FFA8CFCA4F80AC0B0F866
:105AD00080319BB243EA0E03A0F88031B0F88831E0
:105AE0009BB243EA0E03A0F8883130BD9BB2E3833A
:105AF000B0F880319BB21D43A0F88051EEE79BB215
:105B00000902E382B0F8803101F470619BB20B436B
:105B1000A0F88031E2E700BFEE1C002001EB41035A
:105B2000354AF6EE006A00EB4313B3F80EC092ED6F
:105B3000007A1FFA8CFCB8EE477A30B5C7EE007ACF
:105B40004FF0010E0EFA01F401FA0EF577EEA67A87
:105B5000FCEEE77A17EE903AB3F5803F48D3002287
:105B60004FF6FF7E5B080132734501D9062AF9D949
:105B7000120142F4806292B2022B0FFA84FE4FF6B9
:105B8000FF74294438BF02234FEA0E1500EB411180
:105B90000EF00F0EA342EDB228BF2346B0F88841A5
:105BA000A4B22C43A0F88841CA805A1E92B2CA817E
:105BB0004A8992B203FB02F2B2FBFCF292B24A8132
:105BC000CA8A92B203FB02F2B2FBFCF292B2CA8220
:105BD000CA8B92B202FB03F3B3FBFCF39BB2CB8301
:105BE000B0F888319BB243EA0E03A0F8883130BD8B
:105BF0004FF48062C0E700BF441C0020214BF6EE4A
:105C0000006A4FF6FE7C93ED007AB8EE477AC7EE55
:105C1000007A77EEA67AFCEEE77A17EE903A6345C3
:105C20002CD900225B080132634501D9062AF9D933
:105C3000083242F2260C4CEA422C1FFA8CFC022B52
:105C400000EB41114FF6FE7038BF02230A8A8342EF
:105C500092B228BF0346C88880B2C0F10110104438
:105C600003FB02F2B2FBF0F29B1A92B2C3F1010302
:105C70009BB2CB800A82A1F80CC0704743F2260C7D
:105C8000DDE700BF441C002036284BD8F8B52A4D6C
:105C9000044615F8202005EB8005012A2DD0022AA4
:105CA0003FD16B78C3F3011003283ED0234A02EBA7
:105CB000803203F0030C224889B2634602EB4C1C8D
:105CC0000678BCF806E05801BCF810301FFA8EFECA
:105CD000CEF1011E1EFA83F303F1FF3E0EFB01F12C
:105CE000F1408E4523D95B1AC3F101039BB289B2FF
:105CF0000244ACF8063011820DE06A78C2F3011359
:105D0000032B10D00F4800EB83308BB202F003015D
:105D1000AA78FFF7AFFE0C4BEA7803EB04135B683D
:105D20001A60F8BD70470948EFE7094AC1E7991EB4
:105D30004FF6FF73DBE700BF3014002000C01D40AA
:105D4000EE1C002000C03D40C010002000803E40FE
:105D500000801E40362808D8154B13F8202003EB8E
:105D60008003012A02D0022A0DD070475978C1F36E
:105D70000112032A13D00F4801F0030100EB823017
:105D80009A78FFF7CBBE5978C1F30113032B0CD0DF
:105D9000094800EB833001F00301FFF72FBF0748EC
:105DA00001F003019A78FFF7B9BE0548F3E700BF99
:105DB0003014002000C03D4000C01D4000803E4027
:105DC00000801E4000230F2248F2B82C194610B55F
:105DD0004FF470444FF4806EA0F88C414FF460444F
:105DE000A0F88E210A46A0F89031B0F888319BB215
:105DF00043F0F003A0F8883101EB4103013100EBDF
:105E0000431304299C80A3F806E05A841A865A801A
:105E10005A81A3F80EC05A82DA825A83DA83EBD110
:105E2000B0F888319BB243F00F03A0F88831B0F886
:105E300088319BB243F47063A0F8883110BD00BF75
:105E4000374B384A996F384841F47F0170B59967EC
:105E50000F26D3F8801041F2010545F6C0540A43DD
:105E6000C3F88020FFF7AEFF00F58040FFF7AAFFE0
:105E700000F58040FFF7A6FF00F58040FFF7A2FF86
:105E80000022A0F5031043F2260E114600EB421348
:105E90004FEA421C01329981042A5981DE819D8298
:105EA000DC8020F80C101982A3F80CE0EED100225F
:105EB0001E484FF00F0E41F20106114645F6C0553F
:105EC00043F2260400EB42134FEA421C013299814F
:105ED000042A5981A3F80EE09E82DD8020F80C1080
:105EE00019829C81EED1002211484FF00F0E41F231
:105EF0000106114645F6C05543F2260400EB421355
:105F00004FEA421C01329981042A5981A3F80EE01C
:105F10009E82DD8020F80C1019829C81EED170BD2C
:105F200000C00F40000003FC00C03D4000001E40C8
:105F300000401E4010280346044A28BF1023107852
:105F4000012B38BF01231370704700BFEE1C0020E7
:105F5000074A506A936A19468446506A936A99427E
:105F6000F9D18445F7D1DB0B43EA4040704700BFCD
:105F700000400D4008B5D0E900325BB1BAB10F4B1B
:105F8000A3FB0213DB0803EB4303B2EB83030AD149
:105F9000012008BD094BA3FB0213DB0803EB4303FD
:105FA000B2EB830301D0D21A4260F02AF0D804F099
:105FB000ABFC1C22034600201A6008BDABAAAAAAAB
:105FC00070B550B3044619B1B2FA82F676099AB99F
:105FD000206810B3626802B3154B164902FB03F345
:105FE000B1EBB30F19D3A368EBB90023236063604F
:105FF000A360E360012070BD1D46049BC0E9001250
:10600000C360FFF7B7FF60B1002DF3D0626831467F
:106010002068A56001F018FBECE704F075FC16237E
:106020000360002070BD002101F00EFBDDE700BF22
:10603000ABAAAAAA5555551572B6EFF30583504C75
:10604000C4F884301EF0040F0CBFEFF30882EFF3A6
:1060500009824FF0E0234B4DD3F8280DD3F82C1DC7
:10606000C4E92201D3F8341DD3F8383DC4E9241320
:106070009369C4F89830D369C4F89C3000F0CCF828
:1060800084ED280AFFF764FF0B23C4F8A4004FF047
:10609000FF323D493D48C4F880302B682024043548
:1060A0005A4042F30003013C03EA010383EA52022F
:1060B000F7D18542F1D1324BC3F8A820BFF34F8FFF
:1060C0004FF0E0232F49324AC3F8701FC3F8702FF6
:1060D000BFF34F8FBFF36F8F2E4A02252E48D36E2A
:1060E0002E4943F44053D3660560D3692C4823F00E
:1060F0007F0343F04003D3610B6883423DD8264DB4
:1061000000214FF0E0234FF0FF3229600126C5F84F
:1061100008112449C5F80011C5F80861C3F88021A9
:10612000C3F88421C3F88821C3F88C21C3F89021D7
:1061300001E000F061F9D5F80C31002BF9D0013401
:10614000C5F80C614F2CF4D9174B022017494FF0BA
:106150000042C1F840015A63D5F80C313BB91448EC
:1061600014490D4A0163D2F80C31002BFAD04FF0DC
:10617000E023114AC3F80C2DFEE7FEF763FFBEE7EC
:1061800000FF272080FF27202083B8EDA8FF2720CD
:10619000A0FF272000C00F4000400840481C0020FE
:1061A000803DCD0B009F240000900D4000002E404C
:1061B00000800F40F100AD0B0400FA05094A08B554
:1061C0000346106823B1034407498B4201D813608A
:1061D00008BD04F099FB0C2203464FF0FF301A6013
:1061E00008BD00BF841C002000002820002070474C
:1061F0004FF0FF30704700BF4FF4005300204B605A
:10620000704700BF012070474FF0FF30704700BF5C
:1062100030BFFDE7FFF710BF124AD2F880305B07AE
:10622000FBD5D2F880301048C3F30B230F4990ED13
:10623000007A07EE903A91ED006AB8EE477A0C4A80
:10624000F8EEE77A0B4BD2ED006A77EEC77A93ED62
:10625000007AB8EE477A67EE867A87EEA60A37EEBE
:10626000400A704700810D40DC320020E4320020FB
:10627000E8320020E0320020836BF0B41BB1536899
:1062800043F40043536072B6446B3CB31A4B226034
:10629000D3F8B0410C421DD1184E776804E0746801
:1062A000E41BB4F5166F0BD2D3F8404144F480449C
:1062B000C3F84041D3F8B851D3F840416404EED557
:1062C0000D4007D10C4CC0E90225D4F8B0310B4386
:1062D000C4F8B031426362B6F0BC7047064DC0E905
:1062E0000224D5F8B0310B43C5F8B03102634263E4
:1062F00062B6F0BC704700BF00002E40001000E006
:1063000070B5056B95B106462B46002403E01B686B
:106310000134012B0BD05A681206F8D533632CB127
:106320002846B36B2D689847013CF9D170BD002217
:106330000023C6E90C23F2E730B4D9B91F4C204B37
:106340000021204A01254FF0011099601D60C4E929
:10635000023180245C60C2F8BC01D2F8B0311A4826
:106360002B43C2F8B0310160D2F8B031002BFBD121
:1063700030BC70470904154B104C012541F08001D9
:106380009860104A596000F580511D60D96000F591
:106390000051A364196100F5405100F58040596136
:1063A00000219861E164D2F8B03143F48033C2F83F
:1063B000B031D2F8B031002BFBD1C0E70000002093
:1063C0002023002000002E408C320020402300209B
:1063D000074901220B78824023EA02030B7033B98C
:1063E000044AD2F8483123F08003C2F8483170479C
:1063F0009E33002000002E402DE9F04FA14C83B0C9
:10640000D4F84461F107C4F844614ED5D4F8AC31F6
:10641000002B45D09C4D9D4FDFF88C82DFF8989281
:10642000C4F8AC31D5E90A20D4F8403143F4005324
:10643000C4F84031D4F840319B04F5D5D4F840314C
:106440004FF0011123F40053C4F84031C4F8B411E3
:10645000D4F8B43113F00113FAD191B284463B6001
:10646000B1F5086F00F04F8100F2968040F2023ED5
:10647000714500F0AB8100F2A680822900F0FE8118
:10648000B1F5817F00F0CE81802940F0978080486F
:1064900002210380FFF750FFD4F8AC31002BBFD1AD
:1064A000784AD2F8BC31002B42D1720616D5754B12
:1064B000D3F8AC21C3F8AC21D3F8BC21C3F8BC217C
:1064C000D3F8B041002CFBD14FF0FF32C3F8B42118
:1064D000D3F8843100F038FD6E4B1C60F40103D515
:1064E0006D4B1B6803B19847B00103D56B4B1B681C
:1064F00003B19847710708D5624BD3F8843113F480
:10650000007346D0664B01221A705E4BD3F84831B7
:106510001A060AD5330608D5624A13782BB1013B17
:10652000DBB21370002B00F0798203B0BDE8F08F6E
:106530005649C2F8BC310868034240F0B681554A5A
:1065400012681340B1D01C0C4F4D1FFA83F811D0C4
:106550004FF0010994FAA4F7B7FA87F705EBC710D3
:1065600009FA07F74030FFF7CBFEBC43F2D1B8F190
:10657000000F9AD0012798FAA8F4B4FA84F405EB36
:10658000C41007FA04F4FFF7BBFE38EA0408F2D19E
:106590008BE7434A1370B8E742F2212E714500F0B1
:1065A0008D805FD8B1F5106F00F0B58042F2210CFC
:1065B000614503D1010C072900F0A8814FF00113B8
:1065C000C4F8C03168E7B1F5A06F00F0E180A1F533
:1065D000D0610129F2D8D8F804100029EED01FFAB2
:1065E0008CFE314B120C03E019690C330029E5D005
:1065F000B3F800C09445F7D1B3F802C0F445F3D125
:106600004FEA104A100A032800F0FD811B899A45C1
:1066100028BF9A46B2F5007F40F0E081204B234A24
:106620001978234BDFF88CB0002914BF11461946A6
:1066300020485246FFF750F92BF01F030BEB0A02DC
:10664000BFF34F8F4FF0E021C1F8703F20339A42E3
:10665000FAD8BFF34F8FBFF36F8F16485146FFF73D
:106660006BFE19E742F22133994231D04FF6C00355
:106670009942A3D183B2FF2BA0D843F46E4363F3B6
:106680000F0CA8E700002E40000000208C320020F4
:10669000A432002090320020883300208C33002068
:1066A000A4330020A53300200C150020801E0060BC
:1066B0001C1E0060000020202023002080B238B97A
:1066C000B24BC2F307421968B14B1960B14B1A7053
:1066D0000023C5F84890EB64C9F808300123C9F8D5
:1066E00000308023C9F804304FF00113C4F8BC31E6
:1066F000D4F8B03143F48033C4F8B031D4F8B031B9
:10670000002BFBD1C8E6A44B0121A4481B780370E1
:10671000FFF712FEC0E6A049C2F3074201934FF013
:10672000800A0A709E4AC4F8C8219E4AC4F8CC2147
:106730009D4AC4F8D02100F009FC019B52469B48B9
:10674000194600F081FF9A4A9A49C5F8A02002F143
:106750003C42019B02F56C22C1F804A0EB6402F5F7
:106760006F72A9648B60C5F8E02001220A604FF0C7
:106770000112C4F8BC21D4F8B02142F48032C4F82C
:10678000B0218D4A3B60D2F8B031002BFBD183E6BB
:106790008849EB648B600123A9640B6080234B6004
:1067A0004FF001138449C4F8BC31D4F8B03143F43C
:1067B0008033C4F8B031D1F8B031002BFBD1130CC9
:1067C0005B0643F08073C1F8543165E610F0780F32
:1067D00083B27FF4F3AE03F07F01784A13F0800FA9
:1067E00052F8213014BF43F4803343F0010342F8E0
:1067F000213000216F4BE96499600121AB6419607D
:1068000080216D4A59604FF00113C2F8BC31D2F8B3
:10681000B03143F48033C2F8B031D2F8B031002B3C
:10682000FBD139E610F0780F83B27FF4C7AE03F0E6
:106830007F01624A13F0800F52F8213014BF23F415
:10684000803323F0010342F821300021594BE964E1
:1068500099600121AB6419608021574A59604FF05B
:106860000113C2F8BC31D2F8B03143F48033C2F81E
:10687000B031D2F8B031002BFBD10DE683B210F06D
:1068800078007FF49BAE4D4A03F07F0152F821104F
:10689000424A1080180636D5C90301D5012313706A
:1068A00002213E48FFF748FDF6E500200860444914
:1068B0000C88486842F221018C427FF440AE80B2DD
:1068C00000287FF43CAE3F493F4C03C9A180862895
:1068D0004FEA11412060A1717FF431AE72B63B489E
:1068E000017841F008010170D2F848110D0605D475
:1068F00080200143C2F84401C2F8481162B6344A0C
:10690000502111701BE6CB07CAD5C7E72C49EB60B5
:10691000304BC1E900200122AB601A602E4A5A6058
:10692000284A9A60D4F8B01141F00101C4F8B011BE
:1069300002F58051D96002F50051196102F540510C
:1069400002F5804259619A611B4AD2F8B031002B9E
:10695000FBD11849EB648B600123A9640B6048F2FA
:1069600080034B604FF00113C2F8BC31D2F8B03154
:1069700043F48033C2F8B0314FF480330E4A3B60A9
:10698000D2F8B031002BFBD186E500BF7433002074
:1069900084330020A2330020A3330020A43200203F
:1069A0000200CC00C80002000200C80080000020E5
:1069B0005DCFC6B82023002000002E40C0012E402D
:1069C000E0240020843200207C3300209E3300200D
:1069D000A53300204023002080000700B2F5E06FBF
:1069E00015D1114B114A1978DFF848B0104B5846B1
:1069F000002914BF114619465246FEF76DFF0723C2
:106A00008BF8013018E60B789A4528BF9A46524613
:106A10000848DFF820B0FEF75FFF0DE60320FFF720
:106A2000D7FC08F0B9FB00BFA43300201C1E006097
:106A3000801E0060000020202DE9F0471F46831EC5
:106A4000022B01D9BDE8F087DFF84C9015460C46C3
:106A50004FEAC01A09EBC0183C220646002108F193
:106A60000400240400F0F0FDB5FA85F20123520978
:106A700044EA427449F80A40C8F83870C8F8083047
:106A8000002FDFD0034AB34011680B431360BDE809
:106A9000F08700BF90320020000000202DE9F04771
:106AA0000D46811E022901D9BDE8F087C701DFF834
:106AB0004C909246044640373C2200211E4607EB8C
:106AC00009082D0408F1040000F0BEFDBAFA8AF2AC
:106AD000520945EA427249F807200122C8F8386095
:106AE000C8F80820002EDFD0034B10341968A240EC
:106AF0000A431A60BDE8F0879032002000000020B1
:106B000012048160C36101F5405342F0800210B469
:106B10000124426001F50052046001F5805401F542
:106B20008041C46081615DF8044BC0E90423704773
:106B3000831E0A46022B00D9704700F110014FF066
:106B4000010C034B0CFA01F103EBC010FFF794BBEF
:106B500040000020831E0A46022B00D97047012105
:106B6000024B814003EBC010FFF786BB0000002002
:106B700040687047124A134BD2F8200220F07F4041
:106B8000984210B584B002D200EB800040000E4C59
:106B900001A90A22FEF73CFF01A90023204611F8B3
:106BA000012B01333AB10A2B20F8022FF7D116231B
:106BB000237004B010BD5B00DBB2237004B010BDC5
:106BC00000441F4080969800D81C002000F0DABADC
:106BD00000F0CCBA00F068BB00F03EBB084611469E
:106BE00000F02EBBF8B5144C4FF0E025134E4FF4D7
:106BF000003204EB4024124F06EB40160346C5F862
:106C00008C21214630463A88FFF77AFF3B8823449F
:106C1000BFF34F8FC5F85C4F2034A342FAD8BFF3BF
:106C20004F8FBFF36F8F03203146FFF793FF4FF471
:106C30000033C5F80C31F8BD80002020602300200F
:106C4000903300202DE9F843244BC5691C88436824
:106C5000C3F30E43E41A002C25DD2149A7B22148D5
:106C60000A780078D3B2204E8242204807D010F82C
:106C7000039036F81980C8F50072944218D9013390
:106C8000002226F81570082B194E88BF134626F8E7
:106C9000152098BFDAB2C554164B0A701A6814440E
:106CA0001C60BDE8F8832846BDE8F843FFF79ABFAB
:106CB00008EB492010492246B844084401EB45211D
:106CC000FEF70AFE0B4A284626F81980136823446B
:106CD0001360BDE8F843FFF785BF00BF9033002085
:106CE0009C3300209D330020B0320020D0320020A1
:106CF000C0320020AC320020800020202DE9F84373
:106D00001E4B1A78002A37D11D4B1B78A3B31D4E9A
:106D100002F0FF0532887AB3DFF87480C2F50069AB
:106D2000194F98F800304A46184C07EB431704EB0C
:106D3000C3242B4638462146FFF7E2FE04EB090246
:106D4000BFF34F8F4FF0E023C3F8704F2034A242BF
:106D5000FAD8BFF34F8FBFF36F8F04203946FFF788
:106D6000E7FE98F80030002201333280DBB2032BBB
:106D700098BF1D4688F80050BDE8F883A133002075
:106D8000A3330020923300206024002080102020B4
:106D9000A03300202DE9F04F87B00490002900F0C7
:106DA000BE8000235F4C604F4FF00109DFF890A1D7
:106DB0005E4E029303915E4B5E4A1D783B8802EB68
:106DC000451284F800900192002B40F0A480984670
:106DD0001D469B460198FFF7CBFE10F0800000F0A7
:106DE0008A80BFF34F8F9AF8003084F800B00DB955
:106DF000D6F80080002B7AD13368A3EB0803782BF8
:106E000000F282804C4B1B78002B70D000F09AFA75
:106E10003B88012584F80090002BDBD0444AC3F561
:106E2000006015781A46039900EBC520DFF814B10D
:106E3000ED029142584417D20593DDE903210192F6
:106E4000FEF74AFD019A4FF04041059B9B1A3B809B
:106E50003A4BC3F88410BFF34F8F029800231044BD
:106E6000237007B0BDE8F08F5D440499FEF734FD50
:106E700000234FF4006229460198FFF741FEBFF35B
:106E80004F8F05F1200205F50063934234BF0123C3
:106E900040234FF0E02205EB4313C2F8705F20352A
:106EA000AB42FAD1BFF34F8FBFF36F8F042001992C
:106EB000FFF73EFE1E4A13780133DBB2042B28BFD6
:106EC000002313703B88039AD11A029A1A44039143
:106ED0000292049A1A4400230492184A3B80C2F892
:106EE0008430BFF34F8F237000297FF464AF029882
:106EF00007B0BDE8F08F4FF400620D4B8AF8000038
:106F00001D7813463A808EE7012302988AF80030F4
:106F100007B0BDE8F08F1A46C3F5006083E7084666
:106F2000E6E700BFA1330020923300207433002035
:106F3000A033002060240020A333002000002E4056
:106F40009F33002080102020704700BF2D4B002170
:106F500080222D4870B51B7800242C4E8B422C4D7E
:106F60000CBF40234FF4007333802B8000F06CFB88
:106F7000284A2146284B14704FF4807227481C8001
:106F800000F062FB264A1021264B0220C2E9004491
:106F9000C2E90244244AC3E900441470234AC3E905
:106FA0000244234B1C70234614602246FFF776FDF3
:106FB000204B224631880320FFF73EFD2346012265
:106FC00029880420FFF76AFD20460134FFF70AFEF6
:106FD000082CF9D1184B00214A221848184C04609B
:106FE000C3F88410C3F88020D3F84821154942F033
:106FF0008072C3F8482121B1134A137843F001038A
:10700000137070BDA4330020602400209033002052
:1070100094330020A033002092330020602300200E
:10702000B0320020C03200209C330020AC3200205F
:107030009D330020554D000000002E408833002075
:107040000D4E000000000000A63300202DE9F84F8F
:107050004FF400324FF0E0238A46C3F88C212B4BCB
:107060001C78002950D08346E4B20027DFF8B490A2
:10707000274B5846274AAAEB07081B78A34204F17E
:10708000010438D0092C244B244928BF00241E5D5C
:1070900039F8163031F8165003EB4621ED1A114439
:1070A000A8452A4617D242465846FEF715FC1C4909
:1070B00039F8164050460B68A044A3EB0A0329F8A0
:1070C00016803B440B604FF0E0234FF40032C3F8CE
:1070D0000C21BDE8F88FFEF7FFFB114A2F44304624
:1070E0001368AB445B1B1360E3B2084A1370FFF7ED
:1070F00079FDBA45BCD84FF0E0234FF40032384652
:10710000C3F80C21BDE8F88F0846DCE79D3300206A
:107110009C33002080002020D0320020B03200209C
:10712000AC320020C03200200B4B0C4A1278197888
:10713000D3B28A420DD0013309480A4A092B0A49C1
:1071400028BF0023C35C31F8131002EB4323585CC3
:1071500070474FF0FF3070479C3300209D33002074
:10716000D032002080002020C0320020044B10B517
:107170001C680CB1204610BD00F0E4F8204610BD9C
:10718000AC3200202DE9F84F144E154D33782A7893
:10719000934221D0DCB2DFF85090DFF850B0DFF836
:1071A0005080104F0134082C5FFA84FA01D9002472
:1071B000A24619F80400DBF8003038F8102037F840
:1071C0001010521A9B1ACBF80030FFF70BFD86F80F
:1071D00000A02B78A342E5D1BDE8F88F9D330020B5
:1071E0009C330020C0320020D0320020AC3200207E
:1071F000B032002000B583B001210DF10700FFF788
:1072000025FF20B19DF8070003B05DF804FB4FF0A7
:10721000FF30F9E7094B00B583B01B788DF8070004
:107220003BB101210DF10700FFF7B4FD03B05DF89C
:1072300004FB03F0FF0003B05DF804FBA333002060
:10724000044B1B7803F0FF020BB1FFF7A3BD104600
:10725000704700BFA33300202DE9F0410024DFF880
:10726000448001230D4D27460D4E88F800303378B9
:107270002846A34205D0FFF77BFC030658BF07F55D
:10728000006701342035042CF1D1BFF34F8F002368
:10729000384688F80030BDE8F08100BF6024002047
:1072A000A0330020A13300202DE9F8431F4B1B78A9
:1072B00013B11F4D2A880AB9BDE8F8831D4FC2F5E6
:1072C00000691D4E3B784A461C4C06EB4316DFF81E
:1072D000708004EBC3240123304688F80030214637
:1072E0000023FFF70DFC04EB0902BFF34F8F4FF0B3
:1072F000E023C3F8704F2034A242FAD8BFF34F8F77
:10730000BFF36F8F04203146FFF712FC3B78002259
:1073100001332A80DBB2042B28BF13463B70BFF336
:107320004F8F88F80020BDE8F88300BFA33300200A
:1073300092330020A0330020602400208010202001
:10734000A13300202DE9F8432D4B1E7886B1DFF8DC
:10735000C48098F800305BB90123F10788F8003049
:1073600040D4B20725D4002388F80030730701D435
:10737000BDE8F883234B1A68002AF9D0EFF30582A1
:10738000002AF5D1EFF3108572B61868002830D0C6
:107390001D4C217869BB0122227042691A6062B3D8
:1073A000916105B962B600258368457798472570D5
:1073B000DEE7DFF8649099F80030002BD3D0134F4C
:1073C000002557F8044F236820461B69984710B1E1
:1073D00063699B689847013599F80020EBB29A429F
:1073E000EFD8C0E7FFF7C2FE0028BAD0AFF30080A5
:1073F000B7E7002DBCD162B6BAE7054B1A60D0E7FB
:10740000A633002054320020963300206032002042
:1074100060320020983300209733002010EE101ABD
:10742000C1F3C7520029A2F17F0CACBF01204FF07D
:10743000FF30BCF11E0F0FDCBCF1000F1DDBC1F3F0
:107440001603BCF1160F43F400030ADD963A03FA63
:1074500002F202FB00F07047FDEEC07A17EE900AD0
:1074600070474FF4800242FA0CF21A44CCF1170C28
:1074700022FA0CF202FB00F07047BCF1FF3F18BF8C
:107480000020704708B52DED028BB0EE408A00F069
:107490001BF8B4EE488AF1EE10FA06D6DFED098A41
:1074A000B4EEE88AF1EE10FA02D4BDEC028B08BD0E
:1074B00003F02AFA88EEA80ABDEC028B21230360B0
:1074C00008BD00BF00000000B1EEC00A704700BF59
:1074D00003460846194604F0A1BD00BF40EA010377
:1074E0009B0710B501D1032A17D8844601F1FF3E4E
:1074F00007E01EF8011F03F8011B541E29B19C462A
:1075000022466346002AF4D110BD9444002CFBD0DF
:1075100003F8011B6345FBD110BD8E468446DEF89F
:107520000040A4F1013323EA040313F0803F7146C5
:107530000EF1040EDAD1043A032A4CF8044BEED8CB
:107540007146D3E7034B1B5C03F00303022B08BF18
:1075500020387047190500200000000000000000DE
:10756000000000000000000000000000000000001B
:1075700030B490F800F020F007016FF0000C10F02C
:10758000070491F820F040F048804FF000046FF0BD
:107590000700D1E9002391F840F000F1080082FAD9
:1075A0004CF2A4FA8CF283FA4CF3A2FA8CF34BBBA4
:1075B000D1E9022382FA4CF200F10800A4FA8CF21D
:1075C00083FA4CF3A2FA8CF3E3B9D1E9042382FAEB
:1075D0004CF200F10800A4FA8CF283FA4CF3A2FA00
:1075E0008CF37BB9D1E9062301F1200182FA4CF238
:1075F00000F10800A4FA8CF283FA4CF3A2FA8CF39F
:10760000002BC6D0002A04BF04301A4612BAB2FAC0
:1076100082F200EBD20030BC7047D1E9002304F0C5
:107620000305C4F100004FEAC50514F0040F91F8FA
:1076300040F00CFA05F562EA05021CBF63EA050397
:1076400062464FF00004AAE7830730B547D0541EC6
:10765000002A3ED0CAB2034601E0013C39D303F808
:10766000012B9D07F9D1032C2CD9CDB205EB0525B3
:107670000F2C05EB054535D9A4F1100222F00F0CB3
:1076800003F1100EE6444FEA121C1A46C2E90055F7
:10769000C2E9025510327245F8D10CF1010214F022
:1076A0000C0F03EB021204F00F0C13D0ACF1040327
:1076B00023F003030433134442F8045B9342FBD1E9
:1076C0000CF003042CB1C9B21C4403F8011BA34203
:1076D000FBD130BD64461346002CF4D1F9E70346D4
:1076E0001446C0E71A46A446E0E700BF10B51C4C9C
:1076F000002924689AB02DDB009004904FF40270AA
:10770000ADF80C004FF00000199013D001394FF67E
:10771000FF7002910591ADF80E006946204601F018
:10772000FFF8421C01DA8B232360009B00221A70B1
:107730001AB010BD4FF6FF7002910591ADF80E0022
:107740006946204601F0ECF8431C01DA8B232360E4
:107750001AB010BD8B2323604FF0FF30F8E700BF55
:107760009015002030B51446002C9BB005462EDB4A
:107770001A464FF40273ADF80C304FF0000300913D
:107780000491199313D04FF6FF73013CADF80E30FE
:1077900069461E9B0294059401F0C2F8421C01DA6E
:1077A0008B232B60009B00221A701BB030BD4FF65C
:1077B000FF73ADF80E3069461E9B0294059401F0EC
:1077C000AFF8431C01DA8B232B601BB030BD8B2339
:1077D00003604FF0FF30F8E7024A1268012350328D
:1077E00004F0E6BB901500202DE9F04F2DED0A8B3B
:1077F00097B0894600219246129100220021CDE9DE
:1078000004128046494611910F4611F8012B2D2A8A
:107810005ED801A050F822F0035B0000E15900009F
:10782000E1590000E1590000E1590000E159000070
:10783000E1590000E1590000E1590000175900002A
:107840001759000017590000175900001759000078
:10785000E1590000E1590000E1590000E159000040
:10786000E1590000E1590000E1590000E159000030
:10787000E1590000E1590000E1590000E159000020
:10788000E1590000E1590000E1590000E159000010
:10789000E1590000E159000017590000E1590000CA
:1078A000E1590000E1590000E1590000E1590000F0
:1078B000E1590000E1590000E1590000E1590000E0
:1078C000E159000071600000E1590000856000008E
:1078D00000210791302A00F09A80002308932F2A74
:1078E000144640F2DD84002338461E461D4613E050
:1078F0000130082D1190C8BF03EB83030478C6BF85
:1079000002EB4302A2F13003A1F130062F2C05F166
:107910000105224640F3CC8006EB8601392C02EBB0
:107920004101E5DDB6490993012202F01DFF099BE3
:1079300000287DD111990A46013111915478002D0A
:1079400040F05185302C40F0FE840A46104601324A
:1079500011921478302CF9D0C1F101010844A4F13E
:107960003102082A39D8119F411CA4F130020A9132
:107970000125BE464FF0000C06EB860602EB4606DC
:1079800000200EF1010211929EF80140A4F1300195
:10799000092900F2BD82DDF844E001300A460029E1
:1079A000EFD00128D8BF05F1010B40F3508400EB64
:1079B000050B0BF1FF34099703E07E00AC4200F0A9
:1079C0004584082D06EB860705F10105F5DD102D30
:1079D000DCBF03EB83035B00F0E7652C40F0CD8256
:1079E00000220121CDE909129446089A024340F091
:1079F0009D829FED818BBAF1000F01D0CAF80090F3
:107A0000B0EE480B17B0BDEC0A8BBDE8F08F7A786A
:107A100002F0DF02582A00F0DC83013711973A7830
:107A2000302AFAD0002A00F06B820123089356E72F
:107A30000020CDE90900AC46652C48D0452C46D045
:107A40004FF0000B002D40F08F80089B034340F067
:107A50005782099B002BCCD1692C00F0498400F39C
:107A60004284492C00F044844E2CC2D1654911A8AF
:107A700005F00AF80028BCD0119B1B78282B00F0D9
:107A80005185614805F004F9B0EE408BBAF1000F62
:107A900002D0119BCAF80030079B002BB0D0B1EE8A
:107AA000488BB0EE480B17B0BDEC0A8BBDE8F08FE9
:107AB00053490993012202F057FE099B0028B7D1D0
:107AC000119A0A90511C11915478AC465EE7002D32
:107AD0008BD0DDF8449009F10102119299F8014030
:107AE0002B2C00F020822D2C00F0158200220B920E
:107AF000A4F1300BBBF1090F00F20582302C119A72
:107B00000AD1013211921478302CFAD0A4F131014B
:107B1000082995D8A4F1300B511C119154782F2CC1
:107B200040F3CF838E460C9208E0013111919EF80C
:107B300001402F2CA2F1300B06DD8E460BEB8B02A1
:107B4000392C04EB4202F0DD0C9A891A082940F323
:107B5000B88344F61F6B0B9A002A3FF473AFCBF146
:107B6000000B002D3FF471AF07EE906A0A9AB8EE51
:107B7000677BABEB0202BCF1000F08BFAC46102DD7
:107B800009922A46A8BF1022092D8DED047B0EDD37
:107B900006EE903A1D4B03EBC20313ED125B0F2D63
:107BA000B8EE666BA7EE056B8DED046B30DC099BC0
:107BB000002B00F0E882099B40F33782162B40F33C
:107BC00086830999C5F125038B4221DB0F4BC5F153
:107BD0000F054A1B03EBC50503EBC20395ED008BB4
:107BE00093ED007B9DED046B28EE068B28EE078B52
:107BF0004CE700BFAFF30080000000000000000071
:107C0000900D0020A00D0020800E0020E00200203A
:107C1000AB1A099A1344002B40F3B58113F00F01FE
:107C20000AD0C74A02EBC1029DED046B92ED007BC6
:107C300027EE067B8DED047B33F00F0240D0B2F5CA
:107C40009A7F00F36B83102A4FEA221340F3BB8420
:107C5000BC4C9DED047B00202246014613F0010F31
:107C600001F101014FEA630304D092ED006B0120A2
:107C700027EE067B012B02F10802EFD108B18DED52
:107C8000047B059BA3F15473059304EBC1049DEDA4
:107C9000046B94ED007BAC4B27EE067B17EE902A2D
:107CA000AA4913408B428DED047B00F23783A8492B
:107CB0008B4240F2E083A74C4FF0FF33CDE9043410
:107CC0000023089300962B4662463946404605F04D
:107CD00093F88146002800F021830A9BCDF83CA050
:107CE000A3EB0B0B099B002BB4BF5A4600224FF0AD
:107CF000000B23EAE3739FED8E9B0A920B935C4685
:107D0000BFE0991A1F29A5EB010500F301820122AA
:107D100002FA01F30C9300230D932F44089B554462
:107D2000AA4552461F44A8BF2A46BA42A8BF3A46AF
:107D3000002A03DDAD1ABF1AAAEB020A0A9B002B28
:107D400000F38C81002D00F3A281099B002B00F32E
:107D5000D581002F00F3C581BAF1000F08DD21465F
:107D60005246404605F032FA0446002800F0C2812F
:107D700012993246404605F0C3FA8346002800F0C7
:107D8000B9810023C568C360214605F097FA002831
:107D9000C0F29483059F00F02F832146584605F0DA
:107DA0005BFCB0EE007BB4EEC70BF1EE10FA00F214
:107DB0004C81002D40F0BC81049B002B40F03382AD
:107DC000C7F31303002B40F0E181B7EE007BB4EE64
:107DD000C70BF1EE10FA00F10A83B6EE00BB20EEFD
:107DE0000BBBB1EE4BAB5848DFF870C107EA00019E
:107DF000614553EC1A2B00F0A0810898E0B1B1F175
:107E0000D46F19D8B4EEC9BBF1EE10FA11D8BCEE9C
:107E1000CBBB1BEE103A012B38BF01230BEE103AFF
:107E2000B8EE4BBB002D40F08B82B1EE4B7B53EC98
:107E3000172B03F1D660431AB0EE480B43EC1A2B14
:107E40000C9105F019FBAAEE008B8DED048B18EE5A
:107E5000907A0C99089B23B93B4B3B40994200F028
:107E60009A811299404604F06DFF3146404604F075
:107E700069FF2146404604F065FF5946404604F03C
:107E800061FFD9F80410404604F036FF064600288A
:107E900000F03081D9F810200232920009F10C0173
:107EA0000C30FDF719FD9DED048B14AA13A9404673
:107EB000B0EE480B05F070FB1290002800F0F08047
:107EC0000121404605F044F80446002800F01281E4
:107ED000139A002AC0F200810A9B0B9F02EB030A4F
:107EE000089B149DD21A2A441B4B013A9A42C5F1B1
:107EF0003605FFF606AF01230022CDE90C320CE770
:107F00009FED0D8BC2E5CDF844904FF0000B99E545
:107F10000122099290E501220B9209F102021192CD
:107F200099F80240E4E500220B92F6E70025D0E53F
:107F30000000C0FFFFFFDF41000000000000000064
:107F4000E0020020D00300200000F07F0000A07CB1
:107F50000000907CFFFFEF7F02FCFFFF0000E07F4E
:107F600000220792791C11917A78002A3FF441ADE2
:107F70000F46AFE401220792F4E7452C3FF430AD01
:107F80000123099361E53FF49BAE5B4213F00F01BF
:107F90000AD0BD4A02EBC1029DED046B92ED007B5D
:107FA00086EE077B8DED047B1B113FF489AE1F2B02
:107FB00035DC13F0100218BF6A229DED047B089295
:107FC000B24A0021D80704D592ED006B012127EEBB
:107FD000067B5B1002F10802F4D109B18DED047B40
:107FE000089BA3B1DDE90401C1F30A52C2F16B039E
:107FF000002B0ADD1F2B40F3F0820020342B04906D
:1080000040F32B834FF05C7305936A2308939DED37
:10801000047BB5EE407BF1EE10FA7FF453AE2223E1
:108020009FED8F8BC8F8003030E51633FFF6F0ADCA
:108030000A9BA3EB0B0B944B03EBCB0393ED007B61
:108040009DED046B86EE078B20E5B6EE00BB20EEBF
:108050000BBB002D69D1B1EE4BABC4E621461A46ED
:10806000404605F059F80446002843D00146129ACC
:10807000404604F09BFF00283CD00E9012994046E9
:1080800004F060FE0E9A1292002D7FF75EAE1299F8
:108090002A46404605F09AF8129000287FF455AE23
:1080A000DDF83CA09FED708B2223C8F8003001461C
:1080B000404604F047FE3146404604F043FE214668
:1080C000404604F03FFE4946404604F03BFE594618
:1080D000404604F037FED9E40B9BDDF828A09F1A38
:1080E000FEE631463A46404605F070F8064600285E
:1080F0007FF432AEDDF83CA01298D3E731460B9AFC
:10810000404605F009F8064600287FF422AEF1E764
:10811000C2F17F4202F57F0202F57B420121E23289
:1081200001FA02F3CDE90C13F7E5B0EE4BAB5AE6DA
:10813000B7EE00ABB0EE4ABB55E6A7F1547305931A
:108140009DED04CBB0EE4C0B0C9105F095F9504829
:10815000A0EE0ACB1CEE907A4E4B0C993840984218
:108160008DED04CB6ED918EE902A03F154739A4228
:1081700003D118EE103A0133BCD0474B4FF0FF3219
:10818000CDE904236DE69DED048B7FE4BFEE00ABEB
:10819000B7EE00BB27E651EC1B0B06F0BFFF06F065
:1081A0008FFF049B41EC170B1D43C7F313073D439F
:1081B0003BEE477B27D19FED2E6BB4EEC67BF1EEF5
:1081C00010FA7FF54EAE9DED048BDDF83CA01298C1
:1081D0006DE70293079B019312AB00932F4A13ABF9
:1081E00011A9404601F026FF10F00F0504463FF4A8
:1081F00087AE062D40F0AA80013700239FED188B33
:108200001197079342E49FED1C6BB4EEC67BF1EE31
:1082100010FAD8D49FED1A6BB4EEC67BF1EE10FACB
:108220007FF71FAECFE7049B012BAFD1002FADD15D
:10823000DDF83CA0129B184622239FED098BC8F85D
:10824000003034E707F15477059703E6099F0A9C4D
:10825000082D04440A9468DC5D46FFF78DBB00BF1F
:108260000000000000000000000000000000F07F9F
:108270009535A094FFFFCF3F9535A094FFFFDF3FDA
:1082800035E5AF350000E03FE0020020A802002005
:108290000000F07FFFFF9F7CFFFFEF7F8002002048
:1082A000AF490122384602F05FFA002800F09280C0
:1082B00000231E4618460A931D4609939C46FFF765
:1082C000BDBB44F61F629345A8BF934643E4A54B4C
:1082D000099A03EBC20393ED008B9DED047B28EE1E
:1082E000078BFFF7D3BB6E2C3FF4C0ABFFF781BB0E
:1082F0009D4911A804F0C8FB00283FF47AAB119BFC
:108300009A49013B11A8119304F0BEFB10B9119BCF
:10831000013311939FED8E8BFFF7B8BB22239FEDA6
:108320008C8BC8F80030FFF7B1BBBBF1100FDCBF7E
:1083300003EB830301EB43035D460020FFF721BB02
:10834000B0EE4B7B73E50020FFF709BB129A3AB100
:10835000352114A805F0C6F91299404604F0F2FC44
:10836000013D139B042D00F2AA81DFE805F0032DE7
:108370002A1F0300149A049203F23342159B23F43C
:10838000801343EA02530593E40502D543F000430A
:108390000593774A1A409DED048B002A7FF476AB53
:1083A00002F0B2FA22230360FFF770BB4FF0FF32F6
:1083B0006FF00043CDE90423E3057FF5E4AE059BB0
:1083C000E4E76B4B0593F7E7DDE91412159BCDE964
:1083D0000412D9E711990A460131119154780646E1
:1083E0000346FFF7AFBAAC460A90FFF7CFBABEEE2E
:1083F00000ABB6EE00BBF6E4DDE90CC3DDF83CA053
:108400005C49C7F31302002D39D08A4200F0ED8099
:108410005BBB049B1CEA030F29D0B0EE480B05F0B0
:108420002BF8089B002B00F03181C7F30A53C3F1EE
:108430006B03002B40F32E81190501F17F530022BD
:1084400003F5401343EC172BA0EE078B9FED427B07
:10845000474B28EE078B18EE902A1340002B7FF431
:10846000B6AE2223C8F80030B1E63B42D5D1089B16
:10847000002BEBD1ABE602F15473059320E4002A04
:108480007CD1DDE904010246002840F0A080089B71
:10849000002B40F0EA80059B23F000473F0D3F058D
:1084A000A7F580176FEA17536FEA035305934FF050
:1084B000FF3304939DED048B1298F8E5DDE9041277
:1084C0000D43DDF83CA0D2D1C2F31303002BCED173
:1084D00022F000473F0D3F05B7F1D66F3D46C6D9A4
:1084E000DBF814301BB9DBF81030012BBFDD594627
:1084F0000122404604F06AFE2146834604F0DEFE77
:108500000028B4DD089B002BCAD0A5F580156FEAC2
:1085100015536FEA035305934FF0FF3304939DED1A
:10852000048B93E7144911A814AA04F0C9FA05288A
:108530007FF4A7AA159B43F0FF4343F4E0030593A0
:10854000149B04939DED048BFFF7A0BAAFF300805A
:10855000000000000000F07F000000000000503923
:10856000900D0020E0020020940D0020980D0020C6
:108570000000F07FFFFF0F0094020020002B4DD180
:10858000049B1CEA030F3FF472AFB0EE480B04F0FB
:1085900073FF089B002B48D0C7F30A53C3F16B034A
:1085A000002B7ADD1B0503F17F51002001F54011FE
:1085B00041EC170BA0EE478BB5EE408BF1EE10FAB5
:1085C0007FF444AF36E6444C0021FFF75ABB2BBB87
:1085D00012EA0C0F3FF44BAFD7E74FF0FF3202FA2D
:1085E00003F3049A1A4004920FE5089A0499CAB159
:1085F0003A4A3A40B2F1D46F14D8120DC2F16B026C
:108600004FF0FF3000FA02F2914219D0002B7FF4B4
:108610002CAF11EA0C0F3FF42AAFFEE63B423FF4C9
:1086200026AFB2E74FF0FF32EEE7129B38EE408BF9
:10863000B5EE408BF1EE10FA18467FF438ADFAE54E
:10864000274B9F4232D0254B3B4003F580130593C7
:10865000002304939DED048B09E7C2F14B024FF018
:10866000FF3393400B400593CFE41C4D3D40B5F1E3
:10867000D66F3FF64AAFB5F15C7F3FF6E7AE2223F7
:108680009FED118B1298C8F8003010E5129838EE63
:10869000008B0CE538EE008BD8E638EE408BB5EE5B
:1086A000408BF1EE10FA7FF4D1AEC3E50131CAD1AF
:1086B00022239FED078B1298C8F80030F7E40023BF
:1086C00062E600BFAFF30080000000000000000081
:1086D000000000000000F07FD00300200000F07FC9
:1086E000FFFFEF7F014BFFF77FB800BFCC1A0020E0
:1086F00010B4054C8446134620685DF8044B0A46C6
:108700006146FFF771B800BF9015002010B4054C0A
:10871000054B84460A4620685DF8044B6146FFF726
:1087200063B800BF90150020CC1A002010B51C4C77
:108730008446134620680A466146FFF755F8B4EEB2
:10874000400BF1EE10FAB0EE407B17D6B7EEC00B3F
:10875000DFED146AB0EEC06AB4EE666AF1EE10FAAC
:108760000BDDB0EEC77B9FED0C6BB4EE467BF1EEFC
:1087700010FA02DC236822221A6010BD17EE903A2C
:10878000002B094804DA04F08BFAB1EE400A10BD60
:10879000BDE8104004F084BAFFFFFFFFFFFFEF7F4A
:1087A00090150020FFFF7F7F800E002010B5224C27
:1087B000224B84460A4620686146FFF715F8B4EE5E
:1087C000400BF1EE10FAB0EE407B23D6B7EEC00BB3
:1087D000DFED1B6AB0EEC06AB4EE666AF1EE10FA25
:1087E0000CDDB0EEC75B9FED126BB4EE465BF1EEB5
:1087F00010FA03DC236822221A6010BD10EE103A32
:1088000013F0FF4FF9D10F4B17EE902A1340002BB6
:10881000F0D110BD17EE903A002B0B4804DA04F0AB
:108820003FFAB1EE400A10BDBDE8104004F038BA7E
:10883000FFFFFFFFFFFFEF7F90150020CC1A002005
:10884000FFFF7F7F0000F07F800E002011F0FF010E
:10885000034600F0030239D08ABB026810B501EB71
:10886000012E0EEB0E4E8EEA0204A2F1013323EA32
:108870000203A4F1013222EA0402134313F0803F01
:108880000FD150F8044F84EA0E0CA4F10133ACF17F
:10889000013223EA040322EA0C02134313F0803F5F
:1088A000EFD0037823B936E010F8013F002B32D027
:1088B0009942F9D110BD8A4228D09A0729D01A7856
:1088C00018460133002AF6D110467047CAB902682B
:1088D000A2F1013323EA020313F0803F08D150F8DC
:1088E000042FA2F1013323EA020313F0803FF6D0F4
:1088F00003785BB110F8013F002BFBD1704799075B
:1089000005D0184613F8012B002AF8D170471846F5
:10891000DDE71846A1E7184610BD00BF00000000C3
:108920002DE9F04F2DED048BB9B00C460591924620
:108930000993089004F056FF03680D931846FEF75C
:1089400017FEA3890C90190603D52369002B00F0AC
:10895000898600239FEDA68BCDE91C33CDE90E332C
:1089600028AA0B931B9291460693D3469BF800309E
:10897000002B00F04E815D4604E015F8013F002B0E
:1089800000F02281252BF8D1B5EB0B0440F01F81BC
:108990002B78002B00F03D814FF000038DF84F3015
:1089A0004FF000084FF0FF336C78049305F1010B92
:1089B000C2460BF1010BA4F12003582B00F23881C1
:1089C000DFE813F09302360136018E0236013601DC
:1089D000360136013601360158028802360162023C
:1089E00067023601830259005900590059005900A5
:1089F0005900590059005900360136013601360137
:108A00003601360136013601360136016800AF0104
:108A10003601AF013601360136013601BE0236019C
:108A20003601980036013601360136013601F10073
:108A30003601360127063601360136013601360188
:108A400036013601360136013601B0026A00AF0147
:108A5000AF01AF01AB026A00360136019E0236015A
:108A6000FA029A00EA02E5023601C3023601F30077
:108A7000360136014806A4F130034FF000081BF818
:108A8000014B08EB880803EB4808A4F13003092BDD
:108A9000F5D990E74AF0100A1AF0200F00F0B781DC
:108AA000099B073323F007031A46596852F8083B1D
:108AB00009920A460029C0F2D78104999DF84F60B7
:108AC000002908DB2AF08001029153EA020100F03C
:108AD000E783DDF808A00A2B72F1000180F04486DC
:108AE00030338DF89F300123CDF808A007930DF1A6
:108AF0009F0542E04AF0100A1AF0200200F0A0811F
:108B0000099B073323F0070319465A6851F8083BBD
:108B100009910021002604988DF84F60002808DB99
:108B20002AF08000029053EA020000F0BA83DDF8D8
:108B300008A00129CFD0022900F0358328AD03F029
:108B40000701DB0843EA4273D208303153EA0207D7
:108B5000284605F8011DF2D11AF0010F00F031830B
:108B6000302900F02E833023023805F8013C28AB71
:108B70001B1ACDF808A007930546049B079A934259
:108B8000B8BF1346039300230A9316B1039B013326
:108B90000393029B13F0020A5BD0039B02330393FF
:108BA0004FF0020A55E04AF0100A1AF0200200F0D5
:108BB0003D81099B073323F0070319465A6851F892
:108BC000083B09910121A5E7B5EB0B0421D01D9BC2
:108BD00023441D931C9B0133072BC9E900B41C934C
:108BE0000EDC09F10809069B23440693D0E600BF7A
:108BF0000000000000000000FFFFFFFFFFFFEF7F0D
:108C0000059908981BAA03F001FF30B90DF1A009DE
:108C1000E9E71D9B002B40F01C87059B9B895B06A9
:108C200000F1EB87069839B0BDEC048BBDE8F08FFE
:108C3000002CEED000238DF84F3001238DF87840C2
:108C4000039307931EAD0023CDF808A004930A9365
:108C50009A46029B1D9A13F0840305D10399A8EB51
:108C60000106002E00F32F839DF84F1089B11C9947
:108C70000DF14F0001310132C9F8000007294FF012
:108C800001001D921C91C9F8040000F3578309F1FB
:108C90000809BAF1000F10D01C9914A80131023252
:108CA000C9F8000007294FF002001D921C91C9F875
:108CB000040000F3518309F10809802B00F0E381DF
:108CC000049B07995E1A002E00F32482029BDE05A6
:108CD00000F18081079BC9F804301A441C9BC9F835
:108CE00000500133072B1D921C9300F3848209F17D
:108CF0000809029B590705D5039BA8EB0304002C28
:108D000000F33883069B03998845ACBF43445B1846
:108D10000693002A40F05B8200231C930DF1A0090A
:108D200024E6099B073323F00703B3EC028B1FED06
:108D30004E7BB0EEC86BB4EE476BF1EE10FA0993C0
:108D400000F34484B4EE488BF1EE10FA80F15A87B8
:108D5000049B5A1C24F0200600F0EF86472E03D116
:108D6000002B08BF012304934AF48073029318EE8A
:108D7000903A002BC0F21A86B0EE489B0023109365
:108D8000652C00F0EF8600F32486452C00F0EA867F
:108D9000B0EE490B19AB019316AB0093049A0898F7
:108DA00015AB022102F02EF91AF0010F054600F072
:108DB0009784049BC118B5EE409BF1EE10FA00F0C9
:108DC0002686199B8B4206D230205A1C19921870A5
:108DD000199B9942F9D8159A0A925B1B472E0B935F
:108DE00000F08384662C40F085840A99049A0AF086
:108DF0000103002943EA020340F35C86002B40F0A4
:108E000025870A9B03930793662400F018BE099AEE
:108E10001AF0100F52F8043B099220D11AF0400FBB
:108E20001DD043F3C03211461BB243E6099951F8F5
:108E3000043B09911AF0100100F0C083012169E69A
:108E4000099951F8043B09911AF010017FF461AEC1
:108E50001AF040023FF45DAE0A469BB259E6DA17BB
:108E600011460029BFF629AE5B4262EB42022D2675
:108E7000012150E6099B53F8048BB8F1000F80F2F2
:108E80009583C8F1000809939BF800404AF0040A52
:108E90008FE5594611F8014B2A2C00F0F486A4F115
:108EA0003003092B98BF002200F2578611F8014BBE
:108EB00002EB820203EB4202A4F13003092BF5D945
:108EC00042EAE27304938B4675E59BF800404AF052
:108ED000800A6EE52B239BF800408DF84F3068E543
:108EE0009BF800404AF0010A63E59DF84F309BF87B
:108EF0000040002B7FF45DAD20238DF84F3058E506
:108F00009BF800406C2C03BF9BF801404AF0200AFC
:108F10000BF1010B4AF0100A4BE59BF800404AF0B8
:108F2000400A46E5099B00228DF84F2053F8042B98
:108F3000099301238DF87820039307931EAD82E6F1
:108F40009BF800404AF0080A33E5099E049B56F856
:108F5000045B00278DF84F70002D00F0B584002BC6
:108F6000C0F2B4831A463946284604F049FC00286A
:108F700000F0E785431B079323EAE3730996049700
:108F80009DF84F60CDF808A003930A97FDE59BF884
:108F900000404AF0200A0CE5099A52F8043B099275
:108FA00047F63002ADF85020BA4A0E924AF0020A53
:108FB000002202217824ADE51AF0200F00F01E8374
:108FC000099B069A1B681A60D2175A60099B0433E2
:108FD0000993CBE4652C40F31A81B5EE408BF1EE9A
:108FE00010FA40F0FF811C9BAB49C9F80010013317
:108FF00001320121072B1D921C93C9F8041000F3C4
:109000002E8409F10809159B0B998B4203DB029B07
:10901000DD077FF56EAE0C9B0D991A44C9E900136C
:109020001C9B1D920133072B1C9300F3328409F122
:1090300008090B9B5C1E002C7FF75BAE102C1C9B61
:10904000964F40F3CD80089EDDF814A0102505E072
:1090500009F10809103C102C40F3C2800133103292
:10906000072BC9E90075CDE91C32F1DD1BAA514679
:10907000304603F0CBFC00287FF4CFADDDE91C3295
:109080000DF1A009E6E7039BA8EB0306002E7FF78E
:1090900017AE102E1C9B814F29DD10944846089C6A
:1090A000C1464FF0100AA8461946059D04E0103E3F
:1090B000102E00F1080015DD013110320729C0E93A
:1090C000007ACDE91C12F2DD1BAA2946204603F0E6
:1090D0009DFC00287FF4A1AD103E102EDDE91C128E
:1090E00028A8E9DC109C45460B46C846814601335A
:1090F0003244072BCDE91C32C9F80070C9F804606E
:1091000000F3BA83049B07995E1A002E09F108093F
:109110007FF7DCAD102E1C9B604F2BDD48464FF0D7
:10912000100AB94619462F4635462646089C04E0E3
:10913000103D102D00F1080016DD0131574B1032A3
:109140000729C0E9003ACDE91C12F1DD05991BAAF7
:10915000204603F05BFC00287FF45FAD103D102D2E
:10916000DDE91C1228A8E8DC34460B462E463D46B5
:109170004F46814601333244072BCDE91C32C9F8F2
:109180000070C9F8046000F3E78109F108099DE562
:109190000129DDF808A04FF000033FF4A1AC02293B
:1091A0001A467FF4CBAC0E9828AD03F00F011B09D3
:1091B000415C05F8011D43EA0273120953EA0201FA
:1091C000F3D128AB5B1BCDF808A00793D5E4059934
:1091D00008981BAA03F01AFC00283FF49DAD1CE57B
:1091E000C9F800702244C9F804400133072BCDE9C7
:1091F0001C327FF77CAD059908981BAA03F006FC8A
:1092000000287FF40AAD1D9A0DF1A00971E50B98B5
:109210001C9B012802F1010203F1010309F108017D
:1092200040F35A810120072BCDE91C32C9F80050C8
:10923000C9F8040000F39D810C980D9C0133024491
:10924000072BC1E90040CDE91C3200F39E810831B3
:109250000B98B5EE408BF1EE10FA00F1FF3600F0FE
:109260005581013301353244072BCDE91C320D60A5
:109270004E6000F33F8108310F984860013302448B
:10928000072B17A8CDE91C320860B4DC01F10809EE
:109290002FE500BFD40D0020B006002008040020F8
:1092A0000121049B002B7FF473AF002940F00F8154
:1092B0001AF00103079300F07E8130238DF89F3070
:1092C0000DF19F0559E4102E1C99B64F28DDCDE90C
:1092D00010344846089CC146A846059D04E0103E4F
:1092E000102E00F1080016DD01311032102307297D
:1092F000CDE91C1207604360F1DD1BAA2946204618
:1093000003F084FB00287FF488AC103E102EDDE9CA
:109310001C1228A8E8DCDDE910344546C846814621
:10932000013132440729CDE91C12C9F80070C9F88F
:10933000046000F3518209F1080995E40599089841
:1093400010931BAA03F062FB00287FF466AC1D9A01
:10935000109B0DF1A0099CE40599089810931BAA95
:1093600003F054FB00287FF458AC1D9A109B0DF1BC
:10937000A009A2E4102C1C9B8A4F20DD089EDDF87A
:1093800014A0102504E0103C102C09F1080916DD8A
:1093900001331032072BC9E90075CDE91C32F2DD2B
:1093A0001BAA5146304603F031FB00287FF435AC50
:1093B000103C102CDDE91C320DF1A009E8DC013372
:1093C0002244072BC9E90074CDE91C327FF79AAC1F
:1093D000059908981BAA03F019FB00287FF41DAC1F
:1093E0001D9A8FE41599002940F30582DDE90A638F
:1093F0009E42A8BF1E46002E0BDD1C9B013332444B
:10940000072BC9E900561D921C9300F37B8309F1D9
:1094100008090A9C002EA8BFA41B002C00F3318170
:10942000159B0B998B4280F218810C990D980A4478
:10943000C9E900011C991D92013107291C9100F313
:10944000A88209F108090B990A98CB1A0C1A9C42B8
:10945000A8BF1C46002C0EDD1C99C9F80440013140
:10946000054422440729C9F800501D921C9100F3BD
:10947000558309F10809002CACBF1D1B1D46002DAA
:109480007FF737AC102D1C9B474F40F37C82089E22
:10949000DDF814A0102405E009F10809103D102D95
:1094A00040F3718201331032072BC9E90074CDE912
:1094B0001C32F1DD1BAA5146304603F0A7FA002802
:1094C0007FF4ABABDDE91C320DF1A009E6E7049BAC
:1094D000079328ADFFF751BB0298C0073FF5A2AE36
:1094E0000120072BCDE91C32C9F80050C9F804004F
:1094F0007FF7C2AE059908981BAA03F087FA0028E7
:109500007FF48BABDDE91C3228A9B5E60B98012866
:109510007FF7B2AE1128244F40F3DF81089DDDF8BC
:109520001490102404E00831103E102E40F3D58131
:1095300001331032072BC1E90074CDE91C32F2DD92
:109540001BAA4946284603F061FA00287FF465AB60
:10955000DDE91C3228A9E7E7059908981BAA03F062
:1095600055FA00287FF459AB1D9A0DF1A009FFF7B9
:10957000ADBB059908981BAA03F048FA00287FF4B0
:109580004CABDDE91C3228A956E6059908981BAAC0
:1095900003F03CFA00287FF440ABDDE91C3228A937
:1095A00056E600BFF8030020080400209BF80040A6
:1095B0000993FFF7FEB928ADFFF7DFBA1AF04002B2
:1095C0001CBF0A469BB20121FFF7A4BAB5EEC08BBF
:1095D000F1EE10FA00F1D3819DF84F60B34D2AF0FF
:1095E00080030293B24B0022472CD8BF1D460323B1
:1095F000CDE9033207930A92FFF7C7BA1AF0100FAA
:1096000069D11AF0400F66D0099B069A1B681A8030
:10961000DCE4A84B0E931AF0200200F09780099B1F
:10962000073323F0070319465A6851F8083B09919C
:109630001AF0010F00F0878053EA020100F08380E6
:1096400030218DF850108DF851404AF0020A022165
:10965000FFF760BA984B0E93DDE70299CC077FF5D0
:10966000F2AEE2E60898402101F08AF9059B186005
:109670001861002800F0BE82059A40235361FFF76D
:1096800068B9102C1C9B8D4F40F36B814946DDF867
:1096900020A0A9461026059D04E00831103C102C9E
:1096A00040F35D8101331032072BC1E90076CDE92B
:1096B0001C32F2DD1BAA2946504603F0A7F9002808
:1096C0007FF4ABAADDE91C3228A9E7E72846FDF7BD
:1096D0004FFF03464FE4099B069A1B681A6075E426
:1096E000199B1B1A0B93159B0A930A9BDF1C80F294
:1096F0009381023C0A9B8DF85C40591E002915910C
:10970000B6BFC3F101012B232D2309298DF85D304C
:1097100000F3A681302330318DF85E3004238DF8BC
:109720005F100F930B9A0F9B012A1344079340F38A
:109730001D82079B0C9A1344079323EAE373039358
:1097400000230A937BE10221FFF7E4B9099951F85C
:10975000043B09911AF010017FF46AAF1AF040023D
:109760001CBF9BB20A4663E7554F029428AD991877
:1097700041F10001A7FB010424F0030000EB940079
:10978000091A581A9E46944662F100034FF0CC32F3
:1097900002FB00F207FB0322A0FB0730024403F0A8
:1097A00001040520A4FB00044018BEF10A0F4FEA93
:1097B000530300F130007CF1000C43EAC27305F85A
:1097C000010D4FEA5202D2D228AB5B1B029C0793D9
:1097D000CDF808A0FFF7D1B90599089810931BAAF6
:1097E00003F014F900287FF418AA1D9A109B0DF1BC
:1097F000A009FFF739BA1C9B3248C9F800000133B1
:1098000001320120072B1D921C93C9F8040000F3BC
:10981000D38009F10809002969D1029B0B9903F053
:1098200001030B433FF465AA0C9B0D991A44C9E947
:1098300000131C9B1D920133072B1C9300F34281E4
:1098400009F108090B99C9F8005001330A44072BA4
:10985000CDE91C32C9F804107FF749AACBE4059979
:1098600008981BAA03F0D2F800287FF4D6A91D9A05
:109870000DF1A009FFF7C7BB059908981BAA03F0D3
:10988000C5F800287FF4C9A91D9A0DF1A009FFF7BA
:1098900017BA059908981BAA03F0B8F800287FF4B6
:1098A000BCA91D9A0DF1A009FFF7C3BBB40D0020A0
:1098B000B00D0020C00D0020D40D002008040020B1
:1098C000CDCCCCCCB0060020062B28BF0623AC4D57
:1098D000079309960393FFF7B6B901333244072B78
:1098E000CDE91C320F604E607FF7C5AC02E60C9BE1
:1098F0000D981A44C9E900031C9B1D920133072BE4
:109900001C9300F3DF8009F1080900299ADA4C4220
:1099100010319C4F80F23E81384649462F46DDF893
:1099200020A0DDF814901026054604E00831103C14
:10993000102C40F32B8101331032072BC1E9005664
:10994000CDE91C32F2DD1BAA4946504603F05EF811
:1099500000287FF462A9DDE91C3228A9E7E74D461B
:10996000894601332244072BCDE91C32C9F8007027
:10997000C9F8044000F3B48009F1080950E52D2628
:109980008DF84F602AE6C9F800702A44C9F80450DF
:109990002BE4059908981BAA03F038F800287FF4F7
:1099A0003CA9159B1D9A0DF1A0094CE52D231093A0
:1099B000B1EE489BFFF7E4B9059908981BAA03F09C
:1099C00025F800287FF429A915991D9A0DF1A00901
:1099D00021E7662C7FF4DCA9049F032119AB0193D6
:1099E00016AB00930898B0EE490B15AB3A4601F060
:1099F00009FB662C054600EB07017FF4DCA92B78F8
:109A0000302B00F0EB80159F3944FFF7D4B9159A3D
:109A10000A920B46FFF7E1B9049A9A42FFF669AE43
:109A2000DDE90A23934200F3CD801AF0010F0A9B6F
:109A300040F0048123EAE372039207936724109BAA
:109A4000002B59D02D238DF84F3000230493FFF7BE
:109A50009DB8059908981BAA02F0D8FFFFF7DDB85A
:109A60000DF16B06484F33461846A7FB0123DB0870
:109A700003EB8302A1EB4202303200F8012C0A46CC
:109A8000632A194600F1FF33EEDC303103F8011C84
:109A9000831EB34280F0F4800DF15D0213F8011BC8
:109AA00002F8011FB342F9D138AB181AA0F17103C3
:109AB0000F9337E6002B40F0D980012303936624EF
:109AC0000793BCE7059908981BAA02F09FFF00289E
:109AD0007FF4A3A8DDE91C3215990DF1A00914E764
:109AE000059908981BAA02F091FF00287FF495A819
:109AF0001D9A0DF1A00993E4109B9DF84F6004930B
:109B0000FFF743B8059908981BAA02F07FFF0028C9
:109B10007FF483A81D9A0DF1A0097AE405990898AD
:109B20001BAA02F073FF00287FF477A80B9A159BFD
:109B30000DF1A009D31A1D9A9DE406230493FFF7A3
:109B400013B9049B0996CDF808A09DF84F600393C4
:109B5000079304900A90FFF718B800238B460493EC
:109B6000FEF729BF049B02215F1C37E71AF00102B0
:109B70000A927FF4DEAD23EAE37303935FE700BF4D
:109B8000E80D002008040020CDCCCCCC8946294625
:109B90003D460F4601332244072BCDE91C32C9F85C
:109BA0000070C9F804407FF74BAE059908981BAACE
:109BB00002F02CFF00287FF430A8DDE91C320DF103
:109BC000A0093FE6DDE90B3213440A9A0793002A05
:109BD00029DD23EAE3730393672430E7B5EE409B66
:109BE000F1EE10FA3CD1159B0A9319444B1B0B93D1
:109BF000FFF7FBB8089A0C2313604FF0FF3306936E
:109C0000FFF710B818EE903A002BB8BF2D262AF0B7
:109C100080030293A8BF9DF84F60214D214BB8BF30
:109C20008DF84F60DFE40A9B079AC3F101031A44E1
:109C300022EAE27307920393672400E70C9A134425
:109C4000079323EAE37303936724F8E613460C9A19
:109C500013440B44079323EAE37303936624EEE66D
:109C6000C7F1010715973944FFF7A5B80C9B049A73
:109C700001331A4422EAE273079203936624DEE674
:109C800002230F934EE5099B9BF8014053F8042BE8
:109C9000099342EAE2728B460492FEF78ABE00BF45
:109CA000BC0D0020B80D00200000000000000000E6
:109CB00002780B78012A28BF9A4240F0D8806DE9DB
:109CC000044540EA0104CDE902676FF0000C4FEA59
:109CD00044721AB380EA010414F0070F6BD100F04C
:109CE000070420F0070004F0030521F007014FEA04
:109CF000C505F0E8042314F0040FF1E804670CFA3A
:109D000005F462EA040266EA04060BD063EA04037F
:109D1000624667EA0407664604E000BFF0E80423F1
:109D2000F1E8046782FA4CF582EA0604A4FA8CF49E
:109D30006CBB83FA4CF583EA0705A5FA8CF595B957
:109D400050E9022351E9026782FA4CF582EA0604DF
:109D5000A4FA8CF483FA4CF583EA0705A5FA8CF58E
:109D60002543DBD09CB92DBAB5FA85F424F007045D
:109D700027FA04F1DDE9026723FA04F303F0FF0098
:109D800001F0FF01FDE80445A0EB0100704724BA93
:109D9000B4FA84F424F0070426FA04F1DDE902673A
:109DA00022FA04F202F0FF0001F0FF01FDE8044591
:109DB000A0EB0100704714F0030F3CD110F0030436
:109DC00028D150F8082B51F8083B82FA4CF582EA6A
:109DD0000305A5FA8CF55DB950F8042C51F8043C44
:109DE00082FA4CF582EA0305A5FA8CF5002DE8D03D
:109DF0002DBAB5FA85F424F0070423FA04F122FA07
:109E000004F202F0FF0001F0FF01FDE80445A0EBC1
:109E1000010070474FEAC40420F0030050F8082BFB
:109E200021F0030151F8083B0CFA04F462EA040241
:109E300063EA0403C9E710F003041DD0A1EB040199
:109E400020F00300E40750F8042B06D012D28B78E0
:109E50005FFAA2F4E41A06D12BB1CB785FFAB2F420
:109E6000E41A00D133B920465DF8104B7047A2EBDD
:109E70000300704701F1040150F8042BCC0721F0D6
:109E8000030151F8043B48D824D222F07F4482FADF
:109E90004CF594EA1325A5FA8CF50AD165B951F869
:109EA000043B84EA0204B4EB036F0ED150F8042B98
:109EB000EBE74FEA132355E035F07F454DD10878A5
:109EC000FDE80445C0F1000070474FEA126203F05C
:109ED000FF0347E002EA1C4482FA4CF594EA13457A
:109EE000A5FA8CF50AD165B951F8043B84EA02045D
:109EF000B4EB034F0CD150F8042BEBE74FEA1343BC
:109F000030E015EA1C4528D10B884FEA124229E0BF
:109F10004FEA124203EA1C4324E002F0FF0482FAF3
:109F20004CF594EA1365A5FA8CF50AD165B951F898
:109F3000043B84EA0204B4EB032F09D150F8042B4C
:109F4000EBE74FEA13630DE015F0FF0F05D10B6847
:109F50004FEA122223F07F4304E04FF00000FDE8B7
:109F60000445704712BA1BBA82FA4CF482EA030421
:109F7000A4FA8CF5B5FA85F402FA04F203FA04F3B4
:109F80004FEA1260FDE80445A0EB1360704700BF84
:109F90002DE9F0410469B4EB611F05DC0023036186
:109FA00000234361BDE8F08100F114054E1111F06A
:109FB0001F0C05EB840E05EB860321D055F8261007
:109FC00004339E4521FA0CF1CCF120082DD92F46FF
:109FD0001A6802FA08F20A4347F8042B53F8041BE4
:109FE0009E4521FA0CF1F3D8A31B9B00053B9B086F
:109FF000013305EB830445F8231079B104340DE0F7
:10A000009E4588BF00F11002C8D953F8041B42F8DE
:10A01000041F9E45F9D8A41B05EB8404631B9B1009
:10A02000AC420361BCD0BDE8F08141610029B5D0EC
:10A030002C46E3E72DE9F04F0F6885B0CDE900200D
:10A04000BA780393302A894640F0EC81FB1C1A78D9
:10A05000302A1C4603F10103F9D0E71B023FDFF869
:10A06000008318F80230002B00F0EE80237818F8F7
:10A0700003304FF0000A5546002B00F06D81264654
:10A0800016F8013F18F80330002BF9D1B34901222B
:10A09000304600F069FB834600284CD03278002D12
:10A0A00000F0A181AB1B4FEA830B02F0DF02502AC4
:10A0B00035464CD0C9F80060BAF1000F74D12A1BA4
:10A0C000013A072A514604DD5210072A01F1010125
:10A0D000FADC019802F010FE8246002800F05F8250
:10A0E00000F11406A542029666D90027B9460DE094
:10A0F000202F1AD03A4604372B7818F8033003F093
:10A100000F03934049EA0309A54258D015F8013DD1
:10A110002E2BEDD1A542EBD390490122284600F029
:10A1200023FB0028F0D0202FE4D1002246F8049B26
:10A1300004279146E0E7002D00F06581327802F0B7
:10A14000DF02AB1B502A4FEA830B3546B2D16A7847
:10A150002B2A00F046812D2A40F0D3800120AA78D6
:10A1600018F802104A1E182A05F1020600F2D380E0
:10A17000727818F80220103901365AB90CE001EB58
:10A18000810116F8013F02EB4102A2F1100118F81B
:10A1900003200AB1192AF2DD00B149428B44C9F803
:10A1A0000060BAF1000F8AD0002F0CBF06250025F1
:10A1B000284605B0BDE8F08F029E4FF0000946F832
:10A1C000049B029BF61AB610CAF81060484602F0CB
:10A1D0006DFE009B76011C68361AA64274DCC0F244
:10A1E00004810027009B9A685A45C0F23B81009B7E
:10A1F0005A685A454BDDA2EB0B0B5C4500F38D8092
:10A20000DB68022B00F0DD80032B00F04A81012B7C
:10A2100040F0DB805C4540F0D880012C08D0611E06
:10A22000504603F08DFA002800F0CF80009B5A685A
:10A2300003990A60029A0123CAF8103013600E9B3A
:10A240006225C3F800A0B3E744490122204600F08C
:10A250008BFA8246002840F08580637818F8032046
:10A26000651C002A00F08080302B2C4640F02481B1
:10A2700014F8013F302BFBD018F80330B3FA83FAFF
:10A2800001274FEA5A1A002B7FF4F9AE64E001254A
:10A2900087B1009BDA68022A6ED0032A70D0012AA7
:10A2A00006D1B90704D5029B1A681743FA076AD486
:10A2B00045F010050E9BC3F800A0039B2846C3F889
:10A2C00000B005B0BDE8F08F361B3146504603F0B4
:10A2D00037FA074678B1711E4A11029B012753F8DD
:10A2E000220001F01F0207FA02F2024203D0B94233
:10A2F00000F3C980022731465046FFF749FEB344B8
:10A3000070E718F802104A1E182A05F101064FF0EE
:10A3100000007FF62DAF2E46CCE60BF1FF36002F66
:10A3200040F0A980002E40F0A8807311029A06F038
:10A330001F0652F823200123B340134259465046CA
:10A3400018BF47F00207FFF723FE009BA4EB0B04A6
:10A350000225D3F804B09BE7264697E6900D00202F
:10A36000180400202378254603F0DF03502B00F06B
:10A370009380C9F8005017E70F9BC3F101030F93B7
:10A380000F9B002B94D0DAF81070029A4FEA8709DD
:10A39000904602EB8706002003E0964242F8040C48
:10A3A00043D9944652F8041B4B1CF6D00131022DC0
:10A3B000CCF8001079D014F01F0440F0A5802125BE
:10A3C00078E70F9B002B3FF433AF0198514602F022
:10A3D000B9FC50250E9A00232846136005B0BDE84D
:10A3E000F08F0020BBE6AB465FE6A61B5146019806
:10A3F000324602F0EBFE00F11403ABEB060B824693
:10A4000002930027EEE6727818F80210751C2E46AB
:10A4100000293FF44AAE16F8012F18F80230002B3D
:10A42000F9D13FE6BC1C002719E6DAF8082097426C
:10A4300044DA0AEB87017A1C0120022DCAF81020A9
:10A44000DDF80880486130D0002A6ADC0022CAF8B2
:10A4500010200022CAF81420009B9A680BF1010B0F
:10A460005A45ACDA0198514602F06CFC0E9A002372
:10A47000A32513609CE6012757E73146504603F0B9
:10A480005FF9074651E7B11E504603F059F900281D
:10A490003FF430AF03272EE74FF0000B4FF0010AD7
:10A4A00055E60F9B002B90D0C2E6009B1A68013A3C
:10A4B000A24260D02225FDE60127E0E5DAF804108B
:10A4C0000198013102F018FC064600286DD0DAF838
:10A4D0001020023292000AF10C010C30FBF7FCF95B
:10A4E0005146019802F02EFC3269012006EB8201F0
:10A4F000022D0244326106F114084861B246D4D0FC
:10A500009742BFF658AF9FE7C144C4F1200459F801
:10A51000040C02F0CBFCA042BFF651AFDAF81020D9
:10A5200092E708EB82040AF11800DAF8142084425A
:10A530004FEA52022BD94546036842EAC37245F8F6
:10A54000042B50F8042B84424FEA5202F4D8A4EBB7
:10A550000A0119398908013148F8212008EB8101E5
:10A5600002B10431A1EB080292104145CAF8102053
:10A570007FF472AF6DE7621104F01F0458F82210E7
:10A580000122A2400A4214BF2125222592E6C8F8E2
:10A5900000200AB14146E4E7CAF8102059E7064B0B
:10A5A00006485246E42102F081FB034B0348324641
:10A5B000842102F07BFB00BFF00D0020040E002080
:10A5C0002DE9F047074649480E46354616F801EB97
:10A5D00010F80EC01CF0080CF7D1BEF12D0F5AD0A8
:10A5E000BEF12B0F03BF96F800E06446AE1C644634
:10A5F0004BB9BEF1300F5CD00A23DFF8F4804FF086
:10A60000050A99460AE0102B4AD04FF0FF38B8FBF4
:10A61000F3F803FB08FA6FEA0A0A99460025284670
:10A6200005E02CD009FB00C0012516F801EBAEF1C6
:10A63000300CBCF1090F06D9AEF1410CBCF1190F79
:10A640000BD8AEF1370C634510DDB5F1FF3FECD010
:10A650004045E6D94FF0FF35E7E7AEF1610CBCF1BC
:10A66000190F03D8AEF1570C6345EEDC6B1C0BD011
:10A6700004B140420AB165B91160BDE8F087D44524
:10A68000D0DD4FF0FF35D0E722233B602846002A7B
:10A69000F3D0711EF0E796F800E00124AE1CA7E7A6
:10A6A000BEF1300F11D04FF00F0A6FF0704899468D
:10A6B000B4E7337803F0DF03582B0BD008234FF0B7
:10A6C000070A6FF060489946A8E7307800F0DF008D
:10A6D0005828E8D14FF0100996F801E04FF00F0A22
:10A6E00002366FF070484B4698E700BF190500200E
:10A6F0009999991964E700BF10B4044C8446134635
:10A7000020685DF8044B0A46614659E79015002021
:10A7100010B4044C8446134620685DF8044B0A4686
:10A7200061464DE79015002010B4034CD4F8E44086
:10A73000A4465DF8044B6047CC1A002082B049B1B2
:10A740005AB16BB113780B601278101E18BF01203C
:10A7500002B0704701A9002AF3D1104602B0704739
:10A760006FF00100F4E700BF002A3ED030B5844608
:10A770000446084380070B462ED1032A07D82BE056
:10A78000043A25D01EF0803F22D1032A22D9206826
:10A79000194653F8045BA0F1013EA842A4462EEAF4
:10A7A000000E04F10404EBD09CF800000C78844205
:10A7B0001DD1E64668B11EF8010F11F8014FA2EB5A
:10A7C0000E03A04203F1FF3311D11CEB0303F1D1BF
:10A7D000002030BDA44619469CF800000C78A04229
:10A7E00005D1012AF4D0E646E4E710467047001B85
:10A7F00030BD00BF034B1B5C03F00303012B08BFFC
:10A80000203070471905002088420ED98B188342EA
:10A810000BD900EB020C002A6ED0624613F801CD72
:10A8200002F801CD9942F9D170470F2A0FD803469B
:10A8300002F1FF3C002A5FD00CF1010C013B8C447B
:10A8400011F8012B03F8012F6145F9D1704740EA57
:10A8500001039B0751D1A2F1100370B501F1200C47
:10A8600023F00F0501F1100E00F11004AC441B0998
:10A870005EF8105C44F8105C5EF80C5C44F80C5C0C
:10A880005EF8085C44F8085C5EF8045C44F8045C1C
:10A890000EF1100EE64504F11004E9D1013312F077
:10A8A0000C0F01EB031102F00F0400EB031328D08F
:10A8B000043C24F003064FEA940C1E441C1F8E46F1
:10A8C0005EF8045B44F8045FB442F9D10CF1010472
:10A8D00002F0030203EB840301EB840102F1FF3C6D
:10A8E0004AB10CF1010C013B8C4411F8012B03F827
:10A8F000012F6145F9D170BD704702F1FF3C03465D
:10A900009AE72246EAE700BF014B1868704700BF8C
:10A910009015002038B5A1FB021454BB00F030F8AC
:10A92000054650B350F8042C22F00302043A242ABE
:10A9300010D8132A13D91B2AC0E9004416D9242A97
:10A94000C0E902440ABFC0E9044400F1100200F16A
:10A95000180205E02146FCF777FE284638BD02467E
:10A960000023C2E900339360284638BD00F1080295
:10A97000F6E7FFF7C9FF0C2303600025284638BD22
:10A980002DE9F04F01F10B05162D83B0064623D8B3
:10A99000102900F2AF8001F023FF102518230220B8
:10A9A000C04F3B44A3F108025C68944200F024814C
:10A9B0006368E268A16823F00303CA602344304659
:10A9C00091605A6842F001025A6001F00BFF0834AE
:10A9D000204603B0BDE8F08F35F0070500F18A800E
:10A9E000A94200F2878001F0FBFEB5F5FC7FC0F0C4
:10A9F0006B816B0A00F08280042B00F22381AB098B
:10AA000003F1390003F1380EC300A64F3B44A3F114
:10AA1000080C5C68A44507D10DE0002AE16880F2CB
:10AA2000E5808C4507D00C46636823F003035A1B6E
:10AA30000F2AF2DD7046DFF870823C69444500F071
:10AA4000C280636823F0030CACEB05030F2B00F30B
:10AA50003F81002BC7E9048880F22A81BCF5007F82
:10AA6000D7F804E080F0CE804FEADC0101314FEAF4
:10AA70005C1C012303FA0CF357F83120A2604EEA64
:10AA8000030E07EBC103083BE360C7F804E047F897
:10AA90003140D46083104FF0010C0CFA03FCF445F4
:10AAA00032D81CEA0E0F08D120F003004FEA4C0CFC
:10AAB0001CEA0E0F00F10400F8D007EBC00AD646DE
:10AAC0008146DEF80C300BE0596821F003014A1B87
:10AAD0000F2A1C46DB6800F3C180002A80F2D58073
:10AAE0009E45F1D109F1010919F0030F0EF1080E8D
:10AAF000E7D116E10C233360002469E74FF40073BB
:10AB000040204FF03F0E80E7BC68636823F00309E4
:10AB1000A94503D3A9EB05030F2B57DCDFF88CB154
:10AB2000DBF8002004EB09031032082002EB0508D3
:10AB3000009301F035FCD7F808140131024605D026
:10AB400008F1FF388044414201EA08084146304696
:10AB5000019201F087FFB0F1FF3F019A824600F0B9
:10AB6000D280009B834200F2CC80DBF80410414489
:10AB7000CBF80410084602F1FF3C40F0F4801AEADA
:10AB80000C0F40F0F080D7F808A0C84448F001004E
:10AB9000CAF80400DBF82C208A42DBF8302038BFEA
:10ABA000CBF82C108A4238BFCBF83010544620F036
:10ABB0000308A845A8EB050301D30F2B06DC30469C
:10ABC00001F010FE98E7D7F804E063E7621943F05C
:10ABD000010345F0010565603046BA60536001F03D
:10ABE00001FE0834204603B0BDE8F08FA26823447C
:10ABF000D16030468A60E4E6DC68A3427FF4D8AED8
:10AC0000023018E7BCF5206F4FEA5C2272D3142A99
:10AC100000F2088102F15C03DB005B32F918FB589B
:10AC20000839994203D1E4E09B68994204D05A68FC
:10AC300022F003026245F7D8D968C4E902318C607A
:10AC4000DC6027E7142B61D9542B00F2F4802B0B26
:10AC500003F16F0003F16E0EC300D6E6D4F808C00E
:10AC60003046661945F001056560CCF80C30C3F834
:10AC700008C042F00103C7E90466C6E902887360B0
:10AC8000625001F0AFFD0834A2E6214430464A6824
:10AC900042F001024A6054F8082FD3609A6001F034
:10ACA000A1FD95E6B8160020C0160020042500205E
:10ACB000A4443046DCF8043043F00103CCF80430FF
:10ACC00001F090FD083483E6E80805F1080367E623
:10ACD000621943F0010145F0010565603046C7E99E
:10ACE0000422C2E90288516044F80C3001F07AFD78
:10ACF00008346DE64FEA9C1202F13903DB0038326A
:10AD00008CE7BC4228D0BC68606850E703F15C0067
:10AD100003F15B0EC30078E65AF80839534540F05A
:10AD2000D78010F0030F00F1FF30F5D17B6823EAE4
:10AD30000C037B604FEA4C0C9C453FF6E5AEBCF142
:10AD4000000F04D1E0E64FEA4C0C09F104091CEABB
:10AD5000030FF8D04846B0E6DBF804004044CBF8D7
:10AD6000040002F1FF3CD7F8081401316DD0009BBC
:10AD7000AAEB03031844CBF804001AF0070300936E
:10AD800041D0C3F108018A44D0440A4408EA0C01C6
:10AD9000521A02EA0C013046019101F063FE421C96
:10ADA0006FD00199A0EB0A0000EB0108DBF804204A
:10ADB000C7F808A048F001001144BC42CAF80400DA
:10ADC000CBF804103FF4E6AEB9F10F0F40D962683A
:10ADD000A9F10C0020F0070002F0010202436260BA
:10ADE000052322180F28C2E9013352D8DAF80400EB
:10ADF000D0E692104FF0010C0CFA02F24EEA020E6D
:10AE0000C7F804E019E70AEB080101EA0C01521A3D
:10AE100002EA0C013046019101F024FE431CC0D12E
:10AE20000099C3E7542A17D84FEA1C3202F16F0386
:10AE3000DB006E32F2E6B3F5AA7F17D8EB0B03F115
:10AE4000780003F1770EC300DFE5C7F808A494E7A4
:10AE50000123CAF80430B2E6B2F5AA7F23D84FEA3C
:10AE6000DC3202F17803DB007732D7E640F254524D
:10AE7000934223D8AB0C03F17D0003F17C0EC30099
:10AE8000C3E5009BA3F108029044A8EB0A08002147
:10AE90008CE704F10801304600F08EFFDBF8041067
:10AEA000D7F808A0A2E740F254539A420CD84FEAD0
:10AEB0009C4202F17D03DB007C32AFE64FF47E73EF
:10AEC0007F204FF07E0EA0E54FF47E737E22A5E634
:10AED0007B682FE7000000002DE9F04F03690C6943
:10AEE000A34283B0C0F28A80013C01F1140500F155
:10AEF000140855F8243058F8242001339A428E461D
:10AF000081464FEA840105EB840708EB840AB2FB13
:10AF1000F3F63AD3CDE900150022AC46404613467D
:10AF20005CF8041B05681FFA81FB06FB0B22090C69
:10AF30004FEA124B06FB01BB92B2A9B2891A19441F
:10AF40001FFA8BF3C3EB214303EB154389B241EAAC
:10AF50000341674540F8041B4FEA1B424FEA234375
:10AF6000DED2DDE9001558F8013073B9AAF1040A00
:10AF7000D04504D307E0D04504F1FF3403D25AF89A
:10AF80000439002BF7D0C9F810407146484602F04A
:10AF900095F900282EDB4146002255F8040BD1F824
:10AFA00000C01FFA80FE1FFA8CF3A3EB0E031344BC
:10AFB000020CC2EB234202EB1C429BB243EA024367
:10AFC000AF4241F8043B4FEA2242E6D258F824202F
:10AFD00008EB84036AB9043B434504D807E098456D
:10AFE00004F1FF3403D253F80429002AF7D0C9F83A
:10AFF00010400136304603B0BDE8F08F002003B0AA
:10B00000BDE8F08F2DE9F04F2DED028B91B08DED65
:10B01000040B0291816B1C9D069357EC106B044648
:10B02000914641B1C26B4A60012393408B6001F0AD
:10B0300089FE0023A363B7F10008B4BF01230023F6
:10B040002B60C14BBCBF28F00048CDF8148033EA18
:10B05000080300F0A0809DED048BB5EE408BF1EE6F
:10B0600010FA0FD1069A012313601D9B13B11D9A8C
:10B07000B64B1360B64B0393039811B0BDEC028B33
:10B08000BDE8F08F0FA90EAA2046B0EE480B02F0E3
:10B0900083FA5FEA1851054640F09580DDE90E011C
:10B0A000014401F23243202B40F30983C3F14003F2
:10B0B00008FA03F801F2124326FA03F348EA0303FD
:10B0C00007EE103AB8EE477B012317EE906A019322
:10B0D000013953EC172BA6F1F8739FED953B9FEDCB
:10B0E000967B9FED975B06EE901A43EC122BB8EE21
:10B0F000E64BB7EE086B32EE466BA6EE037BA4EE92
:10B10000057BFDEEC76BB5EEC07BF1EE10FA16EED7
:10B11000906A08D5B8EEE66BB4EE476BF1EE10FA24
:10B1200018BF06F1FF36401A162E00F1FF3800F264
:10B130004B81884B03EBC60393ED007BB4EEC78BCA
:10B14000F1EE10FA56D50023B8F1000F06F1FF36E4
:10B150000B93C0F23F8100230793002E50DA079B28
:10B1600009969B1B0793029B092BC6F1000A4FF01F
:10B1700000064CD8052B40F3A082043B0293002725
:10B18000029B023B032B00F28F85DFE813F0FB03E9
:10B19000F803EE03D103069AC8F3130842F20F73C3
:10B1A00058EA060813601ED11D9B002B00F078851D
:10B1B000694B039308331D9A0398136011B0BDECDB
:10B1C000028BBDE8F08F18EE906A0023C6F31306D9
:10B1D000019353EC182B46F07F530E98A1F2FF31E8
:10B1E00043F4401379E71D9B002B40F07F835B4BBA
:10B1F000039341E7002840F3418400230B93079316
:10B20000029B0996092BB0444FF0000AB2D90023E3
:10B210000127029308974FF0FF3B99460021E16315
:10B22000CDF830B0204601F067FD0390002800F013
:10B230004385039BA363BBF10E0F00F2F280002F46
:10B2400000F0EF800999002940F3F383414B01F0AE
:10B250000F0203EBC203CF0593ED007B4FEA2113EE
:10B2600040F1B8833E4A92ED086B03F00F030321CF
:10B2700088EE064B5BB13A4AD80704D592ED006BD5
:10B28000013127EE067B5B1002F10802F4D184EE57
:10B29000075B0B9B3BB1B7EE007BB4EEC75BF1EEF7
:10B2A00010FA00F1918407EE901AB8EEE76BB1EE58
:10B2B0000C7BA5EE067B17EE903A51EC170BA3F131
:10B2C0005071BBF1000F00F09980DDF824C05B469F
:10B2D000DFF880E0039AFDEEC56B41EC140B0EEB3A
:10B2E000C30111ED023B16EE901A0898303101327D
:10B2F000B8EEE67BCFB235EE477B1146002800F072
:10B300001984B6EE006B86EE035B039935EE445B61
:10B31000B4EEC75BF1EE10FA0F7000F34984B7EE9C
:10B32000002BB2EE044B002034E000BFAFF30080EE
:10B3300061436F63A787D23FB3C8608B288AC63F3B
:10B34000FB799F501344D33F0000F07FB1060020EB
:10B35000B0060020E0020020380E0020440E00203D
:10B36000D0030020013098425BDA27EE047B25EE03
:10B37000045BFDEEC76B16EE901AB8EEE63B30317B
:10B3800037EE437BB4EEC57BF1EE10FA02F8011BF9
:10B3900000F10E8432EE476BB4EEC56BF1EE10FA9D
:10B3A000E0D5039813460CF1010C02E0834200F053
:10B3B00030841A4613F8011D3929F7D00131C9B27A
:10B3C0001970CDF808C044E10123B8F1000F0B93C8
:10B3D000BFF6C1AEC0F1010307934FF00008BCE611
:10B3E00007EE901AB1EE0C6BB8EEE77BA5EE076B9B
:10B3F00016EE903A51EC160BA3F1507141EC160B7E
:10B40000B1EE047B35EE477BB4EEC67BF1EE10FA6D
:10B4100000F30F84B1EE466BB4EEC67BF1EE10FA8A
:10B420001CD40F9B002B58DB099A0E2A55DCA74B26
:10B43000099AB9F1000F03EBC20393ED003B14DA54
:10B44000BBF1000F11DC09D1B1EE047B23EE077BC9
:10B45000B4EEC78BF1EE10FA00F2EB830023039AEF
:10B4600001931F466FEA090901E2039B591C88EE0C
:10B47000037BBDEEC77B0B4617EE102A03993032D3
:10B48000BBF1010FB8EEC76B0A70A6EE438B00F05C
:10B490000083B2EE045BB1EE434B012211E088EE73
:10B4A000037BBDEEC77B013217EE101A5A4501F13E
:10B4B0003001B8EEC76B03F8011BA6EE048B00F059
:10B4C000E88228EE058BB5EE408BF1EE10FAE6D15E
:10B4D000099A013202921A46BBE0089A002A40F00B
:10B4E000D780079BCDF804A0002708970A930A9AF3
:10B4F0006AB1B8F1000F0ADD424507991346A8BFAB
:10B500004346C91AD21A07910A92A8EB0308BAF166
:10B51000000F0BD0089B1BB1019B002B40F0EE826B
:10B5200029465246204601F0F7FD054601212046F6
:10B5300001F00EFD0190002E40F0A681029B012B30
:10B5400040F3D8810120404410F01F0000F09780A4
:10B55000C0F12003042B40F3E681079BC0F11C00DF
:10B56000034407930A9B03440A938044079B002BE0
:10B5700005DD29461A46204601F028FE0546B8F1A9
:10B58000000F05DD01994246204601F01FFE0190A3
:10B590000B9B002B40F08D81BBF1000F40F34A81E3
:10B5A000089B002B40F0A280099B01330293DDF839
:10B5B0000C80DDF80490012607E0294600230A22CA
:10B5C000204601F0C9FB0136054649462846FFF7EB
:10B5D00083FCB34500F1300A08F801ABEDDCBBF1A8
:10B5E000000F039BCCBFD8464FF0010898440026BB
:10B5F00029460122204601F0E9FD0199054601F0A6
:10B600005DFE002840F3F581039902E0884500F0D3
:10B610000982424608F1FF3812F8013C392BF5D077
:10B62000013388F8003001990492204601F08AFB2A
:10B63000049A77B13EB1BE4205D031462046019210
:10B6400001F080FB019A01923946204601F07AFB15
:10B65000019A01922946204601F074FB019A029951
:10B6600000231370069B19601D9B002B3FF404AD53
:10B6700003981A6011B0BDEC028BBDE8F08F1C235B
:10B68000079A1A4407920A9A1A440A9298446DE754
:10B69000029A012A40F3B8810BF1FF329245C0F2C1
:10B6A0007B81AAEB0203BBF1000F019380F2C782FA
:10B6B000079BA3EB0B030A9379E1012760E5C3F134
:10B6C000200306FA03F307EE103AFBE4E002002041
:10B6D000394600230A22204601F03EFB0C9B002B3A
:10B6E000074640F3CC82CDF824809B460A9B002B72
:10B6F00000F34B81002E40F0E481B946039E731E97
:10B700005B440A93049B03F001030B9301992846C1
:10B71000FFF7E2FB39468346284601F0CFFD019949
:10B7200080464A46204601F0EBFDC3680BF1300A23
:10B730000146002B36D10890284601F0BFFD08993C
:10B740000790204601F0FEFA079A002A5AD1029B80
:10B750001BB90B9B002B00F07D82B8F1000F42DB80
:10B760000A9BB0469E4208F801AB00F0C181294611
:10B7700000230A22204601F0EFFA4F4505463946DC
:10B780004FF000034FF00A02204635D001F0E4FAF2
:10B790004946074600230A22204601F0DDFA4646C4
:10B7A0008146B3E7204601F0CDFAB8F1000F08DB7F
:10B7B000049B03F00102029B48EA030852EA0802D4
:10B7C0002ED129460122204601F000FD01990546AF
:10B7D00001F074FD002840F30181BAF1390F00F047
:10B7E0001D820BF1310A324602F801AB099B01338D
:10B7F0003E4602934F4616E701F0AEFA464607462C
:10B80000814683E7B8F1000FC0F25D82029B48EAEF
:10B8100003080B9B53EA080800F05582002A9FDDBD
:10B82000BAF1390F00F0FA8132460AF1010302F849
:10B83000013BDBE7029B022B7FF7B2AEBBF1000FAF
:10B8400040F0258101995B460522204601F084FAEB
:10B8500001460190284601F031FD002840F3178190
:10B86000099B039A03F10109312302F8013B019975
:10B870000492204601F066FA09F10103049A02934A
:10B88000002F7FF4E0AEE4E601463246204601F0A8
:10B8900043FC029B0190012B40F38F800026019A0C
:10B8A000136902EB8303186901F000FBC0F120006B
:10B8B00049E60199284601F001FD0028BFF66CAE6B
:10B8C000294600230A222046099D01F045FA089BDB
:10B8D00005F1FF380546002B7FF4FAAE0C9B002BD8
:10B8E00040F3C081099A02929B4660E6B24B0393F3
:10B8F000033360E4049B002B7FF424AEDDE90412E3
:10B90000C2F31303002B7FF41DAEAC4B13402BB1DD
:10B91000079B0133079308F101080123002E40F033
:10B920008C811E460EE63FF421AEC0F13C03A7E633
:10B9300001230893099B4B4403F1010BBBF1010F59
:10B94000DC460C93B8BF4FF0010CBCF1170F40F36D
:10B95000A381012204235B0003F11400604511461A
:10B9600002F10102F7D9E1635CE401230893B9F124
:10B97000000F3ADDCDF83090CB46CC46E5E700230A
:10B980000893D7E700230893F1E739461A46204683
:10B9900001F01CFC0746ADE6A2EB0A031E44079B20
:10B9A0000A935B4407930023D844924601930121F4
:10B9B000204601F0CDFA074699E5049B002B7FF461
:10B9C0006DAFDDE90401C1F313030A46002B7FF4D8
:10B9D00065AF9AE70221B0EE484B4BE47FF403AF2A
:10B9E0001AF0010F7FF4F9AEFDE64FF00109CB46E6
:10B9F00014E403D11AF0010F7FF406AE424618F8A2
:10BA0000013D302BFAD00EE6019A002A00F08E801C
:10BA100003F23343079A0A929844D3180793CDF858
:10BA200004A0C4E7029B03990133029331230B70F6
:10BA3000F9E500F0E980099B614A5B4203F00F01E0
:10BA400002EBC10292ED006B1B1128EE066BB0EE0B
:10BA5000465B00F01E815B4A00200221DF0705D50E
:10BA600092ED007B0131012025EE075B5B1002F1B6
:10BA70000802F3D1002806FE055B0AE4C0F10103C9
:10BA80004FF000080793CDF82C80FFF7B9BB039A5D
:10BA9000E8E4099A38EE088B0132B4EEC83BF1EEC7
:10BAA00010FA0292944608D4B4EE483BF1EE10FA34
:10BAB00005D117EE102AD20701D5039879E41A466A
:10BAC000C7E57968204601F017F90646002800F01E
:10BAD000FE803B6902339A0007F10C010C30F9F744
:10BAE000FBFE31460122204601F070FB814605E64F
:10BAF000099B01333E4602934F4679E51A46394683
:10BB0000204601F009FB2A4601460746204601F07F
:10BB10004DFA29460D90204601F014F9019BBAEB2D
:10BB2000030A0D9B1D463FF401ADF9E40E9BC3F1E2
:10BB300036036FE7039824EE033B012B077000F0F8
:10BB4000A680B2EE044B0398034427EE047BFDEE7F
:10BB5000C76B16EE907A303702F8017B9A42B8EE46
:10BB6000E65B37EE457BF0D1B6EE006B33EE065B5D
:10BB7000B4EEC57BF1EE10FA67DC36EE436BB4EE43
:10BB8000C67BF1EE10FA0DD40F9B002BFFF6A9AC8B
:10BB9000099B0E2B3FF7A5AC099B0EEBC30090ED64
:10BBA000003B64E41A46013B12F8011C3029F9D02D
:10BBB0000CF1010302934CE5440E00200000F07FDD
:10BBC000E0020020D0030020BBF1000F3FF408ACDE
:10BBD0000C9B002B7FF725ACB2EE044B25EE045BEB
:10BBE000013107EE901A0999B8EEE76BB1EE0C7BC4
:10BBF000A5EE067B17EE902A01F1FF3C51EC170BE6
:10BC0000A2F15071FFF764BB0221B0EE485BFFF771
:10BC100040BB0CF1010C3121FFF7D2BB099B03990A
:10BC2000B0460133029339233E4608F8013B4F46A4
:10BC3000EFE4002301931F4612E61E462FE6079B02
:10BC40000A935B44D8440793B1E603980CF1010CC6
:10BC5000FFF7AFBBBAF1390FE0D0B8F1000F3FF7F3
:10BC6000C0ADC0E5029B022B04DC099BDDF830B0BF
:10BC700002939CE4DDF830B0CDF82480DEE5029B31
:10BC8000022BF7DCDDF830B0CDF824802EE513462A
:10BC90006AE70221FFF7FDBA0021E163FFF7C2BAAC
:10BCA000144B0393FFF7E8B90027E76339462046B2
:10BCB00001F022F8039088B90F4B1048002240F29F
:10BCC000AF1100F0F3FF002A3FF77BAD8BE50A4B85
:10BCD0000A48324640F2EF2100F0E8FF039BA363DD
:10BCE00001224FF0FF33B9460C9308929B46FFF7B1
:10BCF00098BB00BF380E0020F00D0020480E002039
:10BD00002DE9F84306460820894600F049FBDFF894
:10BD1000A4800546304600F063FDD8F808305F681F
:10BD200027F00307A7F11104A4EB09042C44B4FB8A
:10BD3000F5F4013C05FB04F4A54208DC0021304683
:10BD400000F090FED8F808303B44984205D03046C9
:10BD500000F048FD0020BDE8F8836142304600F065
:10BD600081FE01300FD0114AD8F808303F1B47F050
:10BD700001075F60136830461B1B136000F032FD43
:10BD80000120BDE8F8830021304600F06BFED8F8B2
:10BD90000820831A0F2BDADD43F001035360044BB4
:10BDA00002491B68C01A0860D1E700BF08250020BF
:10BDB000C01A0020B816002000297CD02DE9F041DF
:10BDC0000C46804600F00CFD54F8043C754FA4F17D
:10BDD000080523F001016818BE684268864222F017
:10BDE000030200F08380DE07426000EB020C33D4D4
:10BDF00054F8084CDCF804302D1B2144AC6807F1E2
:10BE0000080C644503F0010364D0D5F80CE0C4F8D5
:10BE10000CE0CEF80840002B00F0818041F00103D7
:10BE20006B600160B1F5007F22D27868CB080122F7
:10BE3000490901338A40024357F833107A6007EB0F
:10BE4000C302083AC5E9021247F83350CD604046B4
:10BE5000BDE8F04100F0C6BCDCF80430DB072BD5B0
:10BE600041F00103B1F5007F44F8043C0160DCD3EC
:10BE7000B1F5206F4FEA512353D28B0903F13900FA
:10BE800003F13802C300F818FB580838984203D170
:10BE900061E09B68984204D05A6822F003028A420B
:10BEA000F7D8D868C5E902308560DD604046BDE856
:10BEB000F04100F097BC7047114407F1080C83680B
:10BEC00063453FD0C268DA60936041F001036B6064
:10BED0006950A7E7002B5FD10A44D0E90213CB6079
:10BEE000996042F001036B60AA50B0E7DB070A4497
:10BEF00007D454F8083CED1A1A44D5E90213CB6074
:10BF0000996042F001036B60274BBD601B68934250
:10BF10009DD8264B40461968FFF7F2FE97E711447B
:10BF2000CDE7142B08D9542B1DD80B0B03F16F0050
:10BF300003F16E02C300A6E703F15C0003F15B02AC
:10BF4000C300A0E741F00103C7E90455C5E902CCED
:10BF50006B6069507BE779689210012404FA02F261
:10BF60000A437A609EE7B3F5AA7F06D8CB0B03F1AC
:10BF7000780003F17702C30085E740F25452934200
:10BF800006D88B0C03F17D0003F17C02C3007AE735
:10BF90004FF47E737E2276E741F001036B6001600F
:10BFA00055E700BFB8160020C41A00200425002061
:10BFB00018B3F0B407468C4617F8015B01E0A542C0
:10BFC00014D01CF8014B002CF9D1DDB13E460C46D3
:10BFD00016F8015B00E063B114F8013B9D42FAD111
:10BFE0004DB100233B701660F0BC704773B138460A
:10BFF000E0E73746EAE72E46F5E710680028D8D193
:10C000000020704715600020F0BC70471760037077
:10C01000EAE700BF0123FFF7CBBF00BF13460A4684
:10C020000146022000F0F2B9032A30B415D941EAE2
:10C030000004A40784460B4604D0541E0FE0043AC3
:10C04000032A08D91946604653F8044B5CF8045B90
:10C05000A542F4D0F1E760461946541E7AB1431E5A
:10C060000139021901E09A4209D013F8010F11F8C1
:10C0700001CF6045F7D0A0EB0C0030BC704700202A
:10C0800030BC70470A22002100F0AEB80A2300221B
:10C0900000F09CB8242B2DE9F84F43D8012B41D058
:10C0A000804649481F468E4675461EF801BB10F86B
:10C0B0000B4014F00804F7D1BBF12D0F6FD0BBF18A
:10C0C0002B0F08BF9EF800B06FF0004908BF05F1C4
:10C0D000020E73BBBBF1300F4BD00A273B46002545
:10C0E000B9FBF7F6284607FB169A05E03AD007FB9E
:10C0F00000C001251EF801BBABF1300CBCF1090FEB
:10C1000006D9ABF1410CBCF1190F19D8ABF1370CC2
:10C1100063451EDDB5F1FF3FECD08642E6D24FF01D
:10C12000FF35E7E7FEF7F0FB162303600020BDE8CC
:10C13000F88F102BD3D1BBF1300F23D01F46CEE7A1
:10C14000ABF1610CBCF1190F03D8ABF1570C63458F
:10C15000E0DC6B1C2BD054B9002AE8D085BB116001
:10C16000BDE8F88FE245C2DA4FF0FF35C2E7404242
:10C17000F2E79EF8003003F0DF03582B08D00827C1
:10C180003B46ACE79EF8000000F0DF005828D5D110
:10C1900010279EF801B03B460EF1020E9FE79EF875
:10C1A00000B04FF0004905F1020E012491E722236F
:10C1B000C8F8003032B10EF1FF3148461160CFE7C8
:10C1C0008146F8E74846B2E71905002062E700BF5C
:10C1D00010B4044C8446134620685DF8044B0A46AC
:10C1E000614657E79015002010B4044C844613466E
:10C1F00020685DF8044B0A4661464BE79015002025
:10C2000010B4034CD4F8E040A4465DF8044B6047FA
:10C21000CC1A002049B1FF2A02D80A7001207047C9
:10C220008A2303604FF0FF3070470846704700BF15
:10C2300038B511F0FF040CD00346002501E0431C83
:10C24000054621461846FCF701FB0028F7D1284691
:10C2500038BD2146BDE83840FCF7F8BA024B03442C
:10C26000587800F0440070471805002008B410B555
:10C27000002A9DB0044636DB4FF40273ADF814304B
:10C280004FF000031B930291069120AB17D0013AA7
:10C290004FF6FF7104920792ADF816101F9A0193A2
:10C2A00002A9FCF73DFB421C01DA8B232360029BB1
:10C2B00000221A701DB0BDE8104001B070474FF663
:10C2C000FF7104920792ADF816101F9A019302A90C
:10C2D000FCF726FB431C01DA8B2323601DB0BDE86D
:10C2E000104001B070478B2303604FF0FF30F5E73B
:10C2F0000CB410B5214B00291C689CB038DB4FF002
:10C3000000034FF402721B93ADF8142002900690C4
:10C310001FAB18D001394FF6FF7204910791ADF8A9
:10C32000162002A91E9A01932046FCF7F9FA421C36
:10C3300001DA8B232360029B00221A701CB0BDE837
:10C34000104002B070474FF6FF7204910791ADF8AC
:10C35000162002A91E9A01932046FCF7E1FA431C1D
:10C3600001DA8B2323601CB0BDE8104002B0704797
:10C370008B2323604FF0FF30F5E700BF90150020BE
:10C38000024B01461868FEF7FBBA00BF901500206B
:10C39000024B01461868FFF70FBD00BF9015002043
:10C3A000082802D14FF48050704708B5FEF7ACFA68
:10C3B000162303604FF0FF3008BD00BF70B50F4B70
:10C3C0000F4DAB42A3EB050607D0B610002455F87D
:10C3D000043B01349847A642F9D802F0D9FE094D32
:10C3E000094B5E1BAB424FEAA60606D0002455F867
:10C3F000043B01349847A642F9D870BDD81D0060AF
:10C40000D81D0060D81D0060E81D006070B4164D96
:10C410002C681CB365681F2D23DC38B9AB1C0135B3
:10C42000656044F82310002070BC704704EB850C55
:10C430000228CCF88820D4F888614FF0010202FA73
:10C4400005F246EA0206C4F88861CCF80831E5D165
:10C45000D4F88C311343C4F88C31DFE7034C2C60E3
:10C46000D8E74FF0FF30DFE7042800203825002010
:10C470002DE9F84F1646002900F096800C468046BC
:10C4800006F10B0500F0ACF954F8041C162DA4F1CC
:10C49000080921F0030758D81025AE4258D8AF42FA
:10C4A00060DABE4B9A6809EB070C6245DCF80400C1
:10C4B00000F0908020F0010363445B68DB0768D4E0
:10C4C00020F003003B189D4247DDCB0712D454F8FF
:10C4D000083CA9EB030BDBF8043023F00302104403
:10C4E00000EB070A554540F3F68007EB020A554575
:10C4F00040F3CC8031464046FEF742FA064600281B
:10C5000000F0208154F8043C23F001034B44A0F1D7
:10C510000802934200F0B4803A1F242A00F2D78028
:10C52000132A00F2A280034622461168196051685E
:10C53000596092689A6021464046FFF73DFC4046AC
:10C5400000F050F93046BDE8F88F35F00705A4D566
:10C550000C23C8F80030002618E01F46DCE902234F
:10C56000D3609A60D9F804307A1B0F2A03F00103D4
:10C5700009EB07001DD83B43C9F80430436843F07A
:10C5800001034360404600F02DF926463046BDE8E1
:10C59000F88FC907AED454F8083CA9EB030BDBF8BD
:10C5A000043023F00302A0E7BDE8F84F1146FEF780
:10C5B000E7B909EB05012B4342F00102C9F8043049
:10C5C0004A60436843F00103436008314046FFF787
:10C5D000F3FBD7E720F00300C21905F1100C624508
:10C5E00080F29180CA0785D454F8082CA9EB020B7D
:10C5F000DBF8042022F00302104400EB070AD445C4
:10C600003FF773AF5E46DBF80C1056F8080F3A1F81
:10C61000242AC160886000F2AE80132A40F2A9800B
:10C620002168CBF808106168CBF80C101B2A00F2C7
:10C63000A88008340BF11002216811606168516014
:10C64000A16891600BEB0501AAEB050242F0010223
:10C6500099604A60DBF8043003F001032B43404645
:10C66000CBF8043000F0BEF890E7236803606368FD
:10C6700043601B2A3CD804F1080200F1080354E788
:10C6800050F8043C23F003031F446BE73A1F5E4657
:10C69000DBF80C3056F8081F242ACB60996022D8AA
:10C6A000132A1ED92368CBF808306368CBF80C3006
:10C6B0001B2A3BD808340BF1100322681A60626809
:10C6C0005A60A2689A6034465746D9464AE72146DE
:10C6D000FEF79AF82FE7DCE902133A1FCB60996066
:10C6E000D5E73346E9E721463046FEF78DF8EAE71D
:10C6F000A3688360E368C360242A27D004F1100292
:10C7000000F1100311E709EB05019960531B43F099
:10C7100001034B6054F8043C03F001032B434046F3
:10C7200044F8043C00F05EF826462FE7A368CBF8F7
:10C730001030E368CBF81430242A10D010340BF1F9
:10C740001803BAE7404600F04DF804E72369036197
:10C750006169416104F1180200F11803E5E62369FB
:10C76000CBF818306369CBF81C3018340BF1200378
:10C77000A3E7324660E721463046FEF745F8074B0F
:10C7800060E7A168CBF81010E168CBF81410242AF8
:10C7900006D010340BF118024EE700BFB816002087
:10C7A0002269CBF818206269CBF81C2018340BF1F1
:10C7B000200241E738B50C46084D84461146204614
:10C7C0001A4600232B606446F8F71EFC431C00D079
:10C7D00038BD2B68002BFBD0236038BD0828002013
:10C7E000704700BF704700BF00207047024A0349EE
:10C7F000034800F0D3BF00BF381C0020B5BA0000CA
:10C80000981500200C4B4168994210B5044601D0A0
:10C8100001F0C8F8A168094B994202D0204601F006
:10C82000C1F8E168064B994204D02046BDE81040AB
:10C8300001F0B8B810BD00BFC82600203027002086
:10C8400098270020002070472DE9F8432A4C2B49F7
:10C85000DFF8BC90DFF8BC80294FC4F83811002500
:10C8600004230822294604F15C00264EE360C4E953
:10C870000055C4E90455A5606566A561FAF7E4FEB4
:10C88000214B63670822294604F1C400C4E9074923
:10C89000C4E90987C4E91A55C4E91E552567C4F8D7
:10C8A000CC50C4F88050E662FAF7CEFE174BC4F8BD
:10C8B000DC30294604F16803082204F59670C4F8B8
:10C8C0008430C4E92298C4E92476C4E93455C4E923
:10C8D0003855C4F8D850C4F83451C4F8E850FAF7C1
:10C8E000B3FE04F1D003C4E93C98C4E93E76C4F831
:10C8F000EC30BDE8F88300BFC8260020FDA800008A
:10C90000ADBB0000D1BB0000090001001200020015
:10C9100045BB00006DBB0000F8B5254BD3F838319E
:10C920000646002B3CD0234FD7E90134013B04D508
:10C930001DE05A1C04F1680419D0B4F90C50013BF5
:10C94000002DF6D11C4BE360C4E90155C4E9045540
:10C9500065662560A5610822294604F15C00FAF7A6
:10C9600073FEC4E90C55C4E911552046F8BD3D6875
:10C970000DB12F46D8E74FF4D6713046FEF700F8D8
:10C98000044680B10423C0E900530C302946A0605E
:10C990004FF4D0722546FAF757FE3C602F46C3E7A6
:10C9A000FFF752FFBFE70C2338603360DDE700BFBD
:10C9B000C8260020381C00200100FFFF436B03B194
:10C9C0007047044B044AD3F838314263002BF7D147
:10C9D0003AE700BFC826002015A90000704700BF35
:10C9E000704700BF024A0349002000F0D7BE00BFD5
:10C9F000381C0020F9A80000024A0349002000F07A
:10CA0000CDBE00BF381C002055A900002DE9F84319
:10CA1000154692682C68FAB180468946083401E0D0
:10CA20000834CFB16B68591E002B1746696013DDBF
:10CA300054F8046C002EF3D0334654F8082C4946C1
:10CA4000404600F02DFF431C07D0AA68921B1746F2
:10CA5000AA600834002FE5D100200023C5E9013386
:10CA6000BDE8F88338B5074D0022044608462A6021
:10CA7000F9F7A4FB431C00D038BD2B68002BFBD07A
:10CA8000236038BD0828002010B40468013409E090
:10CA900014F8013BA3F1410CBCF1190F98BF2033EE
:10CAA000934208D111F8012B002AF1D10460012032
:10CAB0005DF8044B704700205DF8044B704700BFE1
:10CAC00009682DE9F04F4B1102EB830311F01F0BA6
:10CAD00007460CBF1846181D3C680CBF1D1F1D469D
:10CAE000002340F8043C617885B00134002900F04F
:10CAF000A8809E469A461E460B4601461046DFF821
:10CB0000889101975A46A846AC46834610E0202BF0
:10CB100000F28F80564508DDE04502D9BEF1070FCF
:10CB20005FDDE34554D34FF0080E14F8013FB3B175
:10CB300019F80370002FEAD00EF1010EBEF1080FB4
:10CB400006F101063ADCDCF800301B0107F00F07A4
:10CB50001F43CCF8007014F8013F002BE8D15B466E
:10CB6000084693461A46002E6BD0C44502D2BEF149
:10CB7000070F73DD62454DD2111F634653F8044B16
:10CB800041F8044FAB42F9D9A5EB0C0323F00303A2
:10CB9000691C04330CF1010C8C4588BF0423134439
:10CBA000002143F8041BAB42FBD950F8043C002B96
:10CBB0004DD1AA4249D055F8043DF8E7E345B4D237
:10CBC00000234CF8043C4FF0010EACF1040CBDE71F
:10CBD0000023ACF104084CF8043CB246C4469E461F
:10CBE000A3E7CEF108008000CDE9022CDCF800308C
:10CBF0006746C0F1200E8446786800FA0EF21A43A8
:10CC000020FA0CF33A6047F8043FB845F4D8DDE960
:10CC1000022C86E750F8043CBBF1000FC7D0CBF1E3
:10CC2000200B4FF0FF3121FA0BF10B4040F8043C90
:10CC3000BDE70846194629295B46019F93461A46D7
:10CC400009D0042005B0BDE8F08F01232B6005203A
:10CC500005B0BDE8F08F01343C6084E7CEF10803F5
:10CC6000DCF800109B00C3F1200E66460C46776886
:10CC700007FA0EF1214327FA03F4316046F8044F16
:10CC8000B045F4D876E700BF18040020000000008B
:10CC90009FED010B704700BF000000000000F87F0F
:10CCA0009FED010A704700BF0000C07F00B50B4C2C
:10CCB00025681446EE681A4685B003460D464CB109
:10CCC00007490095CDE901143046064900F056FEAB
:10CCD000F9F79EFA04490C46F3E700BF90150020CF
:10CCE000740E0020840E0020800E002008B513462C
:10CCF0000022FFF7DBFF00BF436C70B505460C4612
:10CD00004BB153F8240080B1026843F8242000237B
:10CD1000C0E9033370BD21220421FDF7FBFD03466A
:10CD200068640028EDD1002070BD012101FA04F6ED
:10CD3000721D92002846FDF7EDFD0028F3D0C0E9F2
:10CD40000146E4E731B1436C4A6853F822000860B9
:10CD500043F82210704700BF2DE9F0410D690746E6
:10CD60000E461C4601F1140E0020DEF800108BB2B6
:10CD700002FB03434FEA134C090C02FB01CC0130C8
:10CD80009BB203EB0C4385424EF8043B4FEA1C4434
:10CD9000EBDC3CB1B368AB4207DD06EB8503013544
:10CDA0005C6135613046BDE8F0817168384601311B
:10CDB000FFF7A2FF8046A8B13269023206F10C01EA
:10CDC00092000C30F8F788FD7B6C726853F82210E3
:10CDD000316043F82260464606EB850301355C610D
:10CDE0003561DFE7024B03484246BA21FFF75EFF99
:10CDF000F00D0020B40E00202DE9F8431746284A14
:10CE00001E4608330C46092E82FB03124FEAE373D9
:10CE10000546C3EB62033ADD4FF0010C00214FEAF7
:10CE20004C0C634501F10101F9DC2846FFF764FF72
:10CE3000014670B3089B4361092F4FF00103036162
:10CE400012DC0A340927BE420BDDF61B264414F817
:10CE5000013B0A22303B2846FFF77EFFB4420146E1
:10CE6000F5D10846BDE8F88304F1090804EB070989
:10CE7000444614F8013B0A22303B2846FFF76CFF7A
:10CE80004C450146F5D1A7F108044444DBE70021F5
:10CE9000CBE70A46034B0448D321FFF707FF00BF47
:10CEA000398EE338F00D0020B40E0020B0F5803F3D
:10CEB000034636BF030400201020B3F1807F3CBF3F
:10CEC0001B020830B3F1805F3CBF1B010430B3F19B
:10CED000804F03D3002B06DB013070479B0003D447
:10CEE0005B0003D420207047023070470330704746
:10CEF000036813F00702014607D0DA071FD498072A
:10CF000021D55B080B600120704798B2A0B1104694
:10CF1000DAB20AB908301B0A1A0704BF1B09043029
:10CF20009A0704BF9B080230DA0703D45B0800F1BC
:10CF3000010006D00B6070471B0C1020E8E70020B2
:10CF40007047202070479B080B600220704700BF8D
:10CF500038B5436C04460D464BB15868B0B1026811
:10CF60005A6000220123C0E90323456138BD212214
:10CF70000421FDF7CFFC034660640028EDD1094B86
:10CF80000948002240F24511FFF790FE1C220121C2
:10CF90002046FDF7BFFC0028F1D001220223C0E9A2
:10CFA0000123DEE7F00D0020B40E00202DE9F04F44
:10CFB000D1F810801569A84585B00E46924605DB6C
:10CFC0002A46534645468A4690461E46DAF80830B9
:10CFD000DAF8041005EB0804A342B8BF0131FFF7EB
:10CFE0008BFE8446002800F08B8000F1140707EBCD
:10CFF000840E774505D23B46002243F8042B9E451C
:10D00000FBD8143606EB88080AF11409464509EBEB
:10D01000850566D2A5EB0A03153B23F003030AF14D
:10D02000150A043355452CBF9B464FF0040BCDF831
:10D0300008E00394AE46E24605E0090C2AD1B0456B
:10D0400007F104074AD956F8041B8DB2002DF4D01D
:10D05000CC463C46002301965CF8040B216886B25E
:10D060008AB2000C05FB0622090C1A4405FB0011CC
:10D0700001EB124192B242EA0142E64544F8042B28
:10D080004FEA1143E8D8019E47F80B3056F8041CCC
:10D09000090CD4D03B68002248461D463C469446C5
:10D0A000028801FB02C202EB15429BB243EA024333
:10D0B00044F8043B50F8043B25684FEA134CABB2EC
:10D0C00001FB0C3303EB124370454FEA134CE7D3DB
:10D0D000B04547F80B3007F10407B4D8DDE902E4A6
:10D0E000D446002C02DC05E0013C03D05EF8043D90
:10D0F000002BF9D06046CCF8104005B0BDE8F08FA9
:10D10000034B044862464FF4B171FFF7CFFD00BFF7
:10D11000F00D0020B40E002012F003032DE9F041C1
:10D12000144607462CD10D46A4101CD03E6C86B385
:10D13000E3074FF0000806D4641014D03068A8B19B
:10D140000646E307F8D5324629463846FFF72EFF54
:10D1500035B17B6C696853F821202A6043F821506F
:10D1600064100546EAD12846BDE8F08132463146D2
:10D170003846FFF71BFF3060C0F800800646E0E746
:10D18000013B0F4A52F823200023FFF7E5FD054637
:10D19000CAE701213846FFF7AFFD064640B101233B
:10D1A00040F27122C0E90432002338640360BFE713
:10D1B000044B0548324640F24511FFF777FD00BFAA
:10D1C000D0020020F00D0020B40E00202DE9F04721
:10D1D0000C4690462769A368496807EB62177D1CD7
:10D1E0009D4206464FEA621904DD5B009D4201F153
:10D1F0000101FADC3046FFF77FFD8446002851D05C
:10D20000B9F1000F00F114000EDD09F105024FEA3B
:10D21000820E03460CEB8202002143F8041B93426A
:10D22000FBD1AEF114031844216904F1140318F082
:10D230001F0803EB81012DD0C8F1200986464FF06D
:10D24000000A1A6802FA08F242EA0A024EF8042BAF
:10D2500053F8042B994222FA09FAF2D80B1B153B1A
:10D2600023F00303043304F11502914238BF042371
:10D2700040F803A0BAF1000F00D13D46736C62681C
:10D28000CCF8105053F822102160604643F8224039
:10D29000BDE8F087043853F8042B40F8042F994276
:10D2A000F9D8EAE7034B044862464FF4EF71FFF701
:10D2B000FDFC00BFF00D0020B40E00200B69844679
:10D2C0000069C01A16D10CF1140C14310CEB830256
:10D2D00010B401EB830301E0944508D252F8044DE9
:10D2E00053F8041D8C42F7D005D24FF0FF305DF8A3
:10D2F000044B7047704701205DF8044B704700BF36
:10D300002DE9F04F15460A692B69D21A002A83B01D
:10D31000884640F0878001F1140605F1140101EB05
:10D32000830106EB830301E09E427ED253F8044D55
:10D3300051F8042D9442F7D075D32B46002445466E
:10D3400098466968FFF7D8FC8146002800F089807C
:10D350002E69C460D8F8100005F1140B08F1140E02
:10D3600009F1140A05F110020EEB80000BEB8601A7
:10D3700057464FF0000CCDF804B05EF8044B52F85D
:10D38000045F1FFA84FBABB2A3EB0B03240C6344D2
:10D39000C4EB154404EB23449BB243EA04437045B9
:10D3A00047F8043B4FEA244CE7D8A0EB080208F109
:10D3B00015084045A2F1150234BF00200120920853
:10D3C0000028DDF804B002F101044FEA840408BF2C
:10D3D00004240BEB0405A942544433D927462846BC
:10D3E00050F8043B1CFA83FE1A0C634402EB2E42F5
:10D3F0009BB243EA0243814247F8043B4FEA224C86
:10D40000EED80139491B21F003010C4423B954F82B
:10D41000043D013E002BFAD04846C9F8106003B025
:10D42000BDE8F08F89DA01248BE70021FFF764FC67
:10D43000814678B101220023C0E90423484603B0A5
:10D44000BDE8F08F00284FEA820208BF00220AEBF5
:10D450000204DBE7064B07484A4640F23721FFF754
:10D4600025FC034B03484A4640F24521FFF71EFCCA
:10D47000F00D0020B40E002082B08DED000B164B95
:10D48000019A1340A3F15073002B06DD00221946C8
:10D49000104641EC100B02B070475B42B3F1A07F25
:10D4A0004FEA235209DA4FF40023134100221946B0
:10D4B000104641EC100B02B07047A2F114031E2B72
:10D4C000DABF4FF00042DA4001220023194610462D
:10D4D00041EC100B02B070470000F07FF8B5046912
:10D4E00000F1140606EB8404271F54F8045C284658
:10D4F000FFF7DCFCC0F120030A280B6033DDBE42DD
:10D50000A0F10B0119D254F8080C21B3C1F1200786
:10D510008D4020FA07F215438840A4F1080145F038
:10D520007F538E4243F4401319D254F80C1CF94037
:10D530000843024643EC102BF8BD0B280AD005FA2D
:10D5400001F141F07F53002043F44013024643ECC5
:10D55000102BF8BD002045F07F5343F440130246E2
:10D5600043EC102BF8BDC0F10B0C25FA0CF1BE42B8
:10D5700041F07F5338BF54F8081C00F1150034BF48
:10D5800021FA0CF1002105FA00F0084343F440139E
:10D59000024643EC102BF8BD2DE9F0430E4683B054
:10D5A000012159EC108B1546FFF7A6FB0446002815
:10D5B00046D0C9F30A57C9F313030FB143F48013DC
:10D5C0000193B8F1000313D101A8FFF791FC019B6F
:10D5D00063610122203022610FB3A7F23347074471
:10D5E000C0F1350037602860204603B0BDE8F08305
:10D5F00068460093FFF77CFC019BF8B10099C0F1ED
:10D60000200203FA02F2C3400A430193002B626135
:10D610000CBF01220222A3612261002FDDD104EBA5
:10D620008203A0F2324030601869FFF73FFCC0EB84
:10D6300042102860204603B0BDE8F083009AE5E779
:10D64000034B0448224640F20F31FFF72FFB00BF87
:10D65000F00D0020B40E0020F0B583B00E466946F0
:10D660000746FFF73BFF01A9304655EC104BB0EEE3
:10D67000407BFFF733FF33693A69D21ADDE90031A5
:10D680005B1A03EB4213002B09DD17EE902A02EB25
:10D69000035545EC174B87EE000B03B0F0BD10EEC1
:10D6A000902A51EC100BC3EB033302EB035141EC16
:10D6B000100B87EE000B03B0F0BD00BF172808DD8C
:10D6C000B7EE000BB2EE047B013820EE070BFBD166
:10D6D0007047034B03EBC00393ED040B704700BF8F
:10D6E000D00200200139491101F1010C116902F148
:10D6F000140303EB81018B4200EB8C0C16D210B5A6
:10D70000A0F1040E53F8044B4EF8044F9942F9D897
:10D710008B1A153B23F0030304331844844504D9C2
:10D72000002340F8043B8445FBD810BD844505D94F
:10D73000002340F8043B8445FBD87047704700BF86
:10D7400003694A11934200F1140009DA00EB8303E4
:10D7500002E053F8042DAAB98342FAD8002070479A
:10D7600000EB8203F8DD11F01F01F5D010B450F882
:10D77000224024FA01F28A40944209D001205DF847
:10D78000044B70470120704753F8042D002AF5D14F
:10D790008342F9D800205DF8044B70472DE9F84327
:10D7A0000746884616464FF00009D6E90154013D68
:10D7B00010D4A389012B08D9B4F90E3001332146C6
:10D7C000384602D0C04749EA0009013D6B1C04F10C
:10D7D0006804EED13668002EE7D14846BDE8F883EC
:10D7E000F030704700487047BC1B0020004870476D
:10D7F000BC1B002000000000000000000000000032
:10D8000001F0FF01102A2BDB10F0070F08D010F8F1
:10D81000013B013A8B422DD010F0070F42B3F6D1F5
:10D82000F0B441EA012141EA014122F007047FF00E
:10D8300000070023F0E80256083C85EA010586EA65
:10D84000010685FA47F5A3FA87F586FA47F6A5FAA1
:10D8500087F68EB9EED1F0BC01F0FF0102F00702AD
:10D8600032B110F8013B013A83EA010313B1F8D158
:10D870000020704701387047002D06BF3546033839
:10D88000073815F0010F07D1013015F4807F02BF72
:10D89000013015F4C03F0130F0BC0138704700BFC3
:10D8A0002DE9F0478F681D46AF420B680C461646BF
:10D8B00036D8B1F90CC01CF4906F0ED13D46184615
:10D8C00031462A46FCF7A0FFA368DF1B2368A76048
:10D8D0002B4400202360BDE8F0874A69096902EB08
:10D8E00042025F1A02EBD2726B1C52103B4493420D
:10D8F00092BF914699461A461CF4806F804611D01B
:10D900001146FDF73DF8824600B321693A46F7F724
:10D91000E3FFA38923F4906343F08003A38105E030
:10D920002F46CCE7FEF7A4FD824658B10AEB070369
:10D93000A9EB0707A760C4F810A0C4F814902360EF
:10D940002F46BCE721694046FEF736FAA3890C2230
:10D9500043F04003C8F800204FF0FF30A381BAE73E
:10D960000CB400B583B004AB53F8042B019300F062
:10D9700093F903B05DF804EB02B070470EB410B534
:10D9800083B005AB064C53F8042B01930146206885
:10D9900000F082F903B0BDE8104003B0704700BF4B
:10D9A0009015002070B539B106460C4608B1436B9E
:10D9B00083B3B4F90C3013B90025284670BD214655
:10D9C000304600F093F8E36A054633B1E16930462A
:10D9D00098470028B8BF4FF0FF35A3891B061CD419
:10D9E000216B41B104F14003994202D03046FEF769
:10D9F000E3F900232363616C21B13046FEF7DCF9C3
:10DA000000236364FEF7EAFF0023A381FEF7E8FF2B
:10DA1000284670BDFEF7D2FFCBE721693046FEF7FE
:10DA2000CBF9DDE7024B01461868FFF7BBBF00BF2B
:10DA30009015002010B50C46B1F90E1000F0CEFE86
:10DA4000002803DB236D0344236510BDA38923F461
:10DA50008053A38110BD00BF002070472DE9F04125
:10DA60000C46B1F90C101F46CB05054616460BD4E3
:10DA700021F48051A1813B46B4F90E10324628466C
:10DA8000BDE8F041FEF796BEB4F90E100223002265
:10DA900000F01CFFB4F90C10EAE700BF10B50C460B
:10DAA000B1F90E1000F012FFB4F90C30421C0EBF99
:10DAB00023F4805343F480532065A38110BD00BF3D
:10DAC000B1F90E1000F000B838B5074D0022044639
:10DAD00008462A60F8F78CFB431C00D038BD2B6841
:10DAE000002BFBD0236038BD08280020B1F90C20A2
:10DAF0002DE9F04116070C4680464ED4496842F4A1
:10DB000000630029A38163DDA56A002D42D00021B6
:10DB100012F48052D8F80060C8F80010E16964D1AE
:10DB200001234046A847451C02466ED0B4F90C308C
:10DB3000A56AE169580705D56368D21A236B0BB152
:10DB4000E36BD21A00234046A847431C4FD1D8F8B4
:10DB50000010B4F90C301D2940D8314ACA40D7070B
:10DB60003CD52269226023F40062A281DD044FF0DB
:10DB70000002626001D5002945D0216BC8F8006021
:10DB800041B104F14003994202D04046FEF714F936
:10DB9000002323630020BDE8F0810E69002EF9D038
:10DBA0000D680E6092070CBF4B690023AD1B8B60A4
:10DBB0000BE02B463246E169676A4046B847B0F150
:10DBC000000CA5EB0C05664406DD002DF1DCE1E759
:10DBD000E16B002998DCDDE7B4F90C3043F0400339
:10DBE000A3814FF0FF30BDE8F081226DA2E7B4F9C8
:10DBF0000C302269226023F40062A281DB044FF022
:10DC000000026260B9D52065B7E7D8F80030002B74
:10DC10008CD01D2B01D0162BDED1C8F80060B9E7DF
:10DC20000100402010B5044682B008B1436B53B1E7
:10DC3000B1F90C0008B902B010BD204602B0BDE831
:10DC40001040FFF753BF0191FEF7B8FE0199EFE7CF
:10DC5000A0B138B50C4B1D6804460DB16B6B4BB1D0
:10DC6000B4F90C0000B938BD21462846BDE838405B
:10DC7000FFF73CBF2846FEF7A1FEF1E7034A04493F
:10DC80000448FFF78BBD00BF90150020381C002012
:10DC900035BD0000981500202DE9F04FADB0CDE95D
:10DCA00007301C460291934618B1436B002B00F0DD
:10DCB00003850299B1F90C204B6E950405D442F40A
:10DCC000005223F400538A814B66980400F12485A6
:10DCD000029BB3F90C20110740F1D3801B69002B84
:10DCE00000F0CF8002F01A020A2A00F0D980002347
:10DCF000CDE910330DF17009CDF83C900993CA4677
:10DD000005939BF80030002B00F0F4805C4604E0A3
:10DD100014F8013F002B00F0D280252BF8D1B4EB92
:10DD20000B0540F0CF802378002B00F0E3804FF00C
:10DD300000038DF837304FF0FF320023CDE9032385
:10DD4000617804F1010B98460BF1010BA1F120035E
:10DD5000582B00F2DC80DFE813F0B201DA00DA00C1
:10DD6000AD01DA00DA00DA00DA00DA00DA00760172
:10DD7000A701DA0081018601DA00A20159005900E9
:10DD80005900590059005900590059005900DA004A
:10DD9000DA00DA00DA00DA00DA00DA00DA00DA00B3
:10DDA000DA006800DA00DA00DA00DA00DA00DA0015
:10DDB000DA00DA00DA00DA001902DA00DA00DA0052
:10DDC000DA00DA00EA01DA00DA001D04DA00DA002B
:10DDD000DA00DA00DA00DA00DA00DA00DA00DA0073
:10DDE000DD016A00DA00DA00DA00D8016A00DA0040
:10DDF000DA00CB01DA00BD011B047F027A02DA00EF
:10DE00005902DA001904DA00DA004204A1F1300301
:10DE100000221BF8011B02EB820203EB4202A1F17C
:10DE20003003092BF5D9049290E748F0100818F058
:10DE3000200F00F0D780079B073323F007031A4613
:10DE4000596852F8083B07920A460029C0F2DE8062
:10DE500003999DF837500029C0F2E38053EA02018C
:10DE600028F0800840F0DD80039B002B40F05984AF
:10DE700001934C46002D00F0BE81019A01320192BF
:10DE8000B9E1029D0898294600F0BEFC002840F048
:10DE90004384B5F90C2002F01A020A2A7FF427AF56
:10DEA000029BB3F90E30002BFFF621AF02990898C0
:10DEB00023465A462DB0BDE8F04F00F059BCB4EBF4
:10DEC0000B0517D0119B2B441193109B0133072B8B
:10DED000CAE900B5109305DC0AF1080A059B2B443A
:10DEE000059320E7029908980FAA00F005FD28B9CC
:10DEF000CA46F3E7119B002B40F00084029B9B89EC
:10DF00005B0600F1098405982DB0BDE8F08F00296B
:10DF1000F0D000238DF8373001238DF8481001939D
:10DF200012AC00220392069218F08407DDE910215A
:10DF300005D10498019D451B002D00F34F829DF8EB
:10DF4000370080B101320DF137000131CAF800000D
:10DF5000072A4FF00100CDE91021CAF8040000F3B0
:10DF600077820AF1080A069878B101320EA80231C8
:10DF7000CAF80000072A4FF00200CDE91021CAF8C4
:10DF8000040000F373820AF1080A802F00F09B81DD
:10DF90000398C51A002D00F3D58101321944072AD0
:10DFA000CDE91021CAF80040CAF8043000F302821B
:10DFB0000AF1080A18F0040F05D0049B019A9C1A74
:10DFC000002C00F36182DDE9042301988242ACBF9A
:10DFD0009B181B180593002940F0F781002310932C
:10DFE000CA468EE6079A18F0100F52F8043B0792C3
:10DFF00007D118F0400F04D043F3C03211461BB2D2
:10E0000023E7DA1711460029BFF622AF03995B42D6
:10E0100062EB42022D2500298DF8375001DB28F0F4
:10E0200080080A2B72F1000180F0F3823033DBB2FA
:10E030008DF86F30039B012BB8BF012301930DF1C5
:10E040006F04012316E7079B53F8042B0492002A60
:10E0500080F28882049A0793524204929BF800103F
:10E0600048F0040870E6584610F8011B2A2900F011
:10E070005A83A1F13003092B98BF002200F2478395
:10E0800010F8011B02EB820203EB4202A1F1300304
:10E09000092BF5D942EAE2730393834656E69BF8CF
:10E0A000001048F080084FE62B239BF800108DF8F5
:10E0B000373049E69BF8001048F0010844E69DF827
:10E0C00037309BF80010002B7FF43EAE20238DF8F4
:10E0D000373039E618F0200F00F04D82079B059A83
:10E0E0001B681A60D2175A60079B0433079308E62F
:10E0F0009BF800106C2903BF9BF8011048F0200822
:10E100000BF1010B48F010081EE69BF8001048F0D8
:10E11000400819E6079B00228DF8372053F8042B9E
:10E12000079301238DF84820019312ACF9E648F0DB
:10E13000100111F0200200F0DE81079B073323F06D
:10E14000070318465A6850F8083B079003980025C3
:10E15000A8428DF83750C0F2A782012553EA020089
:10E1600021F0800840F094800398002840F09E82BF
:10E17000002D40F0F38111F0010300F0F88130220E
:10E180008DF86F2001930DF16F0434E048F0100119
:10E1900011F0200200F0BE81079B073323F0070334
:10E1A00018465A6850F8083B079003980025A84283
:10E1B0008DF83750D2DA88464C4603F00701DB0869
:10E1C00043EA4273D208303153EA0205204604F88C
:10E1D000011DF2D118F0010F6DD030296BD0039AD8
:10E1E0000238302304F8013CA9EB00039A42B8BF7F
:10E1F0001A460446019218F0020206923FF494AEC9
:10E20000019A02320192022206928DE6079D039B3B
:10E2100055F8044B00218DF83710002C00F05E8279
:10E22000002BC0F2DF811A462046FFF7E9FA0028EA
:10E2300000F06B82031B9DF8372023EAE371019104
:10E24000002A00F0528200220795039215E69BF8FF
:10E25000001048F0200877E5079A52F8043B07922F
:10E2600047F63002ADF83820B24A099248F0020869
:10E27000002200218DF83710039900290DDB41465B
:10E2800053EA02004FF0020521F080083FF46CAF22
:10E29000012D00F05482022D8ED109984C4603F0D6
:10E2A0000F011B09415C04F8011D43EA02731209C6
:10E2B00053EA0201F3D1039AA9EB04039A42B8BFCF
:10E2C0001A46019297E70498019D451B002D7FF7A0
:10E2D0005FAE102D984E23DD06945046089C102703
:10E2E0009A4604E0103D102D00F1080015DD0132C2
:10E2F0001031072AC0E90067CDE91021F2DD02994B
:10E300000FAA204600F0F8FA00287FF4F7AD103D80
:10E31000102DDDE910214846E9DC069C5346824673
:10E3200001322944072ACDE91021CAF80060CAF851
:10E33000045000F3C5810398C51A002D0AF1080A9C
:10E340007FF72BAE102D7C4E26DD03945046089CA3
:10E35000B24610271E4604E0103D102D00F10800C3
:10E3600016DD0132744B1031072AC0E90037CDE9C0
:10E370001021F1DD02990FAA204600F0BDFA002815
:10E380007FF4BCAD103D102DDDE910214846E8DCDE
:10E39000039C33465646824601322944072ACDE97A
:10E3A0001021CAF80060CAF8045000F3C9800AF1CD
:10E3B000080AF2E5029908980FAA00F09DFA0028D1
:10E3C0007FF49CAD1199CA46F4E5029908980FAA0A
:10E3D00000F092FA00283FF401AE8FE5102D574E61
:10E3E00028DDCDE90A7450463746089C029E9A46BD
:10E3F00004E0103D102D00F1080016DD013210314F
:10E400001023072ACDE9102107604360F1DD0FAA30
:10E410003146204600F070FA00287FF46FAD103DC1
:10E42000102DDDE910214846E8DC3E460B9C0A9F92
:10E430005346824601322944072ACDE91021CAF801
:10E440000060CAF8045000F321810AF1080A76E559
:10E45000029908980A930FAA00F04EFA00287FF458
:10E460004DADDDE910210A9BCA467CE5029908986A
:10E4700006930FAA00F040FA00287FF43FADDDE9D3
:10E480001021069BCA4680E5102C109B2B4E1FDDE9
:10E49000089FDDF80880102504E0103C102C0AF1DC
:10E4A000080A15DD01331031072BCAE90065CDE9F3
:10E4B0001031F2DD0FAA4146384600F01DFA00285F
:10E4C0007FF41CAD103C102CDDE91031CA46E9DCAC
:10E4D00001332144072BCAE90064CDE910317FF7ED
:10E4E00072AD029908980FAA00F006FA00287FF48E
:10E4F00005AD119967E5079850F8043B079011F0B6
:10E5000010007FF423AE11F040023FF41FAE9BB227
:10E5100002461BE6079850F8043B079011F01000E4
:10E520007FF443AE11F040023FF43FAE9BB202468F
:10E530003BE600BFD40D00202C0600201C06002066
:10E540000299089803930FAA00F0D6F900287FF4E7
:10E55000D5ACDDE91021039BCA461EE5039B019360
:10E560004C4648E69BF800100793FFF7EDBB039A73
:10E5700001924C463FE618F0100F38D118F0400FCA
:10E5800035D0079B059A1B681A80ADE54146D0E55A
:10E590004146FDE56B4B099318F020022CD0079BF8
:10E5A000073323F0070318465A6850F8083B0790D2
:10E5B00018F0010F3FF45DAE53EA02003FF459AE8C
:10E5C0008DF8391030218DF8381000218DF8371072
:10E5D0000399002980F28D8048F002085DE65A4BCD
:10E5E0000993D9E72046F8F7C3FF034623E6079BC4
:10E5F000059A1B681A6077E5079850F8043B079066
:10E6000018F01000D4D118F040021CBF9BB2024693
:10E61000CEE74E4ECDF804A04C464FF0050E9918AB
:10E6200041F10001A6FB010727F0030000EB970072
:10E63000091A581A9A46944662F100034FF0CC32F8
:10E6400002FB00F206FB0322A0FB063003F00107E9
:10E650000244A7FB0E074018BAF10A0F4FEA530312
:10E6600000F130007CF1000C43EAC27304F8010DA4
:10E670004FEA5202D3D2039ADDF804A0A9EB0403B7
:10E680009A42B8BF1A460192FFF7F4BB0299089864
:10E690000A930FAA00F030F900287FF42FACDDE9CF
:10E6A00010210A9BCA464AE48846BAE4012D7FF449
:10E6B000F2AD00253023BBE4FEF780F9FFF7F9BA8D
:10E6C0000299089806930FAA00F016F900287FF423
:10E6D00015ACDDE91021069BCA4659E4062B28BF7C
:10E6E00006231B4C079501931BE4CDE906250392F5
:10E6F0001AE428F0800141F00208CEE5029908985A
:10E700000FAA00F0F9F8FFF7F9BB039B93E500238C
:10E7100083460393FFF71ABB4FF0FF330593FFF7D0
:10E72000F2BB302384E4079B9BF8011053F8042BC1
:10E73000079342EAE27283460392FFF705BB002586
:10E740006FE400BFC00D0020D40D0020CDCCCCCC98
:10E75000E80D002010B4054C8446134620685DF88F
:10E76000044B0A466146FFF797BA00BF9015002098
:10E7700070B50C468989ADF58D6D21F00201ADF8BB
:10E780000C101AA9009104914FF480610291059137
:10E79000616E1991E189ADF80E10E1690791616A26
:10E7A00009910021069169460646FFF775FA051E94
:10E7B00007DB69463046FFF735FA002818BF4FF0EF
:10E7C000FF35BDF80C305B0603D5A38943F0400349
:10E7D000A38128460DF58D6D70BD00BF38B50C4680
:10E7E000084D8446114620461A4600232B60644695
:10E7F000F7F7FCFC431C00D038BD2B68002BFBD086
:10E80000236038BD0828002038B52F4B1B6805460B
:10E810000C4613B15A6B002A4BD0B4F90C301807D0
:10E820001CD5226922B313F0010107D061690020D1
:10E830004942A060A1613AB1002038BD980758BF95
:10E840006169A160002AF7D1190658BF1046F4D5B6
:10E8500043F04003A3814FF0FF3038BDD9062CD5DB
:10E860005A0712D4226943F00803A381002ADAD19F
:10E8700003F42071B1F5007FD5D02146284600F081
:10E880004BF8B4F90C302269CDE7216B51B104F19A
:10E890004002914204D02846FDF78EFAB4F90C30BC
:10E8A0000022226322690021C4E9002123F024030D
:10E8B000D9E71846FEF782F8AFE7092243F0400394
:10E8C0002A60A381C7E700BF9015002038B50C4629
:10E8D000084D8446114620461A4600232B606446A4
:10E8E000F7F792FC431C00D038BD2B68002BFBD0FF
:10E8F000236038BD08280020936810B514461BB962
:10E9000018460023636010BD00F0CCF80023A3601C
:10E910000023636010BD00BF2DE9F041B1F90C3058
:10E920000C46990796B008D504F143030122C4E9C7
:10E930000432236016B0BDE8F081B4F90E1000294E
:10E94000064626DB6A4600F085F800281FDB019D9D
:10E9500005F47045A5F50055B5FA85F54FF48068C6
:10E960006D094FF4006741463046FCF709F8E8B1FD
:10E97000B4F90C30C4F8148043F0800320602061A7
:10E98000A3813DBB3B43A38116B0BDE8F081B4F940
:10E990000C3013F0800519D04FF040080025414697
:10E9A00030462F46FBF7ECFF0028E1D1B4F90C30DC
:10E9B0009A05BFD423F0030304F1430243F002039A
:10E9C0000121C4E90421A3812260B3E74FF48068E8
:10E9D0002F46C8E7B4F90E10304600F051F810B9D0
:10E9E000B4F90C30CEE7A38923F0030343F001030D
:10E9F0001BB2C7E770B50C46B1F90E10002996B0EE
:10EA000015461E4614DB6A4600F024F800280FDB8A
:10EA1000019901F47041A1F50051B1FA81F14FF46F
:10EA2000806349094FF4006031602B6016B070BDFF
:10EA3000A18911F0800106D00021402308463160F1
:10EA40002B6016B070BD4FF48063084631602B60B8
:10EA500016B070BD70B50C46084D03460026204622
:10EA600011461C462E60F7F7C7FB431C00D070BD53
:10EA70002B68002BFBD0236070BD00BF082800204E
:10EA800038B5074D0022044608462A60F7F7BAFB5E
:10EA9000431C00D038BD2B68002BFBD0236038BD51
:10EAA000082800209368002B00F0F8802DE9F04F33
:10EAB000B1F90CC01CF0080F83B0904681460C469B
:10EAC00031D00B697BB31CF00207D8F8006038D056
:10EAD0000027D4F824B0E169DFF8C4A23D465545CB
:10EAE0002B463A4628BF53464846C5B1D84700286A
:10EAF00040F3CA80D8F808301B1A07442D1AC8F80A
:10EB00000830002B00F0B68055452B46D4F824B0D1
:10EB1000E16928BF53463A464846002DE6D1D6E97A
:10EB200000750836DBE721464846FFF76DFE0028F2
:10EB300040F0AF80B4F90CC0D8F800601CF00207B8
:10EB4000C6D11CF0010A63D12368A1685746184654
:10EB50008B46002F58D01CF4007F00F0B580B942DE
:10EB60000A4600F2E1801CF4906F2FD0216962699F
:10EB70005D1A02EB420202EBD2726B1C52103B4454
:10EB8000934292BF93469B461A461CF4806F00F056
:10EB9000EA8011464846FBF7F3FE002800F0F980B2
:10EBA0002A4621690090F6F797FEA289009B22F47D
:10EBB000906242F08002A2815819ABEB0505C4F8BF
:10EBC00014B02361A5602060BB463A4651460092CE
:10EBD000FBF71AFEA1682368009AA1EB0B011A4407
:10EBE0003D46A16022600027D8F808305B1BAA448C
:10EBF000C8F80830002B3DD02368A168B4F90CC0D8
:10EC000018468B46002FA6D1D6E900A708369EE706
:10EC10003846BB463D460097002D41D0002846D0DF
:10EC2000009A2068A168D4E90473AA4228BF2A4642
:10EC3000B84204D901EB030A524500F385809342A0
:10EC400075DCE169676A5A464846B847B0F1000A80
:10EC50001ADD009BB3EB0A0300930FD00120D8F814
:10EC60000830A3EB0A03D344A5EB0A05C8F8083023
:10EC7000002BD1D1002003B0BDE8F08F21464846DB
:10EC8000FEF7D0FF0028EAD0B4F90C3043F040037F
:10EC9000A3814FF0FF3003B0BDE8F08F0020704734
:10ECA000756833460836002DFAD0D3F800B02A46EE
:10ECB0000A215846FEF7A4FD002867D00130A0EBDA
:10ECC0000B0300931A46ACE722699A4214D3626997
:10ECD000BA4211D86FF00043BB4228BF3B46656A79
:10ECE00093FBF2F3E16902FB03F348465246A8475F
:10ECF000051EC9DD7F1B77E7B94228BF39460D469F
:10ED000018460A465146FBF77FFDA1682368491B58
:10ED10002B44A16023600029ECD121464846FEF730
:10ED200081FF0028E6D0AFE7BB463A464EE759469A
:10ED30000192FBF769FD019AA3689B1AA3602368FF
:10ED400013442360924684E759465246FBF75CFD24
:10ED500023685344236021464846FEF763FF00289A
:10ED60003FF477AF90E74846FDF782FB0346002863
:10ED70007FF422AF21694846FDF71EF8B4F90C3044
:10ED80000C22C9F8002023F080037FE76A1C009260
:10ED900047E70C22B4F90C30C9F8002076E700BF31
:10EDA00000FCFF7F81F0004102E000BF83F00043E0
:10EDB00030B54FEA41044FEA430594EA050F08BF16
:10EDC00090EA020F1FBF54EA000C55EA020C7FEADA
:10EDD000645C7FEA655C00F0E2804FEA5454D4EB57
:10EDE0005555B8BF6D420CDD2C4480EA020281EA21
:10EDF000030382EA000083EA010180EA020281EA59
:10EE00000303362D88BF30BD11F0004F4FEA0131AA
:10EE10004FF4801C4CEA113102D0404261EB4101B9
:10EE200013F0004F4FEA03334CEA133302D052423F
:10EE300063EB430394EA050F00F0A780A4F10104FB
:10EE4000D5F1200E0DDB02FA0EFC22FA05F2801835
:10EE500041F1000103FA0EF2801843FA05F359411B
:10EE60000EE0A5F120050EF1200E012A03FA0EFC9A
:10EE700028BF4CF0020C43FA05F3C01851EBE371C4
:10EE800001F0004507D54FF0000EDCF1000C7EEBE1
:10EE900000006EEB0101B1F5801F1BD3B1F5001F1F
:10EEA0000CD349085FEA30004FEA3C0C04F101043E
:10EEB0004FEA445212F5800F80F09A80BCF1004F67
:10EEC00008BF5FEA500C50F1000041EB045141EAE9
:10EED000050130BD5FEA4C0C404141EB0101013CB2
:10EEE00028BFB1F5801FE9D291F0000F04BF0146A1
:10EEF0000020B1FA81F308BF2033A3F10B03B3F173
:10EF000020020CDA0C3208DD02F1140CC2F10C0202
:10EF100001FA0CF021FA02F10CE002F11402D8BF60
:10EF2000C2F1200C01FA02F120FA0CFCDCBF41EA2C
:10EF30000C019040E41AA2BF01EB0451294330BDFB
:10EF40006FEA04041F3C1CDA0C340EDC04F11404D8
:10EF5000C4F1200220FA04F001FA02F340EA0300AF
:10EF600021FA04F345EA030130BDC4F10C04C4F1F5
:10EF7000200220FA02F001FA04F340EA03002946D5
:10EF800030BD21FA04F0294630BD94F0000F83F41F
:10EF9000801306BF81F480110134013D4EE77FEA02
:10EFA000645C18BF7FEA655C29D094EA050F08BF4E
:10EFB00090EA020F05D054EA000C04BF194610462F
:10EFC00030BD91EA030F1EBF0021002030BD5FEA73
:10EFD000545C05D14000494128BF41F0004130BD9B
:10EFE00014F580043CBF01F5801130BD01F00045EF
:10EFF00045F0FE4141F470014FF0000030BD7FEA62
:10F00000645C1ABF194610467FEA655C1CBF0B465C
:10F01000024650EA013406BF52EA033591EA030F73
:10F0200041F4002130BD00BF90F0000F04BF00216B
:10F03000704730B54FF4806404F132044FF000059E
:10F040004FF0000150E700BF90F0000F04BF002117
:10F05000704730B54FF4806404F1320410F000457D
:10F0600048BF40424FF000013EE700BF42004FEA78
:10F07000E2014FEA31014FEA02701FBF12F07F43F5
:10F0800093F07F4F81F06051704732F07F4208BFAC
:10F09000704793F07F4F04BF41F40021704730B5B3
:10F0A0004FF4607401F0004521F000411CE700BFFF
:10F0B00050EA010208BF704730B54FF000050AE082
:10F0C00050EA010208BF704730B511F0004502D583
:10F0D000404261EB41014FF4806404F132045FEA85
:10F0E000915C3FF4D8AE4FF003025FEADC0C18BF2E
:10F0F00003325FEADC0C18BF033202EBDC02C2F120
:10F10000200300FA03FC20FA02F001FA03FE40EAB1
:10F110000E0021FA02F11444BDE600BF08B5024614
:10F120000B4643EC172BB5EEC07BF1EE10FA03D47F
:10F13000BDE8084000F00CB8B1EE477B51EC170B6E
:10F1400000F006F8404261EB410108BD00000000FC
:10F150009FED0B6B41EC170B9FED0B5B27EE066BE6
:10F16000BCEEC66BB8EE464BA4EE457BFCEEC77B0F
:10F1700016EE101A17EE900A704700BFAFF300802A
:10F18000000000000000F03D000000000000F04121
:10F190005FF800F0891D00605FF800F0351D006029
:04F1A000F8B500BFFF
:08F1A4002C83FF7F0100000035
:10F1AC000000000000000000000000000000000053
:10F1BC000000000000000000000000000000000043
:10F1CC000000000000000000000000000000000033
:10F1DC000000000000000000000000000000000023
:10F1EC000000000000000000000000000000000013
:10F1FC000000000000000000000000000000000003
:10F20C0000000000000000000000000000000000F2
:10F21C0000000000000000000000000000000000E2
:10F22C0000000000000000000000000000000000D2
:10F23C0000000000000000000000000000000000C2
:10F24C0000000000000000000000000000000000B2
:10F25C0000000000000000000000000000000000A2
:10F26C000000000000000000000000000000000092
:10F27C000000000000000000000000000000000082
:10F28C000000000000000000000000000000000072
:10F29C000000000000000000000000000000000062
:10F2AC000000000000000000000000000000000052
:10F2BC000000000000000000000000000000000042
:10F2CC000000000000000000000000000000000032
:10F2DC000000000000000000000000000000000022
:10F2EC000000000000000000000000000000000012
:10F2FC000000000000000000000000000000000002
:10F30C0000000000000000000000000000000000F1
:10F31C0000000000000000000000000000000000E1
:10F32C0000000000000000000000000000000000D1
:10F33C0000000000000000000000000000000000C1
:10F34C0000000000000000000000000000000000B1
:10F35C0000000000000000000000000000000000A1
:10F36C000000000000000000000000000000000091
:10F37C000000000000000000000000000000000081
:10F38C000000000000000000000000000000000071
:10F39C000000000000000000000000000000000061
:10F3AC000000000000000000000000000000000051
:10F3BC000000000000000000000000000000000041
:10F3CC000000000000000000000000000000000031
:10F3DC000000000000000000000000000000000021
:10F3EC000000000000000000000000000000000011
:10F3FC000000000000000000000000000000000001
:10F40C0000000000000000000000000000000000F0
:10F41C0000000000000000000000000000000000E0
:10F42C0035000000CEFBFFFFCB0300000100000005
:10F43C000000000034000000CEFBFFFFCB030000F7
:10F44C000100000000000000BC89D897B2D29C3C9F
:10F45C0033A7A8D523F649393DA7F444FD0FA532AF
:10F46C009D978CCF08BA5B25436FAC642806681156
:10F47C0005000000190000007D00000000000000E5
:10F48C00000000000000F03F0000000000002440DD
:10F49C0000000000000059400000000000408F40B8
:10F4AC00000000000088C34000000000006AF84023
:10F4BC000000000080842E4100000000D012634147
:10F4CC000000000084D797410000000065CDCD41BD
:10F4DC00000000205FA00242000000E8764837429E
:10F4EC00000000A2941A6D42000040E59C30A2423C
:10F4FC000000901EC4BCD64200003426F56B0C43B1
:10F50C000080E03779C3414300A0D8855734764357
:10F51C0000C84E676DC1AB43003D9160E458E143B8
:10F52C00408CB5781DAF154450EFE2D6E41A4B442D
:10F53C0092D54D06CFF08044F64AE1C7022DB54472
:10F54C00B49DD9794378EA44BC89D897B2D29C3C13
:10F55C0033A7A8D523F649393DA7F444FD0FA532AE
:10F56C009D978CCF08BA5B25436FAC642806C80AFC
:10F57C000080E03779C34143176E05B5B5B89346A3
:10F58C00F5F93FE9034F384D321D30F94877825A6F
:10F59C003CBF737FDD4F15752020202020202020BC
:10F5AC0020202020202020203030303030303030CF
:10F5BC0030303030303030300000000000000000BF
:10F5CC00000000000000000000000000000000002F
:10F5DC00000000000000000000000000000000001F
:10F5EC000000000000000000101112131415161773
:10F5FC001819000000000000001A1B1C1D1E1F0023
:10F60C0000000000000000000000000000000000EE
:10F61C000000000000000000001A1B1C1D1E1F0033
:10F62C0000000000000000000000000000000000CE
:10F63C0000000000000000000000000000000000BE
:10F64C0000000000000000000000000000000000AE
:10F65C00000000000000000000000000000000009E
:10F66C00000000000000000000000000000000008E
:10F67C00000000000000000000000000000000007E
:10F68C00000000000000000000000000000000006E
:10F69C00000000000000000000000000000000005E
:10F6AC00000000000000000000000000000000004E
:10F6BC00000000000000000000202020202020205E
:10F6CC002020282828282820202020202020202006
:10F6DC002020202020202020208810101010101016
:10F6EC001010101010101010100404040404040462
:10F6FC0004040410101010101010414141414141FC
:10F70C0001010101010101010101010101010101DD
:10F71C0001010101101010101010424242424242ED
:10F72C0002020202020202020202020202020202AD
:10F73C000202020210101010200000000000000055
:10F74C0000000000000000000000000000000000AD
:10F75C00000000000000000000000000000000009D
:10F76C00000000000000000000000000000000008D
:10F77C00000000000000000000000000000000007D
:10F78C00000000000000000000000000000000006D
:10F79C00000000000000000000000000000000005D
:10F7AC00000000000000000000000000000000004D
:10F7BC0000000000000000000000000020202020BD
:10F7CC0020202020202020202020202030303030ED
:10F7DC003030303030303030303030303C0D002074
:10F7EC00440D00204C0D0020540D0020580D00201D
:10F7FC00600D0020200D0020101112131415161787
:10F80C001F202223242526273F0000000405030285
:10F81C00010000002A253032580A000053542025DC
:10F82C007320256C7500000020252E336600000027
:10F83C00202530326C582025303258004556542043
:10F84C004641554C5420257300000000312E302EBB
:10F85C00300000004F52494F4E2D36004556542073
:10F86C00424F4F54202573206677257320617865AD
:10F87C00733D256400000000696E766572740000AB
:10F88C00686F6D655F656E00686F6D655F6469724A
:10F89C00000000007761746368646F67000000000B
:10F8AC0073747265616D5F64656C61790000000052
:10F8BC004F4B205345542025732025750000000024
:10F8CC00677269705F636C6F7365640067726970EF
:10F8DC005F6F70656E000000455252203320636CE0
:10F8EC006520696E636F6E6E756520257300000070
:10F8FC0045525220332061786520312E2E2564200C
:10F90C006F75202A0000000073746570735F70655A
:10F91C00725F646567000000766D6178000000001E
:10F92C00616D617800000000686F6D655F737065D4
:10F93C0065640000686F6D655F736C6F7700000025
:10F94C00455252203320257320646F6974206574EE
:10F95C007265203E20300000455252203420726FD8
:10F96C00626F7420656E206D6F7576656D656E7453
:10F97C00000000006D696E004552522033206D6905
:10F98C006E203E3D206D617820284A2564290000B8
:10F99C006D6178004552522033206D6178203C3DDA
:10F9AC00206D696E20284A25642900004F4B205396
:10F9BC00455420257320257320252E356700000023
:10F9CC004F4B2025750000004552522033204745EF
:10F9DC005420636C652061786528312E2E256429AE
:10F9EC00000000004F4B20252E3567004F4B202583
:10F9FC00640000004552522035204A256420686F6F
:10FA0C007273206275746565732028252E32662901
:10FA1C00000000004F4B204D4A20252E336600007D
:10FA2C00455252203520666C7578203A204A256460
:10FA3C002074726F70206C6F696E206465206C612D
:10FA4C0020706F736974696F6E2061637475656C77
:10FA5C006C6520284D4A20642761626F726429000E
:10FA6C004F4B20484F4D452030782530326C580094
:10FA7C00617563756E0000004F4B20534156450075
:10FA8C00455252203820454550524F4D20696E64E6
:10FA9C006973706F6E69626C650000004F4B204497
:10FAAC00454641554C5453004F4B204C4F4144005C
:10FABC00455252203120736F6D6D65206465206353
:10FACC006F6E74726F6C65002009000050494E47D0
:10FADC00000000004F4B20504F4E472025732066EE
:10FAEC0077257320617865733D2564005645520077
:10FAFC004F4B20564552202573000000535441545F
:10FB0C0000000000464C54004F4B20464C5420251E
:10FB1C007300000053545245414D00004F4B20538D
:10FB2C00545245414D202575000000004F4B204597
:10FB3C0053544F5000000000434C52004552522089
:10FB4C0037206172726574206427757267656E6305
:10FB5C0065206163746966004F4B20434C52000072
:10FB6C00455252203420646566617574206163745B
:10FB7C0069662028434C5229000000004F4B204559
:10FB8C004E20256400000000475249500000000040
:10FB9C00455252203320475249502070637428300C
:10FBAC002E2E3130302900004F4B20475249502027
:10FBBC00252E306600000000455252203320444F61
:10FBCC00206E28302E2E3729207628302F31290010
:10FBDC00455252203320736F7274696520302E2E7B
:10FBEC00370000004F4B20444F2025642025640033
:10FBFC004F4B2044492025303258000053455400C7
:10FC0C0047455400534156450000000045525220D0
:10FC1C00332053455420636C6520617865207661F0
:10FC2C006C657572207C2047455420636C6520619F
:10FC3C007865000045525220332076616C657572F0
:10FC4C0020696E76616C6964650000004C4F41441C
:10FC5C000000000044454641554C54530000000040
:10FC6C00455252203820636F6E66696775726174F5
:10FC7C00696F6E20454550524F4D20696E76616C10
:10FC8C00696465004F4B2053544F5000484F4D450D
:10FC9C00000000004552522034206163746976657F
:10FCAC0072206C6573206D6F7465757273202845B6
:10FCBC004E203129202F206574617420257300009B
:10FCCC005A45524F000000004552522034206D6FAF
:10FCDC007465757273206163746966732065742032
:10FCEC00726F626F7420696D6D6F62696C652072E2
:10FCFC0065717569730000004F4B205A45524F00D7
:10FD0C004A47000045525220342065746174202506
:10FD1C00730000004552522033204A472061786519
:10FD2C0028312E2E2564292064656C7461287C642E
:10FD3C007C3C3D33302900004D4A00004552522096
:10FD4C00342070726973652064276F726967696EFD
:10FD5C006520726571756973652028484F4D452083
:10FD6C006F75205A45524F29000000004552522011
:10FD7C0033204D4A20542071312E2E712564000001
:10FD8C005350000045525220342070726973652024
:10FD9C0064276F726967696E652072657175697326
:10FDAC00650000004552522033205350207365717A
:10FDBC0020745F6D732071312E2E712564205B765B
:10FDCC00312E2E7625645D00455252203220636F11
:10FDDC006D6D616E646520696E636F6E6E75652006
:10FDEC00257300004552522033206C69676E6520E4
:10FDFC0074726F70206C6F6E677565004556542079
:10FE0C005741544348444F47000000004556542086
:10FE1C0053544F505045440045565420444F4E4582
:10FE2C000000000045565420484F4D45440000004A
:10FE3C0070726973652064276F726967696E6520DB
:10FE4C004A2564203A206361707465757220626C77
:10FE5C006F7175650000000070726973652064270E
:10FE6C006F726967696E65204A2564203A20636168
:10FE7C00707465757220696E74726F757661626CE0
:10FE8C006500000070726973652064276F72696782
:10FE9C00696E65204A2564203A206361707465752B
:10FEAC00722070657264750045565420484F4D455C
:10FEBC00445F4158495320256400000045565420A6
:10FECC004553544F5000000066696E2064652063F2
:10FEDC006F75727365204A256400000049444C45D7
:10FEEC00000000005245414459000000484F4D4964
:10FEFC004E47000052554E00484F4C440000000045
:10FF0C004641554C54000000686F6D655F706F730F
:10FF1C0000000000686F6D655F6261636B6F666601
:10FF2C0000000000686F6D655F706F736500000006
:10FF3C002E0000006E660000696E69747900000086
:10FF4C00616E000043000000504F53495800000000
:10FF5C00494E4600696E66004E414E006E616E0061
:10FF6C0030313233343536373839414243444546E3
:10FF7C0000000000303132333435363738396162A5
:10FF8C006364656600000000286E756C6C290000C7
:10FF9C0042616C6C6F632073756363656564656443
:10FFAC00000000002E2E2F2E2E2F2E2E2F2E2E2F19
:10FFBC002E2E2F2E2E2F6E65776C69622F6C696238
:10FFCC00632F7374646C69622F6764746F612D673F
:10FFDC0065746865782E6300496E66696E6974791C
:10FFEC00000000004E614E002E2E2F2E2E2F2E2E96
:04FFFC002F2E2E2F47
:02000004600199
:100000002E2E2F2E2E2F6E65776C69622F6C6962F3
:10001000632F7374646C69622F64746F612E630064
:100020002C2066756E6374696F6E3A2000000000C4
:10003000617373657274696F6E2022257322206666
:1000400061696C65643A2066696C652022257322BB
:100050002C206C696E65202564257325730A0000C9
:100060002E2E2F2E2E2F2E2E2F2E2E2F2E2E2F2EAB
:100070002E2F6E65776C69622F6C6962632F7374C3
:10008000646C69622F6D707265632E6300000000FE
:10009000C52E0000C92E0000CD2E0000D12E00007C
:1000A000FFFF01FFFFFF0000000000000000000054
:1000B0000000F0420000B4420000DC4200002A438D
:1000C00000002A43000048430000964300004843D4
:1000D00000009643000016440000164400002F4420
:1000E00000000040000000400000004000004040D0
:1000F00000004040000040400000A041000070416E
:10010000000070410000F0410000F0410000F041AB
:1001100000000000000000000000000000000000DF
:100120000000B44200000000E3385E4355558543AB
:10013000E3385E431DC731431DC731431DC73143FB
:100140000000804000008040000080400000A0408F
:100150000000A0400000A0400101010101010000D9
:10016000010101010101000000002CC3000005C3D2
:100170000000784200002CC30000EAC2000036C331
:10018000030507090B0E000000002A43000002438C
:100190000000704200002A430000E64200003443A1
:1001A00000002AC3000002C300002AC300002AC3C3
:1001B0000000E6C2000034C3020406080A0C000076
:1001C00018191A1B1C1D0000000000000000000090
:1001D000BD2E0000ED4C0000E94C0000E54C000095
:1001E000E14C00003531000039310000DD4C0000E9
:1001F0000000000000000000F1000000B10100005C
:1002000025010000490100006D010000A900000067
:10021000C1000000C900000099010000CD010000EC
:10022000FD01000015030000DD02000001010000D7
:10023000CD00000068070020D4070020F007002050
:100240007807002080070020680D00208807002024
:1002500094070020740D0020840D0020D9000000B8
:10026000DD000000E5000000ED000000000000429D
:10027000C8801F40B8821F400800000000000042F4
:10028000C4801F40B4821F400400000000C0004230
:1002900024801F4014821F401000000000C0004254
:1002A00028801F4018821F402000000000C000422C
:1002B0002C801F401C821F404000000000C00042F4
:1002C00034801F4024821F40000100000040004293
:1002D00064811F4054831F4000040000004000421E
:1002E00080811F4070831F400000020000400042D8
:1002F0007C811F406C831F400000010000400042D1
:1003000068811F4058831F400008000000400042E1
:100310003C811F402C831F40010000000040004230
:1003200044811F4034831F4004000000004000420D
:1003300040811F4030831F40020000000040004207
:1003400048811F4038831F40080000000000004221
:1003500004811F40F4821F4000000400000000429E
:1003600008811F40F8821F40000008000000004282
:1003700018811F4008831F400000800000000042D9
:1003800014811F4004831F40000040000000004211
:1003900000811F40F0821F40000002000000004268
:1003A000FC801F40EC821F40000001000000004262
:1003B00024811F4014831F400000000400000042FD
:1003C00028811F4018831F400000000800000042E1
:1003D0001C811F400C831F400000000100000042F0
:1003E00020811F4010831F400000000200000042D7
:1003F000EC801F40DC821F40001000000000004223
:10040000F0801F40E0821F400020000000000042FA
:1004100034811F4024831F40000000400000004240
:1004200038811F4028831F40000000800080004268
:1004300094801F4084821F400000040000C00042DE
:1004400090801F4080821F4000000080008000429A
:10045000A8801F4098821F4000008000008000425A
:10046000A4801F4094821F400000400000400042D2
:100470006C811F405C831F400010000000C00042E0
:1004800030801F4020821F4080000000004000425A
:10049000B0811F40A0831F400000002000400042A8
:1004A000AC811F409C831F400000001000400042B0
:1004B00084811F4074831F400000040000400042FC
:1004C00088811F4078831F40000008000000004220
:1004D0002C811F401C831F400000001000000042C0
:1004E00030811F4020831F40000000200000004298
:1004F0000C811F40FC821F400000100000000042E1
:1005000010811F4000831F40000020000080004237
:10051000C8811F40B8831F40008000000080004257
:10052000C4811F40B4831F4000400000008000428F
:10053000C0811F40B0831F400020000000800042A7
:10054000BC811F40AC831F400010000000800042AF
:10055000D0811F40C0831F40000002000080004285
:10056000CC811F40BC831F400000010000C000423E
:1005700074801F4064821F400000000100C00042E0
:1005800080801F4070821F400000000800C00042B1
:1005900084801F4074821F400000001000C0004291
:1005A0006C801F405C821F400000400000C0004281
:1005B0007C801F406C821F400000000400C000428D
:1005C00078801F4068821F400000000200C0004287
:1005D00088801F4078821F40000000200101000435
:1005E0000100000401320101013202010110010188
:1005F00001110101011201020103020601030106BA
:1006000001120202020000010202000102010001C7
:10061000021000010222000102230001000000007C
:100620000000000002210001022000010000000083
:10063000000000000130010101310101010200044C
:10064000010300040000000000000000012102017D
:100650000121010100000000000000000000000076
:10066000011002010000000000000000011301065B
:10067000011302060000000000000000000000005E
:10068000000000000101020101010101010002015D
:10069000010001010102020101020101000000004C
:1006A0000000000000000000012302010000000023
:1006B000000000000120010100010000881C002052
:1006C0001200000000060000E41E00600A000000A6
:1006D00000020000801E00606200000000070000B1
:1006E0001C1E006062000000EE030000C41C00201D
:1006F00012000000000004EE9C1C002028000000F6
:1007000000030000181E006000000000010309043F
:10071000001E00600000000002030904E81D0060E4
:100720000000000003030904D81C002000000000A2
:1007300000000000000000000000000098150020EC
:100740000000000000000000C82600203027002024
:1007500098270020000000000000000000000000BA
:100760000000000000000000000000000000000089
:100770000000000000000000000000000000000079
:100780000000000000000000000000000000000069
:100790000000000000000000000000000000000059
:1007A0000000000000000000000000000000000049
:1007B0000000000000000000000000000000000039
:1007C0000000000000000000000000000000000029
:1007D0000000000000000000000000000100000018
:1007E000000000000E33CDAB34126DE6ECDE0500E8
:1007F0000B000000000000000000000000000000EE
:1008000000000000000000000000000000000000E8
:1008100000000000000000000000000000000000D8
:1008200000000000000000000000000000000000C8
:1008300000000000000000000000000000000000B8
:1008400000000000000000000000000000000000A8
:100850000000000000000000000000000000000098
:10086000000000000000000000000000B81600209A
:10087000B8160020C0160020C0160020C8160020A0
:10088000C8160020D0160020D0160020D816002050
:10089000D8160020E0160020E0160020E816002000
:1008A000E8160020F0160020F0160020F8160020B0
:1008B000F81600200017002000170020081700205D
:1008C000081700201017002010170020181700200C
:1008D00018170020201700202017002028170020BC
:1008E000281700203017002030170020381700206C
:1008F000381700204017002040170020481700201C
:1009000048170020501700205017002058170020CB
:10091000581700206017002060170020681700207B
:10092000681700207017002070170020781700202B
:1009300078170020801700208017002088170020DB
:10094000881700209017002090170020981700208B
:1009500098170020A0170020A0170020A81700203B
:10096000A8170020B0170020B0170020B8170020EB
:10097000B8170020C0170020C0170020C81700209B
:10098000C8170020D0170020D0170020D81700204B
:10099000D8170020E0170020E0170020E8170020FB
:1009A000E8170020F0170020F0170020F8170020AB
:1009B000F817002000180020001800200818002058
:1009C0000818002010180020101800201818002007
:1009D00018180020201800202018002028180020B7
:1009E0002818002030180020301800203818002067
:1009F0003818002040180020401800204818002017
:100A000048180020501800205018002058180020C6
:100A10005818002060180020601800206818002076
:100A20006818002070180020701800207818002026
:100A300078180020801800208018002088180020D6
:100A40008818002090180020901800209818002086
:100A500098180020A0180020A0180020A818002036
:100A6000A8180020B0180020B0180020B8180020E6
:100A7000B8180020C0180020C0180020C818002096
:100A8000C8180020D0180020D0180020D818002046
:100A9000D8180020E0180020E0180020E8180020F6
:100AA000E8180020F0180020F0180020F8180020A6
:100AB000F818002000190020001900200819002053
:100AC0000819002010190020101900201819002002
:100AD00018190020201900202019002028190020B2
:100AE0002819002030190020301900203819002062
:100AF0003819002040190020401900204819002012
:100B000048190020501900205019002058190020C1
:100B10005819002060190020601900206819002071
:100B20006819002070190020701900207819002021
:100B300078190020801900208019002088190020D1
:100B40008819002090190020901900209819002081
:100B500098190020A0190020A0190020A819002031
:100B6000A8190020B0190020B0190020B8190020E1
:100B7000B8190020C0190020C0190020C819002091
:100B8000C8190020D0190020D0190020D819002041
:100B9000D8190020E0190020E0190020E8190020F1
:100BA000E8190020F0190020F0190020F8190020A1
:100BB000F8190020001A0020001A0020081A00204E
:100BC000081A0020101A0020101A0020181A0020FD
:100BD000181A0020201A0020201A0020281A0020AD
:100BE000281A0020301A0020301A0020381A00205D
:100BF000381A0020401A0020401A0020481A00200D
:100C0000481A0020501A0020501A0020581A0020BC
:100C1000581A0020601A0020601A0020681A00206C
:100C2000681A0020701A0020701A0020781A00201C
:100C3000781A0020801A0020801A0020881A0020CC
:100C4000881A0020901A0020901A0020981A00207C
:100C5000981A0020A01A0020A01A0020A81A00202C
:100C6000A81A0020B01A0020B01A0020FFFFFFFFD2
:100C7000000002000000000043000000000000002F
:100C80000000000000000000000000000000000064
:100C90000000000000000000430000000000000011
:100CA0000000000000000000000000000000000044
:100CB00000000000000000004300000000000000F1
:100CC0000000000000000000000000000000000024
:100CD00000000000000000004300000000000000D1
:100CE0000000000000000000000000000000000004
:100CF00000000000000000004300000000000000B1
:100D000000000000000000000000000000000000E3
:100D10000000000000000000430000000000000090
:100D200000000000000000000000000000000000C3
:100D30000000000000000000430000000000000070
:100D400000000000000000000000000000000000A3
:100D5000000000000000000025A300004D880000F6
:100D60000000000018050020900D0020800E0020DB
:100D7000800E0020800E0020800E0020800E0020BB
:100D8000800E0020800E0020800E0020800E0020AB
:100D9000FFFFFFFFFFFFFFFFFFFFFFFFFFFF000061
:100DA00001004153434949000000000000000000D9
:100DB0000000000000000000000000000000000033
:100DC00000004153434949000000000000000000BA
:100DD0000000000000000000000000000000000013
:100DE000000000000000000003000000C8260020F2
:100DF0000029DE07007B9A17241000200000000065
:100E0000E803000000000000000000008000000077
:100E10004C10002000000000000000000000000056
:100E2000010000000000000080000000FFFFFFFF45
:100E30008030202012010002EF020140C01683041E
:100E400080020102030100002800000000010400EC
:100E50000100000000000000020157494E555342B6
:100E60000000000000000000000000000000000082
:100E700012034D0053004600540031003000300092
:100E8000F80000000C03000000000000000000005B
:100E9000000000000000000000000800000000004A
:100EA0000000000000000000000000000000000042
:100EB0000000000000000000000000000000000032
:100EC0000000000000000000000000000000000022
:100ED0000000000000000000000000000000000012
:100EE0000000000000000000000000000000000002
:100EF00000000000000000000000000000000000F2
:100F000000000000000000000000000000000000E1
:100F100000000000000000000000000000000000D1
:100F200000000000000000000000000000000000C1
:100F300000000000000000000000000000000000B1
:100F400000000000000000000000000000000000A1
:100F50000000000000000000000000000000000091
:100F60000000000000000000000000000000000081
:100F70000000000000000000000000000000000071
:100F80000000000000000000000000000000000061
:100F90000000000000000000000000000000000051
:100FA0000000000000000000000000000000000041
:100FB0000000000000000000000000000000000031
:100FC0000000000000000000000000000000000021
:100FD0000000000000000000000000000000000011
:100FE0000000000000000000000000000000000001
:100FF00000000000000000000000000000000000F1
:1010000000000000000000000000000000000000E0
:1010100000000000000000000000000000000000D0
:1010200000000000000000000000000000000000C0
:1010300000000000000000000000000000000000B0
:1010400000000000000000000000000000000000A0
:101050000000000000000000000000000000000090
:101060000000000000000000000000000000000080
:101070000000000000000000000000000000000070
:101080000000000000000000000000000000000060
:101090000000000000000000000000000000000050
:1010A0000000000000000000000000000000000040
:1010B0000000000000000000000000000000000030
:1010C0000000000000000000000000000000000020
:1010D0000000000000000000000000000000000010
:1010E0000000000000000000000000000000000000
:1010F00000000000000000000000000000000000F0
:1011000000000000000000000000000000000000DF
:1011100000000000000000000000000000000000CF
:1011200000000000000000000000000000000000BF
:1011300000000000000000000000000000000000AF
:10114000000000000000000000000000000000009F
:10115000000000000000000000000000000000008F
:10116000000000000000000000000000000000007F
:10117000000000000000000000000000000000006F
:10118000000000000000000000000000000000005F
:10119000000000000000000000000000000000004F
:1011A000000000000000000000000000000000003F
:1011B000000000000000000000000000000000002F
:1011C000000000000000000000000000000000001F
:1011D000000000000000000000000000000000000F
:1011E00000000000000000000000000000000000FF
:1011F00000000000000000000000000000000000EF
:1012000000000000000000000000000000000000DE
:1012100000000000000000000000000000000000CE
:1012200000000000000000000000000000000000BE
:1012300000000000000000000000000000000000AE
:10124000000000000000000000000000000000009E
:10125000000000000000000000000000000000008E
:10126000000000000000000000000000000000007E
:10127000000000000000000000000000000000006E
:10128000000000000000000000000000000000005E
:10129000000000000000000000000000000000004E
:1012A000000000000000000000000000000000003E
:1012B000000000000000000000000000000000002E
:1012C000000000000000000000000000000000001E
:1012D000000000000000000000000000000000000E
:1012E00000000000000000000000000000000000FE
:1012F00000000000000000000000000000000000EE
:1013000000000000000000000000000000000000DD
:1013100000000000000000000000000000000000CD
:1013200000000000000000000000000000000000BD
:1013300000000000000000000000000000000000AD
:10134000000000000000000000000000000000009D
:10135000000000000000000000000000000000008D
:10136000000000000000000000000000000000007D
:10137000000000000000000000000000000000006D
:10138000000000000000000000000000000000005D
:10139000000000000000000000000000000000004D
:1013A000000000000000000000000000000000003D
:1013B000000000000000000000000000000000002D
:1013C000000000000000000000000000000000001D
:1013D000000000000000000000000000000000000D
:1013E00000000000000000000000000000000000FD
:1013F00000000000000000000000000000000000ED
:1014000000000000000000000000000000000000DC
:1014100000000000000000000000000000000000CC
:1014200000000000000000000000000000000000BC
:1014300000000000000000000000000000000000AC
:10144000000000000000000000000000000000009C
:10145000000000000000000000000000000000008C
:0C14600000000000000000000000000080
:10146C00FFFFFFFFFFFFFFFFFFFFFFFFFFFFFFFF80
:10147C00FFFFFFFFFFFFFFFFFFFFFFFFFFFFFFFF70
:10148C00FFFFFFFFFFFFFFFFFFFFFFFFFFFFFFFF60
:10149C00FFFFFFFFFFFFFFFFFFFFFFFFFFFFFFFF50
:1014AC00FFFFFFFFFFFFFFFFFFFFFFFFFFFFFFFF40
:1014BC00FFFFFFFFFFFFFFFFFFFFFFFFFFFFFFFF30
:1014CC00FFFFFFFFFFFFFFFFFFFFFFFFFFFFFFFF20
:1014DC00FFFFFFFFFFFFFFFFFFFFFFFFFFFFFFFF10
:1014EC00FFFFFFFFFFFFFFFFFFFFFFFFFFFFFFFF00
:1014FC00FFFFFFFFFFFFFFFFFFFFFFFFFFFFFFFFF0
:10150C00FFFFFFFFFFFFFFFFFFFFFFFFFFFFFFFFDF
:10151C00FFFFFFFFFFFFFFFFFFFFFFFFFFFFFFFFCF
:10152C00FFFFFFFFFFFFFFFFFFFFFFFFFFFFFFFFBF
:10153C00FFFFFFFFFFFFFFFFFFFFFFFFFFFFFFFFAF
:10154C00FFFFFFFFFFFFFFFFFFFFFFFFFFFFFFFF9F
:10155C00FFFFFFFFFFFFFFFFFFFFFFFFFFFFFFFF8F
:10156C00FFFFFFFFFFFFFFFFFFFFFFFFFFFFFFFF7F
:10157C00FFFFFFFFFFFFFFFFFFFFFFFFFFFFFFFF6F
:10158C00FFFFFFFFFFFFFFFFFFFFFFFFFFFFFFFF5F
:10159C00FFFFFFFFFFFFFFFFFFFFFFFFFFFFFFFF4F
:1015AC00FFFFFFFFFFFFFFFFFFFFFFFFFFFFFFFF3F
:1015BC00FFFFFFFFFFFFFFFFFFFFFFFFFFFFFFFF2F
:1015CC00FFFFFFFFFFFFFFFFFFFFFFFFFFFFFFFF1F
:1015DC00FFFFFFFFFFFFFFFFFFFFFFFFFFFFFFFF0F
:1015EC00FFFFFFFFFFFFFFFFFFFFFFFFFFFFFFFFFF
:1015FC00FFFFFFFFFFFFFFFFFFFFFFFFFFFFFFFFEF
:10160C00FFFFFFFFFFFFFFFFFFFFFFFFFFFFFFFFDE
:10161C00FFFFFFFFFFFFFFFFFFFFFFFFFFFFFFFFCE
:10162C00FFFFFFFFFFFFFFFFFFFFFFFFFFFFFFFFBE
:10163C00FFFFFFFFFFFFFFFFFFFFFFFFFFFFFFFFAE
:10164C00FFFFFFFFFFFFFFFFFFFFFFFFFFFFFFFF9E
:10165C00FFFFFFFFFFFFFFFFFFFFFFFFFFFFFFFF8E
:10166C00FFFFFFFFFFFFFFFFFFFFFFFFFFFFFFFF7E
:10167C00FFFFFFFFFFFFFFFFFFFFFFFFFFFFFFFF6E
:10168C00FFFFFFFFFFFFFFFFFFFFFFFFFFFFFFFF5E
:10169C00FFFFFFFFFFFFFFFFFFFFFFFFFFFFFFFF4E
:1016AC00FFFFFFFFFFFFFFFFFFFFFFFFFFFFFFFF3E
:1016BC00FFFFFFFFFFFFFFFFFFFFFFFFFFFFFFFF2E
:1016CC00FFFFFFFFFFFFFFFFFFFFFFFFFFFFFFFF1E
:1016DC00FFFFFFFFFFFFFFFFFFFFFFFFFFFFFFFF0E
:1016EC00FFFFFFFFFFFFFFFFFFFFFFFFFFFFFFFFFE
:1016FC00FFFFFFFFFFFFFFFFFFFFFFFFFFFFFFFFEE
:10170C00FFFFFFFFFFFFFFFFFFFFFFFFFFFFFFFFDD
:10171C00FFFFFFFFFFFFFFFFFFFFFFFFFFFFFFFFCD
:10172C00FFFFFFFFFFFFFFFFFFFFFFFFFFFFFFFFBD
:10173C00FFFFFFFFFFFFFFFFFFFFFFFFFFFFFFFFAD
:10174C00FFFFFFFFFFFFFFFFFFFFFFFFFFFFFFFF9D
:10175C00FFFFFFFFFFFFFFFFFFFFFFFFFFFFFFFF8D
:10176C00FFFFFFFFFFFFFFFFFFFFFFFFFFFFFFFF7D
:10177C00FFFFFFFFFFFFFFFFFFFFFFFFFFFFFFFF6D
:10178C00FFFFFFFFFFFFFFFFFFFFFFFFFFFFFFFF5D
:10179C00FFFFFFFFFFFFFFFFFFFFFFFFFFFFFFFF4D
:1017AC00FFFFFFFFFFFFFFFFFFFFFFFFFFFFFFFF3D
:1017BC00FFFFFFFFFFFFFFFFFFFFFFFFFFFFFFFF2D
:1017CC00FFFFFFFFFFFFFFFFFFFFFFFFFFFFFFFF1D
:1017DC00FFFFFFFFFFFFFFFFFFFFFFFFFFFFFFFF0D
:1017EC00FFFFFFFFFFFFFFFFFFFFFFFFFFFFFFFFFD
:1017FC00FFFFFFFF000000000000000000000000E1
:10180C0000000000000000000000000000000000CC
:10181C0000000000000000000000000000000000BC
:10182C0000000000000000000000000000000000AC
:10183C00000000000000000000000000000000009C
:10184C00000000000000000000000000000000008C
:10185C00000000000000000000000000000000007C
:10186C00000000000000000000000000000000006C
:10187C00000000000000000000000000000000005C
:10188C00000000000000000000000000000000004C
:10189C00000000000000000000000000000000003C
:1018AC00000000000000000000000000000000002C
:1018BC00000000000000000000000000000000001C
:1018CC00000000000000000000000000000000000C
:1018DC0000000000000000000000000000000000FC
:1018EC0000000000000000000000000000000000EC
:1018FC0000000000000000000000000000000000DC
:10190C0000000000000000000000000000000000CB
:10191C0000000000000000000000000000000000BB
:10192C0000000000000000000000000000000000AB
:10193C00000000000000000000000000000000009B
:10194C00000000000000000000000000000000008B
:10195C00000000000000000000000000000000007B
:10196C00000000000000000000000000000000006B
:10197C00000000000000000000000000000000005B
:10198C00000000000000000000000000000000004B
:10199C00000000000000000000000000000000003B
:1019AC00000000000000000000000000000000002B
:1019BC00000000000000000000000000000000001B
:1019CC00000000000000000000000000000000000B
:1019DC0000000000000000000000000000000000FB
:1019EC0000000000000000000000000000000000EB
:1019FC0000000000000000000000000000000000DB
:101A0C0000000000000000000000000000000000CA
:101A1C0000000000000000000000000000000000BA
:101A2C0000000000000000000000000000000000AA
:101A3C00000000000000000000000000000000009A
:101A4C00000000000000000000000000000000008A
:101A5C00000000000000000000000000000000007A
:101A6C00000000000000000000000000000000006A
:101A7C00000000000000000000000000000000005A
:101A8C00000000000000000000000000000000004A
:101A9C00000000000000000000000000000000003A
:101AAC00000000000000000000000000000000002A
:101ABC00000000000000000000000000000000001A
:101ACC00000000000000000000000000000000000A
:101ADC0000000000000000000000000000000000FA
:101AEC0000000000000000000000000000000000EA
:101AFC0000000000000000000000000000000000DA
:101B0C0000000000000000000000000000000000C9
:101B1C0000000000000000000000000000000000B9
:101B2C0000000000000000000000000000000000A9
:101B3C000000000000000000000000000000000099
:101B4C000000000000000000000000000000000089
:101B5C000000000000000000000000000000000079
:101B6C000000000000000000000000000000000069
:101B7C000000000000000000000000000000000059
:101B8C000000000000000000000000000000000049
:101B9C000000000000000000000000000000000039
:101BAC000000000000000000000000000000000029
:101BBC000000000000000000000000000000000019
:101BCC000000000000000000000000000000000009
:101BDC0000000000000000000000000000000000F9
:101BEC0000000000000000000000000000000000E9
:101BFC0000000000000000000000000000000000D9
:101C0C0000000000000000000000000000000000C8
:101C1C0000000000000000000000000000000000B8
:101C2C0000000000000000000000000000000000A8
:101C3C000000000000000000000000000000000098
:101C4C000000000000000000000000000000000088
:101C5C000000000000000000000000000000000078
:101C6C000000000000000000000000000000000068
:101C7C000000000000000000000000000000000058
:101C8C000000000000000000000000000000000048
:101C9C000000000000000000000000000000000038
:101CAC000000000000000000000000000000000028
:101CBC000000000000000000000000000000000018
:101CCC000000000000000000000000000000000008
:101CDC0000000000000000000000000000000000F8
:101CEC0000000000000000000000000000000000E8
:101CFC0000000000000000000000000000000000D8
:101D0C0000000000000000000000000000000000C7
:101D1C0000000000000000000000000000000000B7
:101D2C0000000000000000000000000000000000A7
:101D3C000000000000000000000000000000000097
:101D4C000000000000000000000000000000000087
:101D5C000000000000000000000000000000000077
:101D6C000000000000000000000000000000000067
:101D7C000000000000000000000000000000000057
:101D8C000000000000000000000000000000000047
:101D9C000000000000000000000000000000000037
:101DAC000000000000000000000000000000000027
:101DBC000000000000000000000000000000000017
:101DCC000000000000000000000000000000000007
:101DDC0000000000000000000000000000000000F7
:101DEC0000000000000000000000000000000000E7
:101DFC0000000000000000000000000000000000D7
:101E0C0000000000000000000000000000000000C6
:101E1C0000000000000000000000000000000000B6
:101E2C0000000000000000000000000000000000A6
:101E3C000000000000000000000000000000000096
:101E4C000000000000000000000000000000000086
:101E5C000000000000000000000000000000000076
:101E6C000000000000000000000000000000000066
:101E7C000000000000000000000000000000000056
:101E8C000000000000000000000000000000000046
:101E9C000000000000000000000000000000000036
:101EAC000000000000000000000000000000000026
:101EBC000000000000000000000000000000000016
:101ECC000000000000000000000000000000000006
:101EDC0000000000000000000000000000000000F6
:101EEC0000000000000000000000000000000000E6
:101EFC0000000000000000000000000000000000D6
:101F0C0000000000000000000000000000000000C5
:101F1C0000000000000000000000000000000000B5
:101F2C0000000000000000000000000000000000A5
:101F3C000000000000000000000000000000000095
:101F4C000000000000000000000000000000000085
:101F5C000000000000000000000000000000000075
:101F6C000000000000000000000000000000000065
:101F7C000000000000000000000000000000000055
:101F8C000000000000000000000000000000000045
:101F9C000000000000000000000000000000000035
:101FAC000000000000000000000000000000000025
:101FBC000000000000000000000000000000000015
:101FCC000000000000000000000000000000000005
:101FDC0000000000000000000000000000000000F5
:101FEC0000000000000000000000000000000000E5
:101FFC0000000000000000000000000000000000D5
:10200C0000000000000000000000000000000000C4
:10201C0000000000000000000000000000000000B4
:10202C0000000000000000000000000000000000A4
:10203C000000000000000000000000000000000094
:10204C000000000000000000000000000000000084
:10205C000000000000000000000000000000000074
:10206C000000000000000000000000000000000064
:10207C000000000000000000000000000000000054
:10208C000000000000000000000000000000000044
:10209C000000000000000000000000000000000034
:1020AC000000000000000000000000000000000024
:1020BC000000000000000000000000000000000014
:1020CC000000000000000000000000000000000004
:1020DC0000000000000000000000000000000000F4
:1020EC0000000000000000000000000000000000E4
:1020FC0000000000000000000000000000000000D4
:10210C0000000000000000000000000000000000C3
:10211C0000000000000000000000000000000000B3
:10212C0000000000000000000000000000000000A3
:10213C000000000000000000000000000000000093
:10214C000000000000000000000000000000000083
:10215C000000000000000000000000000000000073
:10216C000000000000000000000000000000000063
:10217C000000000000000000000000000000000053
:10218C000000000000000000000000000000000043
:10219C000000000000000000000000000000000033
:1021AC000000000000000000000000000000000023
:1021BC000000000000000000000000000000000013
:1021CC000000000000000000000000000000000003
:1021DC0000000000000000000000000000000000F3
:1021EC0000000000000000000000000000000000E3
:1021FC0000000000000000000000000000000000D3
:10220C0000000000000000000000000000000000C2
:10221C0000000000000000000000000000000000B2
:10222C0000000000000000000000000000000000A2
:10223C000000000000000000000000000000000092
:10224C000000000000000000000000000000000082
:10225C000000000000000000000000000000000072
:10226C000000000000000000000000000000000062
:10227C000000000000000000000000000000000052
:10228C000000000000000000000000000000000042
:10229C000000000000000000000000000000000032
:1022AC000000000000000000000000000000000022
:1022BC000000000000000000000000000000000012
:1022CC000000000000000000000000000000000002
:1022DC0000000000000000000000000000000000F2
:1022EC0000000000000000000000000000000000E2
:1022FC0000000000000000000000000000000000D2
:10230C0000000000000000000000000000000000C1
:10231C0000000000000000000000000000000000B1
:10232C0000000000000000000000000000000000A1
:10233C000000000000000000000000000000000091
:10234C000000000000000000000000000000000081
:10235C000000000000000000000000000000000071
:10236C000000000000000000000000000000000061
:10237C000000000000000000000000000000000051
:10238C000000000000000000000000000000000041
:10239C000000000000000000000000000000000031
:1023AC000000000000000000000000000000000021
:1023BC000000000000000000000000000000000011
:1023CC000000000000000000000000000000000001
:1023DC0000000000000000000000000000000000F1
:1023EC0000000000000000000000000000000000E1
:0423FC0000000000DD
:040000056000100087
:00000001FF
